wavelength,contribution
545.0,0.02370034672281644
547.0,0.023695029654483286
548.0,0.023694645423204926
544.0,0.02369439929314089
546.0,0.023694377173513345
549.0,0.023691251325294836
550.0,0.023690303154227207
551.0,0.023685144352061833
543.0,0.023684867594177966
552.0,0.02367558629568058
553.0,0.023670999900638
542.0,0.023668634386548953
554.0,0.023665727915836814
555.0,0.0236623293032652
541.0,0.02365264898629809
538.0,0.023651476369425065
556.0,0.023650100346607243
537.0,0.023644794363706027
540.0,0.023643804864699212
558.0,0.023641000387363956
534.0,0.023640845119564366
539.0,0.023640360921398994
536.0,0.02364001426520234
557.0,0.023639781071708367
535.0,0.023634515965601986
533.0,0.023632709380017537
559.0,0.023632530403044343
560.0,0.023623827548626186
532.0,0.023620023294272773
561.0,0.02361016431159563
531.0,0.02360799130459316
530.0,0.02360513222153115
562.0,0.023604647371517556
528.0,0.023601439077748417
529.0,0.023600729484706703
563.0,0.023598170116100794
527.0,0.023594608771789097
564.0,0.023591365687932
526.0,0.023585278202366892
565.0,0.02358490208321201
524.0,0.023583824395317473
525.0,0.023583079436002526
523.0,0.023576861219181917
566.0,0.02357285018388204
522.0,0.02356914031780367
521.0,0.023567943832093617
567.0,0.023565928700072628
518.0,0.023560674060280982
568.0,0.023560136760261776
520.0,0.023558397465043308
519.0,0.023557672550396314
517.0,0.023550000212449924
569.0,0.023546835622268947
1878.0,0.023545904882246532
1877.0,0.02353982817588175
1879.0,0.023536427069313044
1876.0,0.023529797518883958
570.0,0.023528433345647384
516.0,0.02352582477895592
515.0,0.02352178580342685
571.0,0.023519440781657134
1390.0,0.023508220306359087
1389.0,0.023506868799605285
572.0,0.023506478259568392
1391.0,0.023505719452372575
1875.0,0.02350399220558389
514.0,0.023503682510652685
1562.0,0.023503605292705364
1564.0,0.02350359110203521
1565.0,0.02350341711013056
1563.0,0.02350195205401881
1561.0,0.023500617147696284
1566.0,0.023499447858811244
1560.0,0.023498672101258132
1559.0,0.023497389508314814
573.0,0.023495628267205373
1392.0,0.02349552984242552
1388.0,0.023495314076004633
1880.0,0.023493520371486214
1568.0,0.02349340320761102
1575.0,0.02348975297081397
1557.0,0.02348805853041107
1558.0,0.023487888807067744
1567.0,0.023487766859633864
574.0,0.023487149873667037
1569.0,0.023487087570427893
1576.0,0.0234870133192078
1574.0,0.023486756969399853
1577.0,0.023483682218176923
1874.0,0.02348344410760356
1570.0,0.023483100044271794
1556.0,0.02348181142419655
1573.0,0.02348158620932086
1387.0,0.023480926241501898
513.0,0.02348004086443675
1393.0,0.023479661393697268
1554.0,0.023479381387236403
1578.0,0.02347743336227019
1555.0,0.023476448710722356
1579.0,0.02347605130228404
1572.0,0.02347572171430047
1571.0,0.023475238312361806
1580.0,0.023471599117576177
1553.0,0.023471553556667767
575.0,0.023469307848167337
1581.0,0.02346776466011358
1848.0,0.023463238559037487
1552.0,0.02346281945516044
512.0,0.02346239566244795
1846.0,0.023460719505556393
1582.0,0.02346017248719981
1847.0,0.02346007402037483
1394.0,0.023458464618622447
1583.0,0.023456727172473775
1386.0,0.02345573450211546
1849.0,0.023455128660957527
1584.0,0.023454982736197966
1845.0,0.02345482207481678
1873.0,0.023454628817841352
576.0,0.02345361251331629
1866.0,0.02345219591012107
1867.0,0.02345167085637908
1551.0,0.023451490448240526
1585.0,0.023449981497123008
1868.0,0.023449524878402288
1844.0,0.02344921398087892
511.0,0.023443409825668258
1550.0,0.023442203702269845
577.0,0.023441833225276494
1586.0,0.02344159886002739
1869.0,0.023438735757471973
1843.0,0.023438650270675997
1865.0,0.023438447667499508
1850.0,0.02343812309709565
1881.0,0.023436695642524444
1395.0,0.023436389427182343
1549.0,0.02343515336225887
1587.0,0.02343337004783313
1842.0,0.023432791436078588
1870.0,0.023431974106471777
1548.0,0.023429439850154932
578.0,0.023429287636451857
1864.0,0.023427233712693323
1588.0,0.023425867829712104
1851.0,0.02342502709660713
1547.0,0.023423205541136922
1872.0,0.02342061334616185
1871.0,0.023419301195230724
1385.0,0.02341901223764413
1841.0,0.02341575052613481
510.0,0.02341515700016239
1546.0,0.0234143643890689
1396.0,0.023414235621161072
507.0,0.02341323668625851
579.0,0.023412693987314406
1863.0,0.023411934961347393
1589.0,0.023411039399065095
508.0,0.023410648159564024
1787.0,0.023410277034542917
1785.0,0.023409816596642066
1786.0,0.023408826381473534
509.0,0.023408626948100173
1840.0,0.023405771881551213
1545.0,0.023405769476444068
1590.0,0.023405664195407808
1862.0,0.02340438195248583
1852.0,0.023404280261155867
580.0,0.023403982536564276
1783.0,0.023402992744163284
1784.0,0.023402930874239
1592.0,0.0234026481208575
1544.0,0.02340172383504608
1593.0,0.023401428415816047
1591.0,0.02340047547226623
1543.0,0.02340023805769497
1781.0,0.023400209455820827
581.0,0.02339976809530801
1782.0,0.023398268975403983
506.0,0.023397288188710688
1780.0,0.023395953054809418
1839.0,0.02339592845955479
1788.0,0.023395177387838417
1779.0,0.0233948011904676
1542.0,0.02339466856595873
1594.0,0.023394527379463854
1397.0,0.023390298428593675
1384.0,0.02338913432423717
1777.0,0.023387276752628458
1541.0,0.02338662467111985
1776.0,0.02338614043026567
1861.0,0.023386120250228716
1595.0,0.02338581863761606
1798.0,0.023385550254881555
1778.0,0.02338554006465623
1882.0,0.023385467093308788
582.0,0.02338436824705811
1799.0,0.023384241553886697
1797.0,0.02338328177756458
1838.0,0.023383090286374773
1540.0,0.02338295913592068
1789.0,0.02338108647211515
1539.0,0.023380258178812334
1800.0,0.02337974814839682
505.0,0.023379356006046823
1812.0,0.023379174901488723
1596.0,0.02337745942677686
1775.0,0.02337742361751169
1810.0,0.02337608897540452
1801.0,0.023376027881550826
1853.0,0.023375091221199188
1809.0,0.023374216542687478
1811.0,0.023373081939493775
1836.0,0.02337269656011231
1813.0,0.02337226971995921
1796.0,0.023371858851145157
1538.0,0.02337156238620741
1837.0,0.023371389057991472
1790.0,0.02337101007760624
1774.0,0.023369426477507314
1835.0,0.023369279560821608
1808.0,0.02336803057916768
583.0,0.023367648520740275
1802.0,0.023367222509610278
1597.0,0.02336646171745733
504.0,0.02336586824660181
1834.0,0.023365545456800335
1795.0,0.023365282672886838
1398.0,0.023364808713334604
503.0,0.023364625946608
1791.0,0.023364165290620693
1773.0,0.023363502570887554
1770.0,0.023363164245897305
1793.0,0.023362568432644334
1860.0,0.02336234986315501
1771.0,0.02336171920191391
1772.0,0.023361643911953306
1807.0,0.023361591509122998
1537.0,0.023360833507020305
1833.0,0.023360110990802627
1598.0,0.02336008660893362
584.0,0.023359985335639058
1765.0,0.02335996556960444
1792.0,0.023358999892573416
1803.0,0.023358900392621906
1769.0,0.023358552160806435
1768.0,0.02335834444622114
1767.0,0.023357400852665945
1826.0,0.02335712301332282
1766.0,0.023356333255807018
1794.0,0.023356228753397098
1763.0,0.023355519139023038
1832.0,0.02335532180967953
1825.0,0.023355090138266615
1764.0,0.02335469648513201
1814.0,0.02335460864419299
1599.0,0.02335385380697515
1824.0,0.023350758296665212
1823.0,0.023350582414441615
1762.0,0.02335003139008512
1536.0,0.023349524060454156
1854.0,0.023348179417610092
1383.0,0.02334791374675623
1806.0,0.023346928392902516
1827.0,0.023346522360444044
1830.0,0.023346145787491113
1804.0,0.023345711247969258
502.0,0.023345584271422016
1761.0,0.023344311359046528
1831.0,0.023344125626350708
1535.0,0.02334404188266029
1822.0,0.023343061805333392
1829.0,0.0233423010914437
1815.0,0.02334146323721343
1859.0,0.023341229375495945
1600.0,0.023340854018176656
1828.0,0.023340660186777502
1534.0,0.023339554536848058
1883.0,0.023339416716324432
1805.0,0.023338985867150067
585.0,0.02333821995573697
501.0,0.02333810578413581
1821.0,0.023336448768224414
1816.0,0.023335794267869223
1399.0,0.023334593626033153
500.0,0.02333422799170127
1601.0,0.02333237065266776
1856.0,0.02333108808577233
1760.0,0.023329014691060204
1817.0,0.023327606343417153
499.0,0.02332677223505295
1818.0,0.023326025893001607
1820.0,0.02332562079976749
1855.0,0.023325563134179394
498.0,0.02332434523929682
497.0,0.02332434001659629
586.0,0.023322440134374733
1602.0,0.023322122191584124
1533.0,0.023321236523478697
1858.0,0.0233210916288261
1758.0,0.023320940478078398
1757.0,0.023320899021113006
475.0,0.023320851523863147
1759.0,0.023320148507370745
1532.0,0.023317036993626767
1819.0,0.023316873705619332
1756.0,0.02331642950783327
1857.0,0.02331344619312734
1755.0,0.02331207593529508
1884.0,0.02331188546772926
1603.0,0.02331080386472819
493.0,0.02331065858312565
496.0,0.023308694611377672
494.0,0.023307627060716252
1754.0,0.023305585392492566
1382.0,0.02330478912647757
495.0,0.02330432354508923
1531.0,0.023303349656826833
1753.0,0.023303105045642668
1400.0,0.02330255970656523
492.0,0.023301557542702203
1604.0,0.02330149555559819
587.0,0.02329988935072477
491.0,0.02329736832045666
1752.0,0.02329511978351651
1605.0,0.023294006323664608
488.0,0.023293779434951405
1530.0,0.02329356324630465
474.0,0.023290951350988593
1889.0,0.023290181292304753
476.0,0.023288989901385594
486.0,0.0232871906337266
489.0,0.023287067323681892
1888.0,0.02328661840656249
1751.0,0.02328571362061994
485.0,0.023284317212145068
487.0,0.023283838781584253
1529.0,0.023283759108230277
490.0,0.023282492713305108
1606.0,0.023282306413618652
1887.0,0.02328020578359567
1885.0,0.023278759504909968
588.0,0.023278517763378966
1607.0,0.023278504206253544
1527.0,0.02327530845511566
1528.0,0.023274353803088177
1524.0,0.023272871263925656
1750.0,0.023271310590844932
1401.0,0.023270621264832564
1525.0,0.023270310631831277
484.0,0.023267920855633593
1522.0,0.023267238007166787
2462.0,0.023267155389905054
1749.0,0.023266446809211236
483.0,0.023265718948592792
1523.0,0.023265291352215292
1526.0,0.023264420055551863
1608.0,0.023263801194381966
1609.0,0.02326352902395583
1610.0,0.023263413386200558
1611.0,0.023262739542249704
482.0,0.023262162290786426
1381.0,0.023260733843245635
1521.0,0.023259896245176017
1612.0,0.023259743043338964
1748.0,0.023259575504098948
477.0,0.023254958391162848
1890.0,0.023254346167382207
1886.0,0.023253570028711534
1613.0,0.023252481031464073
1747.0,0.0232492520659762
1614.0,0.02324887772139862
1520.0,0.023248648841718317
1746.0,0.023246941038730647
1615.0,0.023244992454141564
1402.0,0.02324490352460758
1744.0,0.02324433193575451
1745.0,0.023243685944968947
1519.0,0.02323994496593598
481.0,0.023239918229928914
1743.0,0.023238847866048067
1616.0,0.02323752682479567
589.0,0.023237410583641732
1518.0,0.02323374358296423
1742.0,0.023228962995300105
473.0,0.023226390694560534
1617.0,0.02322542949324045
1741.0,0.023223298229002924
1517.0,0.02322202082592975
480.0,0.02322189546201246
478.0,0.023218329651741147
1403.0,0.02321746999152795
1740.0,0.02321730414190858
479.0,0.02321677036791718
1618.0,0.023214038379140656
1619.0,0.02321240469456968
1891.0,0.02320972439098376
1516.0,0.023208288172357875
1739.0,0.02320673821445422
1727.0,0.02320673536268257
1380.0,0.02320578651077117
1726.0,0.023205247526523837
1728.0,0.023199925175182393
1620.0,0.023199779061952037
590.0,0.023198560700865876
1738.0,0.023197595053432087
1725.0,0.023197271581770276
1730.0,0.02319686426019196
1729.0,0.023196595741598706
1737.0,0.023194643836615906
1515.0,0.02319432952939296
1724.0,0.02319352270318699
1621.0,0.023191289360583404
1731.0,0.023191079988367037
1622.0,0.023188421243727966
1514.0,0.023187939204907457
1404.0,0.02318726086700934
1736.0,0.02318490672849225
1735.0,0.023184763222763496
2489.0,0.023184525685008953
1723.0,0.02318418648884288
1734.0,0.0231836704433765
1732.0,0.023182943269617593
1623.0,0.02318285420724349
642.0,0.02317882734973407
591.0,0.023175322732847652
1625.0,0.02317529738392581
1513.0,0.023174924910815287
643.0,0.02317453922842519
1733.0,0.023174491151968724
1722.0,0.023173726690390438
1624.0,0.023172583302740316
1626.0,0.023170103041255365
451.0,0.02316673724157631
1721.0,0.023165258355032768
1627.0,0.02316489166237148
1896.0,0.023164324825049983
592.0,0.023163731856596197
1897.0,0.023163364830833474
1898.0,0.023161752423505867
1405.0,0.023161641113547717
1892.0,0.023161331661411284
1720.0,0.023160743405389966
1512.0,0.02316020601582031
452.0,0.023155652175340345
1895.0,0.0231533408794878
1629.0,0.023152502915677615
453.0,0.02315138723757373
1628.0,0.023150808521161814
641.0,0.023150711041275144
1406.0,0.02314844406655191
1379.0,0.02314835018495417
1630.0,0.023146708080957038
457.0,0.02314649426428112
593.0,0.023146490389345582
644.0,0.0231464837582952
1632.0,0.02314610473651818
1899.0,0.023145931327701177
1894.0,0.023145841762437044
1631.0,0.023145119107022983
460.0,0.023145032788268766
462.0,0.023144762462225042
1719.0,0.023144025165319333
1511.0,0.023143990370372344
461.0,0.02314316196451303
1407.0,0.02314162216577861
463.0,0.02314145768940628
1718.0,0.023140233334939787
1510.0,0.023134862072465602
1633.0,0.02313418307533288
1893.0,0.023131953330526887
1716.0,0.023131675099493196
1717.0,0.02313135797734976
1408.0,0.023130988341975016
466.0,0.023130909068909144
595.0,0.023130702946217382
594.0,0.023130203786772868
456.0,0.023130011296774177
450.0,0.023129520067635495
1634.0,0.023128167608525017
454.0,0.02312802121323779
1499.0,0.023127756785611662
2461.0,0.02312731350767446
1501.0,0.023125250635252833
1509.0,0.02312507877749925
1635.0,0.023124131221973845
1498.0,0.02312396610862928
469.0,0.023123813038238284
2463.0,0.023123307307649065
1502.0,0.023122779284517853
1715.0,0.023122409187101015
465.0,0.02312200196355997
1500.0,0.02312151345028895
398.0,0.023121500626430962
1503.0,0.023120277456773336
397.0,0.023120186062792817
1508.0,0.02311895599521939
1504.0,0.023118850532412298
1497.0,0.023118680331556566
472.0,0.02311846318833569
455.0,0.023116840097340052
1636.0,0.02311529633985143
459.0,0.02311513090414194
1506.0,0.023114164635976573
1505.0,0.023113833711334457
470.0,0.023113717778937386
1507.0,0.02311254947186403
1409.0,0.02311230519250911
2459.0,0.02311197722326407
596.0,0.02311169508146774
468.0,0.023108916981195
1496.0,0.023108312347988564
1714.0,0.02310787812647168
471.0,0.023105368097033056
464.0,0.023104369773961252
597.0,0.02310407497714656
467.0,0.023101905535389787
1637.0,0.02310075395469266
1495.0,0.023098590113275728
458.0,0.023098063087892157
1713.0,0.02309748603768361
598.0,0.02309652986132831
1410.0,0.023096404003911202
1378.0,0.02309421107333387
1494.0,0.023092966731696855
599.0,0.023087118102209498
1493.0,0.023086719354752986
1712.0,0.02308485462184001
1411.0,0.02308470828253109
1638.0,0.023084199928597546
645.0,0.023079735342532826
1711.0,0.023079735169412908
2490.0,0.02307774586466381
640.0,0.023073420937455083
449.0,0.023073091682183054
1412.0,0.023071373897767186
430.0,0.023070688808389205
600.0,0.023070643045591897
1710.0,0.02306981614182739
1492.0,0.023069803241053573
1639.0,0.023064337835290903
429.0,0.023062398106777383
1709.0,0.0230602199365472
443.0,0.02305798336917987
387.0,0.023056800449970924
601.0,0.02305553461185854
1491.0,0.023055365941288368
1640.0,0.023049690967206608
1708.0,0.023046673266341466
1413.0,0.023045836602025565
602.0,0.023045677653803394
1490.0,0.023044099107558315
1707.0,0.023043035462844214
1706.0,0.02303770489575348
1900.0,0.023037231715497927
422.0,0.023037080886446272
448.0,0.023034676323648938
1489.0,0.023031663908078055
1641.0,0.02303053355024049
444.0,0.023029777540979117
603.0,0.02302549232489824
2458.0,0.023025010057269115
1377.0,0.02302456390923486
399.0,0.023023827952606876
431.0,0.023021945176886518
1705.0,0.023020504463773676
1414.0,0.023019706960304465
428.0,0.02301928025558831
1704.0,0.0230169760743946
604.0,0.023016152458201204
396.0,0.023014311108864195
447.0,0.023014128634931307
1488.0,0.02301366152399388
1642.0,0.02301030227595194
1703.0,0.023010096987938104
439.0,0.02301006172211956
445.0,0.023009910587222134
442.0,0.023007431241327377
1487.0,0.02300576603280601
616.0,0.02300533737753425
605.0,0.02300478276892354
438.0,0.023004669691407062
1486.0,0.023004134880552824
617.0,0.023003415359692615
607.0,0.023001958949084786
446.0,0.023001360098708908
618.0,0.023001071825097853
1702.0,0.02299888792041818
1415.0,0.022996594639087566
615.0,0.022995988097225747
1643.0,0.02299583164570749
427.0,0.02299514113932736
606.0,0.022994718333930193
1644.0,0.02299356297822832
609.0,0.022991961334112732
1483.0,0.022990742904813535
1482.0,0.02299074290481353
386.0,0.022989754307132664
1701.0,0.022989717684355006
441.0,0.022989568583730073
610.0,0.022988836999283335
440.0,0.02298718029567164
1484.0,0.022987177641165223
1481.0,0.022986993639200023
437.0,0.022986641053880832
1485.0,0.022985880138030722
1699.0,0.022985479703053244
2488.0,0.02298453141125464
1700.0,0.02298396667560569
608.0,0.02298356047645496
2460.0,0.02298355099011949
614.0,0.02298343276719225
436.0,0.022982867870980618
1645.0,0.022982746366233327
1480.0,0.022982233947358245
612.0,0.022982154053669695
619.0,0.02298133815036143
2441.0,0.02298114173403735
417.0,0.022980686307616932
1698.0,0.02297961399612904
611.0,0.022979185164588176
415.0,0.022977191129501275
1416.0,0.022977005813734908
1646.0,0.022976465581094348
613.0,0.02297644499309533
620.0,0.022975542524898876
414.0,0.022972623886407407
435.0,0.02297213590806182
423.0,0.022967721961179532
1697.0,0.022967721538721834
1479.0,0.022967196047540734
416.0,0.022966612538644435
426.0,0.02296547956609205
1417.0,0.022964756353112615
1696.0,0.022964187473094696
432.0,0.02296389563666817
418.0,0.022963771657576605
1647.0,0.02296292425093463
621.0,0.022962617697096732
1648.0,0.022961587846101854
1418.0,0.022959084236794443
1478.0,0.022958293306458863
434.0,0.022957760933316362
2451.0,0.02295530433938637
1376.0,0.022953047496679382
1419.0,0.02295240159262277
421.0,0.02295206201175985
1695.0,0.022951044584284014
1649.0,0.022950415138723996
646.0,0.022949123475886186
1477.0,0.022947653901274036
622.0,0.02294675240460366
408.0,0.02294550490971899
1475.0,0.02294275630823205
1476.0,0.022942588100835586
1694.0,0.02294123020265042
1420.0,0.022938087832895235
1474.0,0.022936797130077107
425.0,0.02293514397134059
419.0,0.022934775733343446
1693.0,0.0229338041918189
413.0,0.022933451796800636
623.0,0.022933419034345714
433.0,0.02293322210575198
424.0,0.022932580817271845
409.0,0.02293241982930343
1473.0,0.02293231254597175
1421.0,0.022931149432813654
388.0,0.02292956894456231
639.0,0.022929392789924157
1650.0,0.02292849201389261
1472.0,0.022925700392549788
1422.0,0.02292385420635299
1471.0,0.022920162572396492
1423.0,0.022919345766470704
1692.0,0.022918265886628573
1470.0,0.022914921093180177
1651.0,0.022911456777589358
1691.0,0.022904597293259922
1652.0,0.02290355415210263
1425.0,0.02290342101734609
420.0,0.022901377729958566
1424.0,0.022900902521921104
1469.0,0.022899233817540582
2452.0,0.02289570161616861
1427.0,0.022895117035131942
392.0,0.022893141657330356
1468.0,0.02289271433676017
1426.0,0.02289126070651997
412.0,0.02289083555988464
410.0,0.022889737442030225
1690.0,0.02288867048209807
1653.0,0.022888163548736074
1428.0,0.022885421569904807
624.0,0.022881040064394353
1375.0,0.022880207800614498
1686.0,0.022879440835963452
1438.0,0.022878924803010126
1688.0,0.02287890185052479
1689.0,0.02287851435494869
1687.0,0.02287711026297188
1436.0,0.022876692687250014
1654.0,0.02287653614957034
1439.0,0.022876167859710875
1429.0,0.022875791314905837
1430.0,0.022875254002516797
1437.0,0.022873382983226664
379.0,0.022872043955879405
1433.0,0.02287190003835822
1467.0,0.02287139881914022
1434.0,0.022870281447095308
1440.0,0.022869728803911714
1685.0,0.02286945300609556
1435.0,0.022868372144618364
393.0,0.022868356308549526
1655.0,0.022868065636686273
1441.0,0.022866546745205638
638.0,0.022866082353823404
391.0,0.02286451843724362
1432.0,0.02286433020525117
1684.0,0.02286431316771949
1443.0,0.022863718796175218
1442.0,0.022862863585766467
1464.0,0.02286203959230544
411.0,0.022860994376566395
1465.0,0.022860725810325
1431.0,0.022860198181382355
1450.0,0.02285973103168176
1463.0,0.0228590131585313
1452.0,0.022858842444524224
1656.0,0.022857378800643133
1466.0,0.022856768458271216
407.0,0.022856124015971296
1444.0,0.02285611738798945
1460.0,0.022855178202993338
1657.0,0.022854868252480245
1462.0,0.022854148064970308
1451.0,0.02285407791550972
1447.0,0.022854037925759612
1449.0,0.022852820160649816
1683.0,0.02285190410881257
1448.0,0.02285006455730251
1461.0,0.02284963741514556
1445.0,0.022848363801544105
1446.0,0.022848363801544102
1658.0,0.022847555958882507
400.0,0.022845997037972538
1459.0,0.0228456290748397
1659.0,0.0228449519130055
1453.0,0.02284444872600151
1682.0,0.02284393486202973
1457.0,0.022841070758438345
405.0,0.02284088470971128
406.0,0.02283765994418248
395.0,0.022837367232541393
2505.0,0.02283620533038449
1455.0,0.022836022508122146
1456.0,0.022836022508122146
1454.0,0.02283503107251001
1660.0,0.02283486010212214
1458.0,0.022834049492265245
1681.0,0.022832536359824157
2442.0,0.022831722049702144
389.0,0.022831078540770048
1661.0,0.02282782941165014
385.0,0.022826370801201867
2440.0,0.022820462766945406
1680.0,0.022818660400485077
1662.0,0.022816787114305067
2422.0,0.0228135467093623
1679.0,0.02281281851939048
1663.0,0.02281260294654169
2504.0,0.02280789037945822
1664.0,0.022805909308823397
378.0,0.02280103544948809
637.0,0.02280075068326427
1374.0,0.022800238558660948
1677.0,0.022799672689516614
625.0,0.022799300453539204
1678.0,0.022798828713163768
1676.0,0.022796560116200307
1675.0,0.022796312653860847
1665.0,0.02279430205455627
2491.0,0.022790196609962076
1666.0,0.022787992646713606
1674.0,0.022782185924233173
371.0,0.02278157231599288
384.0,0.022780311521134078
1667.0,0.022778436725612403
404.0,0.022777784320520987
1669.0,0.02277607210992164
1672.0,0.022773631309772915
1670.0,0.022773568505309084
1673.0,0.022772819381504543
1668.0,0.022771906922103395
1671.0,0.022767057876024777
394.0,0.022763876414908724
2395.0,0.022759458208048082
403.0,0.022758702011808258
390.0,0.022758217835266388
380.0,0.022748987322127677
2394.0,0.022741785355259735
636.0,0.02273958006611789
359.0,0.022739371205685553
401.0,0.022739305332594394
647.0,0.02273677705429468
402.0,0.022730553721970866
626.0,0.0227191474231162
1373.0,0.02271118581140979
2396.0,0.0227109837981129
2450.0,0.022686966425142854
372.0,0.022680904228283297
2486.0,0.02267929165653742
2443.0,0.022654672226997945
377.0,0.022651225643552143
2453.0,0.022651129345161745
2397.0,0.02264715902900017
627.0,0.022638262868967814
635.0,0.022634631784598604
2411.0,0.022633194956692512
367.0,0.022632026866608784
1372.0,0.022616389985878112
2410.0,0.02261264682972654
370.0,0.02261155794561668
2421.0,0.022608671783166456
366.0,0.022602335384378554
383.0,0.022599949227352235
2487.0,0.022599650129972493
2383.0,0.022598500695116767
364.0,0.02259760328736849
363.0,0.022594921584783528
381.0,0.022588161489142427
2439.0,0.02258246035978406
2382.0,0.022578896090474934
2503.0,0.022574776057028085
2506.0,0.022560148151155028
2393.0,0.02255016661924804
2354.0,0.02254705915846914
628.0,0.02254380683743311
2478.0,0.02253985528788633
2499.0,0.022532799256906225
369.0,0.022531463813562882
634.0,0.02252804098225858
1371.0,0.022521264390326912
2485.0,0.022517887891377496
368.0,0.022515407712637766
2428.0,0.022499856265363646
2464.0,0.02249472327700447
2398.0,0.022492662220984224
360.0,0.022492174287295184
373.0,0.0224878679046821
2384.0,0.022487321001155483
2412.0,0.022486216195466615
2355.0,0.022486211253102358
2429.0,0.022476912529556296
2457.0,0.022463083339678162
362.0,0.022462748879490173
2498.0,0.02245469126453545
2479.0,0.022448593960336938
374.0,0.022441334388130677
361.0,0.022431568733449574
2386.0,0.022431292010273978
365.0,0.022427025945101063
633.0,0.02242692703176966
2444.0,0.022423018120866382
629.0,0.02242281896499214
1370.0,0.022422262779572193
2385.0,0.022416430390897673
375.0,0.02241426253817327
376.0,0.022410755206858094
2361.0,0.02240969226736522
2387.0,0.022401104869817078
2381.0,0.02238590931779158
2474.0,0.02238483629174307
2477.0,0.022380669600630995
382.0,0.02236848652231212
2409.0,0.02236606338620267
2299.0,0.02236250744720979
2353.0,0.022361708731636724
2473.0,0.022358018635334025
358.0,0.02235553921057093
632.0,0.022355205429646096
2403.0,0.02235005643641889
630.0,0.022347438121374887
1369.0,0.02234055668535267
2404.0,0.02233901506123378
2333.0,0.02233458544275973
2445.0,0.022331860858319542
631.0,0.022330407718352527
2413.0,0.022328755026929346
648.0,0.022325396368385916
2298.0,0.022321073835823376
2449.0,0.022313119818952072
2300.0,0.022307932820869424
2448.0,0.022306301792241048
2399.0,0.02230301315078395
2438.0,0.022297698570327918
2360.0,0.02229734249524939
2423.0,0.022289656740448967
2502.0,0.022284851310390538
2454.0,0.022283386192600053
1368.0,0.02227735578479399
2402.0,0.022275971590493406
2388.0,0.02226462829691195
2405.0,0.022257169688542643
2356.0,0.022254935193841686
2400.0,0.022254161751957494
2332.0,0.02225302300569257
2316.0,0.02225131530012258
2392.0,0.02224788554941265
2374.0,0.022244439537177408
2437.0,0.02224293436278888
2433.0,0.02223460976119901
2362.0,0.022228856896520238
2373.0,0.022220703225755267
2369.0,0.022219411661237094
2484.0,0.02221146377161846
1367.0,0.022205740868586166
2507.0,0.02220055083867942
2446.0,0.022197102967386206
2297.0,0.022192056177925957
2375.0,0.02218977103194589
2406.0,0.022178221877864633
2359.0,0.02217633494048115
2497.0,0.02217481440274182
2475.0,0.022171385459304145
2391.0,0.022170852711985732
2358.0,0.022164255155616437
2334.0,0.022162132798476796
2352.0,0.022157792467052507
2401.0,0.022157033210046813
2351.0,0.022156095005500396
2331.0,0.022155442063189756
2414.0,0.02215359156186073
1366.0,0.022145596181388224
2317.0,0.0221454748474667
2480.0,0.022145217826768343
2350.0,0.022144538141167968
2349.0,0.022144532375266035
2348.0,0.022142704303796903
2315.0,0.02213993720302052
2427.0,0.0221371925430138
2368.0,0.022130816723627947
2481.0,0.02212996849776221
2432.0,0.022121769327891876
2389.0,0.022119971836541092
2430.0,0.022114288066038813
2347.0,0.02210879720989196
2390.0,0.02210626197806443
2380.0,0.022104858606541305
2447.0,0.022101267859774242
1365.0,0.0220795730261695
2501.0,0.022078644421332384
2301.0,0.022076438086497906
2407.0,0.022075638466946487
2434.0,0.02207327935663518
2357.0,0.02206322239078649
2492.0,0.022061154038318095
2466.0,0.02205407539255176
2420.0,0.02205232539879496
2472.0,0.022047535627477095
1364.0,0.022028714732004885
2314.0,0.022020616383986034
2436.0,0.02201915106986001
350.0,0.02201560375401689
349.0,0.022014287592469595
2339.0,0.02200803132507249
352.0,0.0220047675218013
2376.0,0.022001579896636203
348.0,0.02199676985220141
351.0,0.02199406838481801
2330.0,0.02199376520686423
2338.0,0.02199226651049115
2372.0,0.021984719744328408
2340.0,0.021982535319266833
2500.0,0.02198039055151792
2408.0,0.0219794413000251
2263.0,0.02197886749887505
1363.0,0.021978546104414503
2370.0,0.02195097853870127
2271.0,0.021950312070952514
2346.0,0.021943805031564984
2467.0,0.021943087813554432
2264.0,0.02193942699387631
2341.0,0.02193119888514347
2416.0,0.021931195849941576
2258.0,0.021927910176259127
353.0,0.021919968458418843
1362.0,0.02191871628729122
2259.0,0.0219158202645008
2296.0,0.021912685690794517
2326.0,0.02190438743688638
2415.0,0.021902196828527697
2482.0,0.02188944681114953
2337.0,0.02188537578238566
2465.0,0.021883726006972515
2335.0,0.021880879341944933
1361.0,0.021878474513932256
2313.0,0.02187134337988671
2342.0,0.021870175219546248
2468.0,0.021867975790175877
2272.0,0.02185223630088886
2325.0,0.02185147458611486
2418.0,0.02184952383516101
649.0,0.021838977771762472
2483.0,0.021836419927036582
2435.0,0.021833040697445044
1360.0,0.0218306390084637
2417.0,0.021824838244404923
2343.0,0.02182248971078734
357.0,0.02182176778507575
2476.0,0.021819954649352373
2431.0,0.021818701374376283
2257.0,0.02181690776506976
2262.0,0.02181372513439143
2327.0,0.021813054106246472
2344.0,0.021802596898963147
864.0,0.021802200960151973
860.0,0.021802199020779293
863.0,0.021798064361936473
355.0,0.021797909503891214
2455.0,0.021795887098365885
2379.0,0.021794125206420947
1359.0,0.021793293929746993
855.0,0.021792616878359157
865.0,0.021789795930018823
854.0,0.021788889052522617
856.0,0.02178800663367103
859.0,0.02178744199141748
866.0,0.021786885929898952
858.0,0.021786416876975002
867.0,0.021786379749911145
861.0,0.02178439052658051
853.0,0.02178409652038404
868.0,0.021782848021005545
2329.0,0.02178264771722668
869.0,0.021782119050735682
875.0,0.021782073439996184
871.0,0.021781518219208693
862.0,0.02178074741456217
857.0,0.021780376879122026
870.0,0.021779035728688254
2324.0,0.021773585720743727
876.0,0.021773535359454144
872.0,0.021772987548789587
874.0,0.021772349288934116
2419.0,0.021772321685109796
852.0,0.021770662120692688
2273.0,0.021767096701478493
873.0,0.02176474268326876
878.0,0.02176206165656648
2282.0,0.021759785650593815
877.0,0.021759593838046362
2302.0,0.02175633891607271
2336.0,0.02175135375820549
1358.0,0.021751161040478157
356.0,0.021750159671942645
879.0,0.02175010837190814
2318.0,0.021749382032718863
2345.0,0.02174867687701446
851.0,0.02174698614390841
2260.0,0.021746332186901973
884.0,0.021746320640786736
880.0,0.02174616602877542
885.0,0.02174547084077311
2425.0,0.02174321442914607
881.0,0.021738837736855823
2283.0,0.021737180043019454
886.0,0.021731908120181477
2426.0,0.021731041398657443
2471.0,0.02172943935955437
2371.0,0.021728665293139396
850.0,0.02172774970142644
882.0,0.021727492069817816
883.0,0.021725153218839457
840.0,0.02172286292773252
841.0,0.021722749090696172
354.0,0.021718665121525402
838.0,0.021718547380812275
1357.0,0.021716978377450204
887.0,0.02171501064120865
839.0,0.02171322444336475
2363.0,0.021711964215691694
2281.0,0.021708498533282987
2367.0,0.02170827584240866
837.0,0.021708142726764548
836.0,0.02170786466883673
888.0,0.021707283822018506
835.0,0.02170655085122927
2265.0,0.021700810075026344
842.0,0.02170051389537885
834.0,0.021700271846650028
889.0,0.02169999583257983
2292.0,0.021697383067666248
2270.0,0.021696385459051108
833.0,0.02169614804223565
849.0,0.021696051793143625
890.0,0.021689984328022865
832.0,0.021688116217258992
1356.0,0.02168525151843398
2256.0,0.02168427494432834
664.0,0.02168223362049615
843.0,0.0216814329910952
848.0,0.02167484581282269
2293.0,0.021674822024665214
831.0,0.021674320745071366
2328.0,0.021670267922552354
665.0,0.02166977890585388
663.0,0.021667435508999806
845.0,0.021666261926614996
891.0,0.021666040738801486
844.0,0.021665886022833914
846.0,0.021664502555195156
847.0,0.021664239594668885
2377.0,0.021661974174482526
2312.0,0.0216613954647509
2323.0,0.02165944878758269
1355.0,0.021655529147023934
662.0,0.02165550681642536
2470.0,0.021654470594868105
2280.0,0.0216536884254261
892.0,0.021650805747756324
830.0,0.02164923481608541
2274.0,0.02164732470078228
666.0,0.021646371539539667
2291.0,0.02164219870347399
2456.0,0.02163831179804097
829.0,0.021635947499401568
2279.0,0.02163456533051948
661.0,0.02163267401973037
2251.0,0.02162905416836017
893.0,0.021628211834807922
2303.0,0.02162528609654355
1354.0,0.02162284896921832
2469.0,0.021613567412720996
667.0,0.021613057767841313
828.0,0.021608759389854213
894.0,0.021604432585518113
2424.0,0.02160385128208425
2310.0,0.021601522029509525
2261.0,0.021599320418059904
660.0,0.021596811516574794
2311.0,0.021596781551935507
2228.0,0.02159515538070362
896.0,0.021592119411133814
2496.0,0.021589578207149976
2239.0,0.021589183895972284
2227.0,0.021587969833391916
2294.0,0.021587480331653107
2230.0,0.02158622241826523
2278.0,0.02158261902264217
2226.0,0.021582163779259467
895.0,0.021579151699877827
827.0,0.021577840387950045
2229.0,0.021576180732673925
669.0,0.02157548827982936
1353.0,0.02157303557612899
668.0,0.021572675330457775
2231.0,0.021566502335203595
670.0,0.021561604241260135
2225.0,0.021561193123593683
826.0,0.021559701542433574
2252.0,0.021557389026273785
2290.0,0.02155577818249546
2275.0,0.021551158040089523
897.0,0.021550981966460214
2213.0,0.02154912382465488
2277.0,0.021548298941067925
2199.0,0.02154749959190976
671.0,0.02154659200700574
2212.0,0.02154382671109347
2238.0,0.021542582413047313
2255.0,0.02154252592721513
898.0,0.021541339495760748
672.0,0.021537368005312783
2224.0,0.0215368148348627
2309.0,0.021536488834427072
2211.0,0.021533254378553548
2295.0,0.0215319609872231
2284.0,0.02153069087164842
899.0,0.021528911937187152
2214.0,0.021527772717057757
825.0,0.02152461417731211
2200.0,0.02152362294743008
1352.0,0.021516621011002914
824.0,0.021511345912572314
659.0,0.021511316290291703
2322.0,0.02150671122277864
823.0,0.021495895600195863
900.0,0.021494416823799527
2276.0,0.021493892330237265
673.0,0.021493776475804142
2210.0,0.021490483359410412
2304.0,0.021488951537665727
822.0,0.021487931079754777
821.0,0.02148690913235685
820.0,0.02147761731755718
1351.0,0.021477226752214567
2232.0,0.02147178578894536
2215.0,0.021466288261978453
901.0,0.021456714950847208
2266.0,0.02145575837033197
819.0,0.021452691693200975
674.0,0.02145227025729536
2250.0,0.02144966916921172
2201.0,0.02144081274276876
675.0,0.021436619644438548
2237.0,0.021434132935291544
2223.0,0.021426486146845815
902.0,0.021422556319893475
2305.0,0.021422475134249074
1350.0,0.021417269420405113
2308.0,0.021416294302728903
818.0,0.021415633345454054
676.0,0.02141227644328076
347.0,0.021410116968165444
903.0,0.021406808072014935
2216.0,0.021403695350624845
2209.0,0.021400324574390134
2192.0,0.021392799053056404
2253.0,0.021392256711887863
2321.0,0.0213885643987058
904.0,0.021385818686261347
677.0,0.02138010970348938
2254.0,0.021379012288188705
817.0,0.021378046871859544
1349.0,0.021372841923966112
2320.0,0.02137274850361737
678.0,0.021372189265314725
2306.0,0.02136921084080334
658.0,0.021369007597988387
679.0,0.021368578564071077
2236.0,0.021367670229847608
680.0,0.021363150994440437
905.0,0.02136063962908648
2246.0,0.021358491515614753
2191.0,0.02135454886366599
2378.0,0.02135336378275733
681.0,0.021349549127446982
816.0,0.021346905425738125
2217.0,0.021343806990249695
682.0,0.02133703860277179
2495.0,0.02133647733022822
2319.0,0.02133390073587967
2233.0,0.02133292278036978
2193.0,0.02133268564486814
2245.0,0.0213315238438629
906.0,0.021331276737751738
2365.0,0.02131895681952735
683.0,0.02131647170619861
2218.0,0.021311285012690778
2222.0,0.021310001632587512
815.0,0.021306474011533072
2198.0,0.02130243824944015
650.0,0.021302377558607085
1348.0,0.02130114353634928
907.0,0.02130111659791869
2247.0,0.021296699913809062
2289.0,0.021292937655450053
908.0,0.021290347774561725
2202.0,0.02128706657180624
2235.0,0.0212864914626377
2366.0,0.021285235492762938
2240.0,0.021280222176029463
909.0,0.02127799902468609
2285.0,0.02127629263292437
2244.0,0.02127470277244397
2221.0,0.021273764764379702
812.0,0.02127189516831862
2220.0,0.0212705771033426
2219.0,0.02126521587021201
2364.0,0.02126502235559402
813.0,0.02126458232905234
814.0,0.021264509928018368
684.0,0.02125922150594273
811.0,0.02125863145361032
2307.0,0.021254687456706087
910.0,0.02125457748682079
1347.0,0.02125170100283704
2194.0,0.021249175367390197
2269.0,0.021248999593152223
810.0,0.021247363717437975
2248.0,0.02123302724063947
2267.0,0.0212249452039282
2249.0,0.021223147670100483
809.0,0.021219208036038467
685.0,0.021219094821644174
2187.0,0.021214428359124
911.0,0.02120760592448441
2190.0,0.021201517604667472
808.0,0.021197916301835207
1346.0,0.021191711240079906
912.0,0.021187514787161
686.0,0.021184092069375875
2234.0,0.021183498268634117
688.0,0.02118135655383226
807.0,0.02117800258698138
687.0,0.02116335772198873
689.0,0.021155645139104843
2195.0,0.021150240901280957
2172.0,0.02114893998753572
806.0,0.021147763130526694
2171.0,0.021141299624313836
2208.0,0.021137929577447735
2186.0,0.02113035725655938
2188.0,0.021128073367462002
1345.0,0.02112785511063102
913.0,0.021123554129396246
690.0,0.021121608274228126
2120.0,0.021121259311636182
2243.0,0.021120904891197757
2164.0,0.02111892630651475
657.0,0.021115108473152552
805.0,0.021114013668137654
1901.0,0.02110991660889252
2286.0,0.021107597436954312
2121.0,0.021104163081555858
914.0,0.021104041917044507
692.0,0.02109955128264924
691.0,0.02109567109304256
693.0,0.02108580180637859
2163.0,0.021082250394537833
804.0,0.02108134899032204
2177.0,0.021076485224972265
2173.0,0.02107568201426074
915.0,0.02107380868341453
2176.0,0.02107004425890969
1344.0,0.021066624698775824
2197.0,0.021059273760669125
2189.0,0.021058697586776594
803.0,0.021052499598252544
694.0,0.021040232402963134
802.0,0.021035934051460738
2196.0,0.021035047310623407
2175.0,0.021034321061209206
2288.0,0.021032141822769634
2119.0,0.021031174162018173
916.0,0.02102808382392379
2157.0,0.02102572022971581
801.0,0.021025217843480916
2162.0,0.021022497235362574
2178.0,0.021022129792201902
2165.0,0.021020397481013336
2158.0,0.021014415593692184
2170.0,0.021012401213794975
2159.0,0.021009265670709973
1343.0,0.021006467567706955
2156.0,0.02100437570142185
800.0,0.021000730567104792
2160.0,0.02099812138916541
2287.0,0.020997263056491786
917.0,0.020994057445591442
2179.0,0.020986820034436342
2174.0,0.020980940423422714
799.0,0.020977583119445156
695.0,0.020977268752784627
2161.0,0.02097651984873726
796.0,0.02097519821194249
2122.0,0.02097223752592889
795.0,0.0209653139823316
798.0,0.020963397628434577
797.0,0.020961812172056563
2118.0,0.02095711600086375
2203.0,0.020957039884437343
2493.0,0.020949186994109775
2268.0,0.020944879750073052
1342.0,0.020942093148628795
696.0,0.020940598727800838
2185.0,0.020936271371652156
791.0,0.020931992949750993
794.0,0.02092786543314889
2166.0,0.020924593427940858
918.0,0.020923917049125728
2242.0,0.02091780297406684
792.0,0.020911611530674674
697.0,0.020907425140508015
793.0,0.020906196241495038
752.0,0.02089838344883021
2241.0,0.020885562678119553
753.0,0.02088418266687602
2168.0,0.020880413819894545
1341.0,0.02087948034724265
2155.0,0.020874375623750562
751.0,0.020872879490567226
2169.0,0.020869328539049135
346.0,0.02086721996503095
698.0,0.02086601082138518
2167.0,0.020863645104280615
919.0,0.020860003260097834
2117.0,0.02085970737208577
754.0,0.020854864447385296
790.0,0.020849574825836634
2180.0,0.020848774664219607
2123.0,0.020847955949130838
1340.0,0.02082540401733617
730.0,0.020821735572253808
699.0,0.020820678245125082
2207.0,0.02081843114563224
731.0,0.020814939432532972
920.0,0.02080884752648575
729.0,0.02080492106534487
750.0,0.020803015490565128
755.0,0.020799124716919228
732.0,0.02079887809803802
728.0,0.0207928663676691
723.0,0.020789013814109525
724.0,0.020786185813822227
722.0,0.020785770405855945
735.0,0.020782698127777707
721.0,0.020778537680575505
733.0,0.02077737830681465
727.0,0.020773992592285195
700.0,0.02077224202199754
1339.0,0.020772013488100642
734.0,0.020771724910640145
725.0,0.02076640886180052
2184.0,0.02076102418953289
726.0,0.020757501336268514
2131.0,0.020754964576148758
736.0,0.02075435173599209
720.0,0.020752845089384197
2154.0,0.020750682232188983
921.0,0.020749068340754843
2132.0,0.020747253756920127
656.0,0.020745631105087477
756.0,0.02074377260485357
2133.0,0.020741123142156734
701.0,0.02073881530634688
704.0,0.020734411019176148
707.0,0.02073362774099407
706.0,0.020730453764594634
710.0,0.020728030592976752
705.0,0.020727720772880286
737.0,0.02072453991296235
702.0,0.0207227035208191
738.0,0.02072106788535878
709.0,0.020720017770651425
711.0,0.020718622282358413
708.0,0.020717818107852806
749.0,0.02071670696869359
703.0,0.020712805680791622
719.0,0.02071055667530343
2149.0,0.020709795801666552
2143.0,0.0207086000231583
739.0,0.020706674963685445
2144.0,0.02070402582763213
2183.0,0.020703175583393244
712.0,0.02070186085355057
718.0,0.020700964613235007
1338.0,0.020700187217069208
2116.0,0.02070006635427347
713.0,0.020699822516607735
716.0,0.020699189251201705
714.0,0.02069888247703225
717.0,0.020698848780950282
757.0,0.020697845108016612
651.0,0.020696699883458434
2124.0,0.02069372138532482
715.0,0.020690398973707884
789.0,0.02069033621710147
740.0,0.020686413377953374
2181.0,0.020681220800772202
922.0,0.020680605220885617
2134.0,0.020675684331171906
741.0,0.020674575291000637
2153.0,0.020670684514159748
742.0,0.020668193342207836
2148.0,0.020665702110616954
2206.0,0.020652383641213738
2150.0,0.02065221254646657
758.0,0.02064902450434668
2142.0,0.020647434295265277
743.0,0.020638499170791455
748.0,0.02063842270427404
1337.0,0.020637668552951096
2082.0,0.020630958438703686
2205.0,0.020629074738438596
2130.0,0.020624702376379676
2083.0,0.020621585593248205
923.0,0.02061913176394904
2494.0,0.020608012666530322
2152.0,0.020607910664499074
759.0,0.020606514751880876
2097.0,0.02060519457022504
2081.0,0.020603782295834074
2182.0,0.0206017003133479
744.0,0.020601242627558792
2141.0,0.02059611240200465
2135.0,0.020594874803685846
2145.0,0.020594158095575542
747.0,0.02058942093963952
2204.0,0.020581323853663853
2115.0,0.020576705277487502
2151.0,0.02057304519405862
746.0,0.020570876843410683
2084.0,0.020566216508186318
745.0,0.020565761545514302
2080.0,0.020564334167549422
2096.0,0.020563312125837434
760.0,0.02056234113136907
2147.0,0.0205583912237563
1336.0,0.02055607686737188
924.0,0.020548127150473987
761.0,0.0205295113069426
2095.0,0.02052817595449809
2125.0,0.020526584637560425
788.0,0.02052490414796051
2079.0,0.02051968903451332
2098.0,0.020513065647401157
2085.0,0.020511811542804913
2140.0,0.020509042753020523
1335.0,0.020496829490814467
762.0,0.020494874435058888
2114.0,0.02048685916574675
2136.0,0.020483251456239103
2005.0,0.020483212106803064
779.0,0.020480440734629977
2129.0,0.02047918270405165
780.0,0.020477382096043318
765.0,0.020475713504203075
2110.0,0.020473802013517277
763.0,0.020473138937930114
778.0,0.02047228165641213
2111.0,0.02047180474885337
766.0,0.020471147160433877
2094.0,0.020470939905334
2078.0,0.020469975498790798
764.0,0.020468398046437818
777.0,0.02046795011071603
925.0,0.02046160463556753
767.0,0.020460941668380722
2146.0,0.02045986400634419
781.0,0.020458622481191173
776.0,0.02045727539934366
784.0,0.02043924019527647
783.0,0.020435639069033847
2093.0,0.020435610441298786
768.0,0.020431667091651045
785.0,0.02043024072986925
2126.0,0.02042777852674892
1334.0,0.020426747680271036
2086.0,0.020425211000427164
2137.0,0.020417738420341197
769.0,0.020415890659526956
787.0,0.020415612466679854
786.0,0.020413337323687306
782.0,0.02041266137691571
775.0,0.020411691048028764
2077.0,0.02041093463018756
2058.0,0.020410834559509164
770.0,0.020405254158085875
2056.0,0.020403620765450683
2057.0,0.02040260156198819
2099.0,0.02040039408272796
2113.0,0.020400112652099518
2006.0,0.020398237115846596
2112.0,0.020398030590551466
2089.0,0.02039722316037733
2139.0,0.020396385653492263
2102.0,0.020396161491648836
771.0,0.0203958554975016
2091.0,0.020394072117174842
772.0,0.020392508544859723
2090.0,0.02039170009012711
2127.0,0.02039034759368821
774.0,0.020388865373468512
773.0,0.02038847799645504
2088.0,0.020379790231156717
2128.0,0.020379514989202523
2109.0,0.02037535023232775
2092.0,0.020374293309386247
926.0,0.020373480371788
2103.0,0.020371770324809725
1333.0,0.020366440457733885
2059.0,0.020364294468296254
2101.0,0.020361865458306785
2087.0,0.020361241536394206
2138.0,0.02035398384495711
2047.0,0.020344095520112005
2007.0,0.020336631071431466
2046.0,0.020336097505177377
655.0,0.02033100036447972
2055.0,0.020330582002686393
2076.0,0.020323079772666765
2038.0,0.02032131054219444
2060.0,0.02031857674931808
2037.0,0.02031626021771796
2004.0,0.020316086912603403
2048.0,0.02031562172319045
2039.0,0.020314964052912925
2100.0,0.020314008428086592
2045.0,0.020311671853561575
2063.0,0.020304114177372882
2062.0,0.0203022372166613
1332.0,0.020302066588793428
2061.0,0.020292334548550634
927.0,0.02027339231672559
2040.0,0.020270985082757816
2104.0,0.02026894262750803
2071.0,0.020268892056113843
2108.0,0.020257291050310093
2008.0,0.020247183270107032
1331.0,0.02024322322456991
2049.0,0.020230840955300252
2054.0,0.02022954226097133
2070.0,0.020228034764249246
1993.0,0.020225815414632656
2064.0,0.020224655821815523
1994.0,0.020223685014992897
2044.0,0.02022203986624859
2106.0,0.02021569136530582
2075.0,0.020213554141040757
2107.0,0.020212228221608664
1995.0,0.02020966131260041
2072.0,0.020208310703942422
2105.0,0.0201989845906408
2027.0,0.02019817411519585
2026.0,0.020191883025650045
2041.0,0.020191879265185658
1992.0,0.0201902678876916
2069.0,0.020186997903697712
1330.0,0.02017799189668015
928.0,0.02017094069908412
2003.0,0.020168124063734947
1967.0,0.02016003631568558
1996.0,0.020157557817724887
2028.0,0.020153177324441402
2009.0,0.020151843734394582
2036.0,0.02014092314810531
2068.0,0.02013533556632854
2043.0,0.02013355153206774
2050.0,0.020130425608375416
1329.0,0.02012653322846894
2020.0,0.020124888988460682
2013.0,0.02011927109283258
2021.0,0.02011799677218955
2014.0,0.020115629841953767
2073.0,0.020114471100162203
2065.0,0.020112475992206637
1997.0,0.020111929930897294
2019.0,0.020111007850299074
2018.0,0.02010713866551829
2017.0,0.020106025767772123
2053.0,0.020105934853290593
2051.0,0.020104522251658208
2015.0,0.0200946678469995
2016.0,0.020092164478069763
2025.0,0.020091586787403325
2042.0,0.020090600235530498
2029.0,0.020080627202688245
2052.0,0.02007937731802851
1966.0,0.02007798832031665
929.0,0.020070087890030505
2074.0,0.020069899022631062
2012.0,0.020066351223212653
2067.0,0.020065152043664842
1991.0,0.020062602688292783
1328.0,0.02006107733897223
1968.0,0.020057441864036005
2022.0,0.020055780214645057
652.0,0.020054919450633556
1944.0,0.02004497148595467
1924.0,0.02004330154730565
1935.0,0.020041800363883592
1943.0,0.020037097077767477
1945.0,0.020030350181854353
1934.0,0.020027706067477526
1925.0,0.02002690037042621
2010.0,0.020026865801154547
1926.0,0.02002075981070035
1936.0,0.020016772787362136
2011.0,0.020012070398607997
2002.0,0.020006371538113587
2066.0,0.02000591826394283
1923.0,0.02000416564111025
1942.0,0.02000179347552089
1998.0,0.019998932099916805
1933.0,0.019997718133546765
1327.0,0.01999671901257147
1965.0,0.019985184158877668
1983.0,0.019984137746517635
2023.0,0.019983745736120526
930.0,0.01998332314803785
1946.0,0.019982557118640182
1982.0,0.019971305359683292
2024.0,0.019970802850740647
1937.0,0.019963704958709243
1927.0,0.019963052905381605
1941.0,0.019961575896337673
1984.0,0.019959376067135035
1932.0,0.019955860617087463
1981.0,0.019955848296239063
2030.0,0.019947761397744138
2035.0,0.019944778653766322
1938.0,0.01993508290357411
1940.0,0.019928029627154575
1939.0,0.01992732138083178
2001.0,0.019927272228681268
1326.0,0.019921906915447055
1964.0,0.019918636621759106
1969.0,0.0199022947658855
654.0,0.019895592523833487
1980.0,0.019895142241124344
1922.0,0.019885255974618835
931.0,0.019884960444569298
1931.0,0.019881256641722654
1975.0,0.01987842228647833
1976.0,0.01987042046758676
1999.0,0.01986589012372977
1928.0,0.019859029953718008
1963.0,0.0198553461562104
1990.0,0.019848937636342535
1325.0,0.019848171556904274
1974.0,0.019831414768455267
1962.0,0.01982973896493136
1979.0,0.019819678740226318
1961.0,0.01981628575921982
1957.0,0.019815007634542962
1977.0,0.019813200414840162
1956.0,0.01981270080592463
2000.0,0.019811264117531445
1958.0,0.019810102514903786
1930.0,0.01980130539809615
1985.0,0.019801301824662308
1918.0,0.019794815370992234
1919.0,0.01979227005781879
1921.0,0.01978737809957956
1955.0,0.019785848318677003
1920.0,0.019785278027290007
2034.0,0.01978183553211262
1960.0,0.019780955946537362
2031.0,0.019780549915788155
1973.0,0.019779053707712504
1959.0,0.019775060265737183
1324.0,0.019771657223970854
1971.0,0.019770864601475528
1917.0,0.019764804871450613
1954.0,0.01975809112969678
1972.0,0.019752220146633206
1929.0,0.01975219054577295
1970.0,0.019749777822288563
1978.0,0.019746960582333994
2033.0,0.01974416787502509
1947.0,0.019741373497071682
932.0,0.019717632903685504
1065.0,0.019717285748193314
1064.0,0.019716338339704344
1066.0,0.01971354452137155
1063.0,0.019712753950990765
1067.0,0.019708690784289138
1062.0,0.019707433057403342
1323.0,0.019707174439518093
1916.0,0.019706267150834924
1068.0,0.019704196385958887
1061.0,0.01970120926236723
1069.0,0.019695833458113408
1060.0,0.019695051503108005
2032.0,0.01969380430998268
1070.0,0.019688043031307407
1059.0,0.019683941493567086
1071.0,0.01968338366928113
1986.0,0.01967920517209598
1058.0,0.019674996174857563
1072.0,0.01967358529962212
653.0,0.01966078728543557
1073.0,0.01965992009534894
1057.0,0.019658119062585994
1987.0,0.01965801787617623
1056.0,0.01965322266162358
1915.0,0.01964418963363647
1074.0,0.019643274860028405
1055.0,0.01963819292398839
1054.0,0.019632680766979976
1322.0,0.019631970421361184
1953.0,0.019629991309485787
933.0,0.019628215838004018
1075.0,0.019627553799099966
1988.0,0.01962684929742342
1989.0,0.019626814781091968
1053.0,0.01962089593842878
1076.0,0.019614189454196046
1052.0,0.019606087588261868
1077.0,0.019599353988923866
1051.0,0.019597701792696133
1078.0,0.019576946528479782
1050.0,0.019576543815210474
1049.0,0.01956657976898394
1079.0,0.019556312889012866
1321.0,0.019555690295074535
1048.0,0.0195413125395687
1080.0,0.01953739099543314
1914.0,0.019535884680698844
1047.0,0.019522825955962414
1081.0,0.019521769317086716
1948.0,0.019514179848890752
1082.0,0.019504228406768884
1046.0,0.019501732569286043
934.0,0.019499210525798203
1320.0,0.019491046270366595
1083.0,0.019488115784480894
1045.0,0.019483008759072183
1044.0,0.019461649622152428
1084.0,0.01946110384807241
1952.0,0.019451193764997092
935.0,0.019448210087845877
1085.0,0.019444490012287423
1043.0,0.01943818245484337
1913.0,0.019437880112541505
1319.0,0.019427367350878372
1086.0,0.019426748026893984
1949.0,0.019416384198783512
1042.0,0.01941512743306311
1087.0,0.019405409966984446
1908.0,0.0194027306830956
1041.0,0.019396228874139113
1088.0,0.019383771891285297
1912.0,0.01937916500009936
1040.0,0.0193761786744399
1950.0,0.019365612436029432
1318.0,0.019361346892425524
1089.0,0.01935815610295112
1039.0,0.019356010754988138
1911.0,0.019354145988461843
1907.0,0.019349165836215217
1909.0,0.01934201779779211
1038.0,0.019339474198724737
1090.0,0.019323152557117654
1037.0,0.019322769617778374
1036.0,0.019310639565275636
1317.0,0.019305548132693844
1035.0,0.01930152726771965
936.0,0.01929697837798014
1951.0,0.019295956428051705
1091.0,0.019289411499743832
1034.0,0.019288020570372225
1910.0,0.019287519601764086
1033.0,0.019277886852378086
1032.0,0.019265286036950772
1092.0,0.01926329837357673
1031.0,0.0192545307021634
1316.0,0.019243437529748757
1030.0,0.019236948715392076
1093.0,0.019225821774253374
1029.0,0.019220408261634174
1028.0,0.019203146551771712
1094.0,0.01919602262384922
1315.0,0.019187250616101343
1027.0,0.019181111625873055
1095.0,0.019171181035800584
1026.0,0.019160885014079376
937.0,0.019156319607135822
1025.0,0.01914215674558838
1096.0,0.019139843573784482
1314.0,0.019137513226743164
1024.0,0.019125586182040417
1097.0,0.019117183857309605
1023.0,0.01910809588492669
1098.0,0.01908748647471846
1313.0,0.01908160296582883
1022.0,0.01908127471029999
938.0,0.019072720425652237
1099.0,0.019066138635969447
1021.0,0.01906459260432717
1020.0,0.01904534909357349
1100.0,0.01904122468725006
1312.0,0.019029326355286393
1019.0,0.01902766269849754
1101.0,0.019015254181540348
1018.0,0.019003822306373236
1102.0,0.01899328247893141
1017.0,0.018984297577325306
1311.0,0.018972576579858718
1016.0,0.01897213135270159
1103.0,0.018962531254459965
1015.0,0.018960612471889564
939.0,0.018953990050664296
1014.0,0.018943172421816975
1906.0,0.018941508891545483
1104.0,0.018940845798496614
1013.0,0.018937100965561737
1310.0,0.01893241852367934
1012.0,0.018925646428582216
1105.0,0.018913227509027252
1011.0,0.01890562607123455
1010.0,0.018896033271035874
1309.0,0.018885134592602028
1106.0,0.018879844064281427
1009.0,0.018878620225980653
1008.0,0.01886330024009533
1007.0,0.01884812738022264
1107.0,0.018848017605590336
1001.0,0.018835585104805787
1006.0,0.01883402729767134
1308.0,0.01883385658992914
1002.0,0.018833554011647602
1004.0,0.0188244617628449
1003.0,0.01882392665808894
1108.0,0.01882330438937545
1005.0,0.01882299851760982
1000.0,0.018809450067986885
1109.0,0.018792879150283225
1186.0,0.01878224155664547
1187.0,0.01878182864399855
1307.0,0.018779706594838578
999.0,0.01877922198442406
1188.0,0.018778606166541676
1190.0,0.018771068965816127
940.0,0.018769540113365974
1189.0,0.018769021528730452
1197.0,0.018768943629533102
1196.0,0.01876768631626518
1191.0,0.018767549727954826
1198.0,0.01876738165394252
1193.0,0.018767032478765162
1185.0,0.018766696370247554
1199.0,0.018763486444356655
1192.0,0.018763478601349193
1200.0,0.0187605718699502
1183.0,0.01876028550424112
1194.0,0.01875993685609663
1195.0,0.018759062832000864
1184.0,0.018759031343463572
1110.0,0.018755437192111937
998.0,0.018754127451953834
1182.0,0.018752633872611946
1201.0,0.018752190132863035
1181.0,0.01874889918085761
1202.0,0.018739954071260594
1306.0,0.018735525384044355
1180.0,0.018735081739380172
1203.0,0.01873227563866184
1179.0,0.0187304183347821
997.0,0.01872590555314107
1178.0,0.018723476687385422
1111.0,0.01872233605536871
1204.0,0.018721017456273806
1177.0,0.0187163583347703
1206.0,0.01871245042702434
1205.0,0.018712375922120883
1207.0,0.018704714374416943
1208.0,0.018703550764788197
1176.0,0.018703249757316243
1175.0,0.018701948964244798
1174.0,0.01869990221583098
1210.0,0.018696812221874047
1305.0,0.018696198952964642
941.0,0.018695490214940068
1112.0,0.018691052287169725
1209.0,0.018689403524206286
1172.0,0.018686403444082015
1173.0,0.018685551358867767
1211.0,0.01868182263400293
996.0,0.018677199930431484
1171.0,0.0186743141874226
1113.0,0.018660114191794204
1212.0,0.018656723181722044
1170.0,0.01865191946547735
1304.0,0.018639762473514593
1213.0,0.018636516903499812
1169.0,0.0186357313980676
995.0,0.018632112712100368
1114.0,0.018630762209491152
1214.0,0.018626431131889408
1168.0,0.018611141352850642
1303.0,0.018607049181740106
1115.0,0.018602754021362442
1215.0,0.01859770398986359
1167.0,0.018587638275554545
942.0,0.018586234422472953
994.0,0.0185842578278451
1216.0,0.01858241217598583
1166.0,0.01858165693253138
1116.0,0.01857437861762772
1302.0,0.018572983254615722
1217.0,0.01856389040749813
1165.0,0.018557875001989337
1164.0,0.018541553203283077
1301.0,0.01854070768002112
1117.0,0.018539267286625284
993.0,0.018537612791354206
1218.0,0.018531168746776162
1219.0,0.01852407906555649
1163.0,0.01852243420350527
1220.0,0.018515007813564088
1221.0,0.018511857243836458
1300.0,0.018510862565394894
1162.0,0.018510777754369087
1118.0,0.01850718374130546
1161.0,0.018503280812916235
1222.0,0.018497866163041134
1160.0,0.01848550702548713
1299.0,0.01847932663204045
1223.0,0.018479219449948067
1119.0,0.01847399576795218
992.0,0.018467921845494933
1224.0,0.018467280125111406
1159.0,0.01846551673547416
1298.0,0.01845960214865036
1225.0,0.01845256409401472
1905.0,0.018447023827582208
943.0,0.018441753246868912
1120.0,0.018440681091089834
1226.0,0.018435090652747982
1297.0,0.0184284140816606
1158.0,0.018427413342593266
1227.0,0.01841903147621236
991.0,0.018407310309854173
1296.0,0.018407043366858448
1228.0,0.01840562967239044
1157.0,0.018402163031952093
1229.0,0.0183969652110307
1121.0,0.01839582277497221
1295.0,0.018383417044910276
1230.0,0.018378810553062386
1156.0,0.01837481163545788
1231.0,0.01836387488281421
1294.0,0.01835816924980592
1122.0,0.018351419712249392
1232.0,0.018348386417548827
1233.0,0.018345509052137294
1293.0,0.01834166605015441
1155.0,0.018339757579518293
990.0,0.018336767143740426
1234.0,0.018330050798290094
1292.0,0.01831511424472998
1154.0,0.018310240473438957
1123.0,0.01830960770625148
1235.0,0.018305921206820754
1236.0,0.018297632672087574
1291.0,0.018295376094824158
944.0,0.01828855381474313
1153.0,0.018281923377568024
1237.0,0.018270972157716652
989.0,0.01826927637187831
1290.0,0.018268381857516062
1124.0,0.018265756595426574
1238.0,0.018263996128940984
1152.0,0.018255360877141857
1289.0,0.01825357310873569
1239.0,0.01825044929499265
1240.0,0.01824058945582522
1288.0,0.018231844378272064
1904.0,0.018230503554783523
1287.0,0.018223606414831457
1241.0,0.018223577021401042
1242.0,0.018223360023581714
1903.0,0.018221701224200065
1151.0,0.018215834414833907
1125.0,0.018214630609133
1902.0,0.018212457767143905
1243.0,0.018209991439167194
1244.0,0.018207361409900286
988.0,0.018202864257661204
945.0,0.018198135910759538
1286.0,0.018198034522011807
1245.0,0.01818782627624195
1285.0,0.01818576038522915
1246.0,0.018181826426996905
1283.0,0.018178329000914237
1284.0,0.018175442352283702
1282.0,0.018173887266961716
1126.0,0.01817160779354496
1247.0,0.018167089692869932
1281.0,0.018166502351510107
1248.0,0.018163974335728094
1150.0,0.01816049053009673
1279.0,0.018157226601798235
1280.0,0.01815471343062688
1249.0,0.018149245096005146
1277.0,0.018141194578166195
1278.0,0.01813869402655513
1276.0,0.018135826199475354
1250.0,0.018134928952367766
987.0,0.018129362477647615
1251.0,0.018126592232548727
1252.0,0.01812484904857432
1149.0,0.0181232757415981
1127.0,0.01811860386423912
1275.0,0.018108913551187815
946.0,0.01810881039587477
1253.0,0.018105097203360683
1254.0,0.018100860669902217
1274.0,0.01809949149099464
1255.0,0.01808758928873
1269.0,0.01808206087919978
1270.0,0.01808055900424466
1271.0,0.018078897464707616
1148.0,0.018077284712261634
1267.0,0.018076650798145605
1273.0,0.018076385153621376
1268.0,0.01807569222211806
1256.0,0.0180747411008882
1272.0,0.018072046212960807
1128.0,0.01807155339561205
1265.0,0.018068983483230047
1266.0,0.01806805752994065
1257.0,0.01806579307904759
1264.0,0.018063067364135328
986.0,0.018057560722374088
1263.0,0.018055916571447745
1258.0,0.01805576712004115
1262.0,0.01805390812753636
1259.0,0.01805039441808978
1260.0,0.01804306972849803
1261.0,0.01804202140869834
1129.0,0.018035248465577892
1147.0,0.018028087098565425
1130.0,0.01799921364273647
985.0,0.017994939720958378
1146.0,0.01798750605402924
947.0,0.017963697411603093
1131.0,0.01795924792201532
984.0,0.017958820873056766
1145.0,0.01793948608065209
1132.0,0.017927166978707755
983.0,0.01792537231302735
1133.0,0.01790743570302313
1144.0,0.017904023469830405
982.0,0.01789329247547124
1134.0,0.017875568247133548
1143.0,0.017872487559991036
1142.0,0.01785396406013455
1135.0,0.01784788357624795
1141.0,0.01783747263977534
1136.0,0.01783619186581927
1137.0,0.01782984842548114
1140.0,0.017829522383892717
1138.0,0.017824433897183245
1139.0,0.01782107593317886
948.0,0.01781766071215633
949.0,0.017707829710919373
981.0,0.01768918174755074
950.0,0.0176142979038505
951.0,0.017425746359397715
952.0,0.01730495654219427
953.0,0.0171835893507966
954.0,0.017039125539953896
955.0,0.01699018381937772
956.0,0.016868826001672815
957.0,0.016807348607943404
958.0,0.016750104461170843
980.0,0.01668622253696616
959.0,0.01666697533361474
960.0,0.016593490202988486
961.0,0.016551041678737145
962.0,0.016526741820827556
963.0,0.016484248815668723
965.0,0.016461009355228255
966.0,0.016460793516625837
964.0,0.016427314826050348
967.0,0.016393967189350985
968.0,0.016385689884571796
970.0,0.01630101631411653
969.0,0.016286234715246622
975.0,0.01626312918293988
972.0,0.01625473506073083
973.0,0.016228210341313856
971.0,0.01622295970066559
974.0,0.016200520896143246
978.0,0.016174575732338804
976.0,0.016167367219216893
977.0,0.016147070995105525
979.0,0.016111298719516
