name= \My Documents\HR1024_Data\RD4B1.,,,,,name= \My Documents\HR1024_Data\RD4B3.,,,,,
instrument= HR: 1091052,,,,,instrument= HR: 1091052,,,,,
integration= 400  60  30  500  60  30,,,,,integration= 400  60  30  500  60  30,,,,,
scan time= 1  1,,,,,scan time= 1  1,,,,,
scan settings= AD  AI  AD  AI,,,,,scan settings= AD  AI  AD  AI,,,,,
external data set1= 8224  8224  8224  8224  8224  8224  8224  8224  8224  8224  8224  8224  8224  8224  8224  8224,,,,,external data set1= 8224  8224  8224  8224  8224  8224  8224  8224  8224  8224  8224  8224  8224  8224  8224  8224,,,,,
external data set2= 8224  8224  8224  8224  8224  8224  8224  8224  8224  8224  8224  8224  8224  8224  8224  8224,,,,,external data set2= 8224  8224  8224  8224  8224  8224  8224  8224  8224  8224  8224  8224  8224  8224  8224  8224,,,,,
external data dark= 0 0 0 0 0 0 0 0,,,,,external data dark= 0 0 0 0 0 0 0 0,,,,,
external data mask= 0,,,,,external data mask= 0,,,,,
optic= LENS4   LENS4 ,,,,,optic= LENS4   LENS4 ,,,,,
temp= 33.87  8.81  -5.37  36.21  8.88  -5.37,,,,,temp= 33.87  8.81  -5.37  36.45  8.88  -5.37,,,,,
battery= 7.1  7.0,,,,,battery= 7.1  7.0,,,,,
error= 0  0,,,,,error= 0  0,,,,,
units= Radiance  Radiance,,,,,units= Radiance  Radiance,,,,,
time= 2/3/08 11:48:15 AM  2/3/08 11:54:40 AM,,,,,time= 2/3/08 11:48:15 AM  2/3/08 11:55:19 AM,,,,,
longitude=   ,,,,,longitude=   ,,,,,
latitude=   ,,,,,latitude=   ,,,,,
gpstime=   ,,,,,gpstime=   ,,,,,
comm= ,,,,,comm= ,,,,,
memory slot= 0  0,,,,,memory slot= 0  0,,,,,
factors= ,,,,,factors= ,,,,,
,,,,,,,,,,AVERAGE OF INPUT FILES: RD4B1:RD4B3
Wavlen,Refer,Target,Reflect,,Wavlen,Refer,Target,Reflect,,Wavlen,Avg Refer,Avg Target,Avg Reflect,,
346.4,300.98,100.65,33.44,,346.4,300.98,104.47,34.71,,346.4,300.98,102.56,34.08,,
347.9,318.46,106.68,33.50,,347.9,318.46,106.68,33.50,,347.9,318.46,106.68,33.50,,
349.5,343.20,109.82,32.00,,349.5,343.20,108.58,31.64,,349.5,343.20,109.20,31.82,,
351.1,374.40,106.08,28.33,,351.1,374.40,102.34,27.33,,351.1,374.40,104.21,27.83,,
352.6,409.54,110.06,26.87,,352.6,409.54,115.12,28.11,,352.6,409.54,112.59,27.49,,
354.2,435.24,115.19,26.47,,354.2,435.24,121.74,27.97,,354.2,435.24,118.47,27.22,,
355.7,456.30,129.31,28.34,,355.7,456.30,119.88,26.27,,355.7,456.30,124.60,27.31,,
357.3,495.85,123.44,24.90,,357.3,495.85,124.83,25.17,,357.3,495.85,124.14,25.03,,
358.8,506.78,128.62,25.38,,358.8,506.78,124.42,24.55,,358.8,506.78,126.52,24.97,,
360.4,548.73,130.85,23.85,,360.4,548.73,125.22,22.82,,360.4,548.73,128.04,23.33,,
361.9,565.91,135.12,23.88,,361.9,565.91,139.30,24.62,,361.9,565.91,137.21,24.25,,
363.5,593.82,137.12,23.09,,363.5,593.82,142.66,24.02,,363.5,593.82,139.89,23.56,,
365.1,620.68,126.22,20.34,,365.1,620.68,135.93,21.90,,365.1,620.68,131.08,21.12,,
366.6,647.34,139.48,21.55,,366.6,647.34,132.58,20.48,,366.6,647.34,136.03,21.01,,
368.2,683.25,139.67,20.44,,368.2,683.25,139.67,20.44,,368.2,683.25,139.67,20.44,,
369.7,726.46,127.99,17.62,,369.7,726.46,129.29,17.80,,369.7,726.46,128.64,17.71,,
371.3,772.09,135.65,17.57,,371.3,772.09,147.50,19.10,,371.3,772.09,141.58,18.34,,
372.8,813.40,142.10,17.47,,372.8,813.40,148.74,18.29,,372.8,813.40,145.42,17.88,,
374.4,856.07,145.52,17.00,,374.4,856.07,142.85,16.69,,374.4,856.07,144.19,16.84,,
375.9,883.77,150.94,17.08,,375.9,883.77,144.32,16.33,,375.9,883.77,147.63,16.70,,
377.4,909.07,144.41,15.89,,377.4,909.07,153.52,16.89,,377.4,909.07,148.97,16.39,,
379.0,945.20,150.21,15.89,,379.0,945.20,164.22,17.37,,379.0,945.20,157.22,16.63,,
380.5,966.34,151.41,15.67,,380.5,966.34,153.88,15.92,,380.5,966.34,152.65,15.80,,
382.1,1004.70,148.93,14.82,,382.1,1004.70,154.84,15.41,,382.1,1004.70,151.89,15.12,,
383.6,1031.94,145.15,14.07,,383.6,1031.94,146.29,14.18,,383.6,1031.94,145.72,14.12,,
385.2,1082.13,150.70,13.93,,385.2,1082.13,143.00,13.21,,385.2,1082.13,146.85,13.57,,
386.7,1134.44,148.37,13.08,,386.7,1134.44,150.54,13.27,,386.7,1134.44,149.46,13.17,,
388.3,1183.47,153.27,12.95,,388.3,1183.47,156.53,13.23,,388.3,1183.47,154.90,13.09,,
389.8,1236.62,150.43,12.16,,389.8,1236.62,165.80,13.41,,389.8,1236.62,158.12,12.79,,
391.3,1283.89,160.42,12.49,,391.3,1283.89,158.19,12.32,,391.3,1283.89,159.31,12.41,,
392.9,1324.35,176.39,13.32,,392.9,1324.35,170.70,12.89,,392.9,1324.35,173.55,13.10,,
394.4,1356.15,176.86,13.04,,394.4,1356.15,179.24,13.22,,394.4,1356.15,178.05,13.13,,
395.9,1406.72,177.10,12.59,,395.9,1406.72,179.61,12.77,,395.9,1406.72,178.36,12.68,,
397.5,1480.96,196.38,13.26,,397.5,1480.96,188.63,12.74,,397.5,1480.96,192.51,13.00,,
399.0,1545.00,197.76,12.80,,399.0,1545.00,184.16,11.92,,399.0,1545.00,190.96,12.36,,
400.6,1586.22,193.57,12.20,,400.6,1586.22,192.44,12.13,,400.6,1586.22,193.01,12.17,,
402.1,1624.11,185.76,11.44,,402.1,1624.11,182.66,11.25,,402.1,1624.11,184.21,11.34,,
403.6,1645.88,183.17,11.13,,403.6,1645.88,187.01,11.36,,403.6,1645.88,185.09,11.25,,
405.1,1688.62,187.37,11.10,,405.1,1688.62,179.14,10.61,,405.1,1688.62,183.26,10.85,,
406.7,1751.68,188.16,10.74,,406.7,1751.68,185.47,10.59,,406.7,1751.68,186.82,10.66,,
408.2,1815.41,196.02,10.80,,408.2,1815.41,184.44,10.16,,408.2,1815.41,190.23,10.48,,
409.7,1871.52,197.12,10.53,,409.7,1871.52,191.74,10.25,,409.7,1871.52,194.43,10.39,,
411.3,1932.39,202.88,10.50,,411.3,1932.39,201.96,10.45,,411.3,1932.39,202.42,10.48,,
412.8,1975.40,206.66,10.46,,412.8,1975.40,210.46,10.65,,412.8,1975.40,208.56,10.56,,
414.3,2044.89,221.25,10.82,,414.3,2044.89,216.36,10.58,,414.3,2044.89,218.81,10.70,,
415.8,2106.25,221.00,10.49,,415.8,2106.25,226.00,10.73,,415.8,2106.25,223.50,10.61,,
417.4,2169.48,237.82,10.96,,417.4,2169.48,228.71,10.54,,417.4,2169.48,233.27,10.75,,
418.9,2222.61,231.75,10.43,,418.9,2222.61,241.87,10.88,,418.9,2222.61,236.81,10.65,,
420.4,2266.93,238.28,10.51,,420.4,2266.93,241.27,10.64,,420.4,2266.93,239.78,10.58,,
421.9,2296.58,239.10,10.41,,421.9,2296.58,243.94,10.62,,421.9,2296.58,241.52,10.52,,
423.5,2335.00,240.04,10.28,,423.5,2335.00,254.98,10.92,,423.5,2335.00,247.51,10.60,,
425.0,2376.73,245.43,10.33,,425.0,2376.73,248.12,10.44,,425.0,2376.73,246.78,10.38,,
426.5,2428.43,247.68,10.20,,426.5,2428.43,242.52,9.99,,426.5,2428.43,245.10,10.09,,
428.0,2489.68,250.41,10.06,,428.0,2489.68,254.51,10.22,,428.0,2489.68,252.46,10.14,,
429.5,2574.41,257.54,10.00,,429.5,2574.41,255.17,9.91,,429.5,2574.41,256.36,9.96,,
431.1,2658.69,264.71,9.96,,431.1,2658.69,258.52,9.72,,431.1,2658.69,261.62,9.84,,
432.6,2748.21,267.61,9.74,,432.6,2748.21,267.61,9.74,,432.6,2748.21,267.61,9.74,,
434.1,2843.23,277.97,9.78,,434.1,2843.23,276.43,9.72,,434.1,2843.23,277.20,9.75,,
435.6,2926.69,281.74,9.63,,435.6,2926.69,286.38,9.79,,435.6,2926.69,284.06,9.71,,
437.1,3007.88,291.72,9.70,,437.1,3007.88,287.82,9.57,,437.1,3007.88,289.77,9.63,,
438.6,3080.14,301.04,9.77,,438.6,3080.14,298.68,9.70,,438.6,3080.14,299.86,9.74,,
440.1,3160.11,306.10,9.69,,440.1,3160.11,306.89,9.71,,440.1,3160.11,306.50,9.70,,
441.6,3238.04,309.19,9.55,,441.6,3238.04,309.19,9.55,,441.6,3238.04,309.19,9.55,,
443.1,3312.90,315.90,9.54,,443.1,3312.90,316.71,9.56,,443.1,3312.90,316.31,9.55,,
444.7,3389.72,321.40,9.48,,444.7,3389.72,323.87,9.55,,444.7,3389.72,322.64,9.52,,
446.2,3441.68,334.27,9.71,,446.2,3441.68,330.91,9.61,,446.2,3441.68,332.59,9.66,,
447.7,3501.62,339.16,9.69,,447.7,3501.62,340.89,9.74,,447.7,3501.62,340.03,9.71,,
449.2,3564.00,346.46,9.72,,449.2,3564.00,343.87,9.65,,449.2,3564.00,345.17,9.68,,
450.7,3621.28,350.27,9.67,,450.7,3621.28,350.27,9.67,,450.7,3621.28,350.27,9.67,,
452.2,3682.41,356.84,9.69,,452.2,3682.41,355.27,9.65,,452.2,3682.41,356.06,9.67,,
453.7,3758.53,359.09,9.55,,453.7,3758.53,354.62,9.44,,453.7,3758.53,356.86,9.49,,
455.2,3840.40,363.31,9.46,,455.2,3840.40,368.33,9.59,,455.2,3840.40,365.82,9.53,,
456.7,3952.96,363.97,9.21,,456.7,3952.96,372.42,9.42,,456.7,3952.96,368.20,9.31,,
458.2,4072.55,381.65,9.37,,458.2,4072.55,381.65,9.37,,458.2,4072.55,381.65,9.37,,
459.7,4195.63,395.50,9.43,,459.7,4195.63,393.40,9.38,,459.7,4195.63,394.45,9.40,,
461.2,4317.19,405.24,9.39,,461.2,4317.19,401.01,9.29,,461.2,4317.19,403.13,9.34,,
462.7,4419.51,413.85,9.36,,462.7,4419.51,410.98,9.30,,462.7,4419.51,412.42,9.33,,
464.2,4528.34,426.76,9.42,,464.2,4528.34,420.90,9.29,,464.2,4528.34,423.83,9.36,,
465.7,4636.49,434.83,9.38,,465.7,4636.49,434.08,9.36,,465.7,4636.49,434.46,9.37,,
467.2,4730.69,444.29,9.39,,467.2,4730.69,441.98,9.34,,467.2,4730.69,443.14,9.37,,
468.7,4831.00,452.00,9.36,,468.7,4831.00,456.00,9.44,,468.7,4831.00,454.00,9.40,,
470.2,4904.47,458.05,9.34,,470.2,4904.47,460.64,9.39,,470.2,4904.47,459.35,9.37,,
471.7,4994.63,480.70,9.62,,471.7,4994.63,475.00,9.51,,471.7,4994.63,477.85,9.57,,
473.2,5152.65,492.03,9.55,,473.2,5152.65,497.99,9.66,,473.2,5152.65,495.01,9.61,,
474.6,5277.65,506.92,9.60,,474.6,5277.65,500.36,9.48,,474.6,5277.65,503.64,9.54,,
476.1,5315.90,496.93,9.35,,476.1,5315.90,497.78,9.36,,476.1,5315.90,497.36,9.36,,
477.6,5339.08,492.51,9.22,,477.6,5339.08,494.07,9.25,,477.6,5339.08,493.29,9.24,,
479.1,5368.13,493.77,9.20,,479.1,5368.13,499.74,9.31,,479.1,5368.13,496.76,9.25,,
480.6,5404.66,499.56,9.24,,480.6,5404.66,493.04,9.12,,480.6,5404.66,496.30,9.18,,
482.1,5475.21,497.03,9.08,,482.1,5475.21,499.14,9.12,,482.1,5475.21,498.09,9.10,,
483.6,5562.12,502.20,9.03,,483.6,5562.12,505.63,9.09,,483.6,5562.12,503.92,9.06,,
485.1,5668.27,509.96,9.00,,485.1,5668.27,513.99,9.07,,485.1,5668.27,511.98,9.03,,
486.6,5791.79,517.32,8.93,,486.6,5791.79,521.93,9.01,,486.6,5791.79,519.63,8.97,,
488.0,5923.94,534.30,9.02,,488.0,5923.94,533.65,9.01,,488.0,5923.94,533.98,9.01,,
489.5,6066.75,544.58,8.98,,489.5,6066.75,547.16,9.02,,489.5,6066.75,545.87,9.00,,
491.0,6201.68,555.99,8.97,,491.0,6201.68,563.73,9.09,,491.0,6201.68,559.86,9.03,,
492.5,6345.54,575.42,9.07,,492.5,6345.54,571.54,9.01,,492.5,6345.54,573.48,9.04,,
494.0,6492.59,589.25,9.08,,494.0,6492.59,590.56,9.10,,494.0,6492.59,589.91,9.09,,
495.4,6616.50,602.58,9.11,,495.4,6616.50,609.18,9.21,,495.4,6616.50,605.88,9.16,,
496.9,6746.80,624.58,9.26,,496.9,6746.80,623.24,9.24,,496.9,6746.80,623.91,9.25,,
498.4,6868.17,636.38,9.27,,498.4,6868.17,635.70,9.26,,498.4,6868.17,636.04,9.26,,
499.9,6989.37,656.77,9.40,,499.9,6989.37,654.02,9.36,,499.9,6989.37,655.40,9.38,,
501.4,7101.28,678.46,9.55,,501.4,7101.28,672.17,9.47,,501.4,7101.28,675.32,9.51,,
502.8,7211.42,693.40,9.62,,502.8,7211.42,693.40,9.62,,502.8,7211.42,693.40,9.62,,
504.3,7308.90,711.36,9.73,,504.3,7308.90,716.40,9.80,,504.3,7308.90,713.88,9.77,,
505.8,7405.94,731.00,9.87,,505.8,7405.94,733.92,9.91,,505.8,7405.94,732.46,9.89,,
507.2,7465.75,746.39,10.00,,507.2,7465.75,753.78,10.10,,507.2,7465.75,750.09,10.05,,
508.7,7504.76,760.92,10.14,,508.7,7504.76,760.17,10.13,,508.7,7504.76,760.55,10.13,,
510.2,7549.77,780.11,10.33,,510.2,7549.77,777.85,10.30,,510.2,7549.77,778.98,10.32,,
511.6,7573.93,794.72,10.49,,511.6,7573.93,796.22,10.51,,511.6,7573.93,795.47,10.50,,
513.1,7619.32,816.82,10.72,,513.1,7619.32,810.08,10.63,,513.1,7619.32,813.45,10.68,,
514.6,7684.06,836.03,10.88,,514.6,7684.06,834.56,10.86,,514.6,7684.06,835.30,10.87,,
516.0,7736.05,854.17,11.04,,516.0,7736.05,852.75,11.02,,516.0,7736.05,853.46,11.03,,
517.5,7828.25,878.15,11.22,,517.5,7828.25,876.76,11.20,,517.5,7828.25,877.46,11.21,,
519.0,7931.31,907.20,11.44,,519.0,7931.31,906.53,11.43,,519.0,7931.31,906.87,11.43,,
520.5,8033.54,928.90,11.56,,520.5,8033.54,929.55,11.57,,520.5,8033.54,929.23,11.57,,
521.9,8170.54,959.12,11.74,,521.9,8170.54,961.70,11.77,,521.9,8170.54,960.41,11.75,,
523.4,8322.71,989.54,11.89,,523.4,8322.71,991.45,11.91,,523.4,8322.71,990.50,11.90,,
524.8,8476.58,1024.54,12.09,,524.8,8476.58,1028.35,12.13,,524.8,8476.58,1026.45,12.11,,
526.3,8648.70,1060.45,12.26,,526.3,8648.70,1063.63,12.30,,526.3,8648.70,1062.04,12.28,,
527.8,8824.59,1092.69,12.38,,527.8,8824.59,1100.36,12.47,,527.8,8824.59,1096.53,12.43,,
529.2,8983.24,1130.69,12.59,,529.2,8983.24,1128.75,12.57,,529.2,8983.24,1129.72,12.58,,
530.7,9161.81,1163.28,12.70,,530.7,9161.81,1163.28,12.70,,530.7,9161.81,1163.28,12.70,,
532.1,9325.79,1196.34,12.83,,532.1,9325.79,1196.34,12.83,,532.1,9325.79,1196.34,12.83,,
533.6,9502.17,1230.57,12.95,,533.6,9502.17,1235.32,13.00,,533.6,9502.17,1232.95,12.98,,
535.0,9689.01,1267.50,13.08,,535.0,9689.01,1267.50,13.08,,535.0,9689.01,1267.50,13.08,,
536.5,9867.79,1303.26,13.21,,536.5,9867.79,1296.86,13.14,,536.5,9867.79,1300.06,13.17,,
538.0,10049.16,1329.95,13.23,,538.0,10049.16,1333.63,13.27,,538.0,10049.16,1331.79,13.25,,
539.4,10231.78,1369.86,13.39,,539.4,10231.78,1368.33,13.37,,539.4,10231.78,1369.10,13.38,,
540.9,10443.93,1411.83,13.52,,540.9,10443.93,1416.63,13.56,,540.9,10443.93,1414.23,13.54,,
542.3,10618.63,1451.36,13.67,,542.3,10618.63,1455.43,13.71,,542.3,10618.63,1453.40,13.69,,
543.8,10743.19,1482.46,13.80,,543.8,10743.19,1479.23,13.77,,543.8,10743.19,1480.85,13.78,,
545.2,10787.72,1496.41,13.87,,545.2,10787.72,1499.56,13.90,,545.2,10787.72,1497.99,13.89,,
546.6,10787.25,1502.68,13.93,,546.6,10787.25,1502.68,13.93,,546.6,10787.25,1502.68,13.93,,
548.1,10798.67,1516.48,14.04,,548.1,10798.67,1511.93,14.00,,548.1,10798.67,1514.21,14.02,,
549.5,10797.77,1527.96,14.15,,549.5,10797.77,1531.71,14.19,,549.5,10797.77,1529.84,14.17,,
551.0,10799.56,1539.34,14.25,,551.0,10799.56,1537.86,14.24,,551.0,10799.56,1538.60,14.25,,
552.4,10821.09,1553.50,14.36,,552.4,10821.09,1559.33,14.41,,552.4,10821.09,1556.42,14.38,,
553.9,10825.03,1566.61,14.47,,553.9,10825.03,1567.32,14.48,,553.9,10825.03,1566.97,14.48,,
555.3,10846.78,1583.01,14.59,,555.3,10846.78,1587.92,14.64,,555.3,10846.78,1585.47,14.62,,
556.8,10905.15,1611.57,14.78,,556.8,10905.15,1609.50,14.76,,556.8,10905.15,1610.54,14.77,,
558.2,10950.19,1626.08,14.85,,558.2,10950.19,1631.48,14.90,,558.2,10950.19,1628.78,14.87,,
559.6,11027.13,1658.45,15.04,,559.6,11027.13,1661.75,15.07,,559.6,11027.13,1660.10,15.05,,
561.1,11132.88,1690.65,15.19,,561.1,11132.88,1698.45,15.26,,561.1,11132.88,1694.55,15.22,,
562.5,11245.54,1731.98,15.40,,562.5,11245.54,1728.78,15.37,,562.5,11245.54,1730.38,15.39,,
564.0,11402.49,1772.66,15.55,,564.0,11402.49,1777.10,15.59,,564.0,11402.49,1774.88,15.57,,
565.4,11543.72,1820.96,15.77,,565.4,11543.72,1818.44,15.75,,565.4,11543.72,1819.70,15.76,,
566.8,11723.98,1870.18,15.95,,566.8,11723.98,1877.72,16.02,,566.8,11723.98,1873.95,15.98,,
568.3,11891.25,1925.37,16.19,,568.3,11891.25,1927.89,16.21,,568.3,11891.25,1926.63,16.20,,
569.7,12076.06,1985.72,16.44,,569.7,12076.06,1986.99,16.45,,569.7,12076.06,1986.36,16.45,,
571.1,12249.63,2042.88,16.68,,571.1,12249.63,2040.33,16.66,,571.1,12249.63,2041.61,16.67,,
572.6,12426.21,2106.65,16.95,,572.6,12426.21,2106.00,16.95,,572.6,12426.21,2106.33,16.95,,
574.0,12599.40,2166.78,17.20,,574.0,12599.40,2171.40,17.23,,574.0,12599.40,2169.09,17.22,,
575.4,12769.31,2228.18,17.45,,575.4,12769.31,2232.23,17.48,,575.4,12769.31,2230.21,17.47,,
576.9,12924.45,2294.52,17.75,,576.9,12924.45,2302.15,17.81,,576.9,12924.45,2298.34,17.78,,
578.3,13072.88,2364.51,18.09,,578.3,13072.88,2365.22,18.09,,578.3,13072.88,2364.87,18.09,,
579.7,13214.09,2429.31,18.38,,579.7,13214.09,2434.50,18.42,,579.7,13214.09,2431.91,18.40,,
581.1,13332.32,2502.97,18.77,,581.1,13332.32,2499.11,18.74,,581.1,13332.32,2501.04,18.76,,
582.6,13457.72,2566.15,19.07,,582.6,13457.72,2574.24,19.13,,582.6,13457.72,2570.20,19.10,,
584.0,13568.00,2638.98,19.45,,584.0,13568.00,2647.46,19.51,,584.0,13568.00,2643.22,19.48,,
585.4,13711.91,2735.51,19.95,,585.4,13711.91,2732.85,19.93,,585.4,13711.91,2734.18,19.94,,
586.8,13919.40,2825.93,20.30,,586.8,13919.40,2837.87,20.39,,586.8,13919.40,2831.90,20.34,,
588.3,14140.62,2943.72,20.82,,588.3,14140.62,2939.98,20.79,,588.3,14140.62,2941.85,20.80,,
589.7,14327.82,3040.13,21.22,,589.7,14327.82,3043.87,21.24,,589.7,14327.82,3042.00,21.23,,
591.1,14447.26,3139.12,21.73,,591.1,14447.26,3129.89,21.66,,591.1,14447.26,3134.51,21.70,,
592.5,14518.46,3205.51,22.08,,592.5,14518.46,3208.23,22.10,,592.5,14518.46,3206.87,22.09,,
594.0,14547.66,3276.72,22.52,,594.0,14547.66,3279.38,22.54,,594.0,14547.66,3278.05,22.53,,
595.4,14566.76,3347.61,22.98,,595.4,14566.76,3339.76,22.93,,595.4,14566.76,3343.69,22.95,,
596.8,14575.28,3408.83,23.39,,596.8,14575.28,3413.12,23.42,,596.8,14575.28,3410.98,23.40,,
598.2,14586.43,3479.81,23.86,,598.2,14586.43,3479.81,23.86,,598.2,14586.43,3479.81,23.86,,
599.6,14584.19,3547.98,24.33,,599.6,14584.19,3547.98,24.33,,599.6,14584.19,3547.98,24.33,,
601.0,14621.32,3622.74,24.78,,601.0,14621.32,3625.98,24.80,,601.0,14621.32,3624.36,24.79,,
602.4,14656.48,3700.36,25.25,,602.4,14656.48,3695.62,25.21,,602.4,14656.48,3697.99,25.23,,
603.9,14720.65,3779.78,25.68,,603.9,14720.65,3781.31,25.69,,603.9,14720.65,3780.55,25.68,,
605.3,14787.56,3864.34,26.13,,605.3,14787.56,3859.89,26.10,,605.3,14787.56,3862.12,26.12,,
606.7,14850.90,3936.96,26.51,,606.7,14850.90,3933.36,26.49,,606.7,14850.90,3935.16,26.50,,
608.1,14956.71,4021.64,26.89,,608.1,14956.71,4028.65,26.94,,608.1,14956.71,4025.15,26.91,,
609.5,15087.13,4117.54,27.29,,609.5,15087.13,4124.39,27.34,,609.5,15087.13,4120.97,27.31,,
610.9,15240.09,4208.27,27.61,,610.9,15240.09,4215.67,27.66,,610.9,15240.09,4211.97,27.64,,
612.3,15378.24,4305.38,28.00,,612.3,15378.24,4300.06,27.96,,612.3,15378.24,4302.72,27.98,,
613.7,15565.24,4416.85,28.38,,613.7,15565.24,4412.91,28.35,,613.7,15565.24,4414.88,28.36,,
615.1,15698.61,4509.43,28.73,,615.1,15698.61,4508.14,28.72,,615.1,15698.61,4508.79,28.72,,
616.5,15834.13,4597.36,29.03,,616.5,15834.13,4597.36,29.03,,616.5,15834.13,4597.36,29.03,,
617.9,16040.22,4708.15,29.35,,617.9,16040.22,4705.58,29.34,,617.9,16040.22,4706.87,29.34,,
619.3,16231.37,4824.63,29.72,,619.3,16231.37,4818.85,29.69,,619.3,16231.37,4821.74,29.71,,
620.7,16465.73,4938.02,29.99,,620.7,16465.73,4944.48,30.03,,620.7,16465.73,4941.25,30.01,,
622.1,16702.31,5054.67,30.26,,622.1,16702.31,5057.99,30.28,,622.1,16702.31,5056.33,30.27,,
623.5,16967.59,5179.41,30.53,,623.5,16967.59,5184.29,30.55,,623.5,16967.59,5181.85,30.54,,
624.9,17268.83,5301.56,30.70,,624.9,17268.83,5308.17,30.74,,624.9,17268.83,5304.87,30.72,,
626.3,17464.11,5357.68,30.68,,626.3,17464.11,5359.22,30.69,,626.3,17464.11,5358.45,30.68,,
627.7,17297.90,5318.86,30.75,,627.7,17297.90,5314.15,30.72,,627.7,17297.90,5316.51,30.73,,
629.1,17131.07,5360.96,31.29,,629.1,17131.07,5362.56,31.30,,629.1,17131.07,5361.76,31.30,,
630.5,17065.89,5456.86,31.98,,630.5,17065.89,5467.43,32.04,,630.5,17065.89,5462.15,32.01,,
631.9,17068.07,5582.49,32.71,,631.9,17068.07,5594.09,32.78,,631.9,17068.07,5588.29,32.74,,
633.3,17072.86,5670.02,33.21,,633.3,17072.86,5678.45,33.26,,633.3,17072.86,5674.24,33.24,,
634.7,17143.21,5756.47,33.58,,634.7,17143.21,5756.47,33.58,,634.7,17143.21,5756.47,33.58,,
636.1,17175.19,5812.10,33.84,,636.1,17175.19,5816.47,33.87,,636.1,17175.19,5814.29,33.85,,
637.5,17214.12,5843.18,33.94,,637.5,17214.12,5846.74,33.96,,637.5,17214.12,5844.96,33.95,,
638.9,17282.65,5837.53,33.78,,638.9,17282.65,5842.98,33.81,,638.9,17282.65,5840.26,33.79,,
640.2,17345.48,5825.05,33.58,,640.2,17345.48,5825.98,33.59,,640.2,17345.48,5825.52,33.59,,
641.6,17368.65,5803.20,33.41,,641.6,17368.65,5805.07,33.42,,641.6,17368.65,5804.14,33.42,,
643.0,17347.86,5733.14,33.05,,643.0,17347.86,5728.40,33.02,,643.0,17347.86,5730.77,33.03,,
644.4,17346.99,5610.05,32.34,,644.4,17346.99,5599.51,32.28,,644.4,17346.99,5604.78,32.31,,
645.8,17303.92,5440.94,31.44,,645.8,17303.92,5438.03,31.43,,645.8,17303.92,5439.49,31.43,,
647.2,17371.51,5292.72,30.47,,647.2,17371.51,5292.72,30.47,,647.2,17371.51,5292.72,30.47,,
648.5,17405.34,5145.60,29.56,,648.5,17405.34,5147.61,29.57,,648.5,17405.34,5146.61,29.57,,
649.9,17326.73,4958.46,28.62,,649.9,17326.73,4958.46,28.62,,649.9,17326.73,4958.46,28.62,,
651.3,17269.88,4828.68,27.96,,651.3,17269.88,4821.54,27.92,,651.3,17269.88,4825.11,27.94,,
652.7,17194.65,4719.54,27.45,,652.7,17194.65,4706.28,27.37,,652.7,17194.65,4712.91,27.41,,
654.1,17110.53,4677.94,27.34,,654.1,17110.53,4673.02,27.31,,654.1,17110.53,4675.48,27.33,,
655.5,17000.34,4654.19,27.38,,655.5,17000.34,4644.78,27.32,,655.5,17000.34,4649.49,27.35,,
656.8,16892.62,4601.41,27.24,,656.8,16892.62,4601.41,27.24,,656.8,16892.62,4601.41,27.24,,
658.2,16993.27,4591.90,27.02,,658.2,16993.27,4585.74,26.99,,658.2,16993.27,4588.82,27.00,,
659.6,17201.86,4593.53,26.70,,659.6,17201.86,4581.37,26.63,,659.6,17201.86,4587.45,26.67,,
660.9,17374.35,4562.15,26.26,,660.9,17374.35,4550.98,26.19,,660.9,17374.35,4556.57,26.23,,
662.3,17542.46,4522.62,25.78,,662.3,17542.46,4508.19,25.70,,662.3,17542.46,4515.41,25.74,,
663.7,17706.15,4465.44,25.22,,663.7,17706.15,4457.04,25.17,,663.7,17706.15,4461.24,25.20,,
665.0,17850.15,4417.40,24.75,,665.0,17850.15,4402.41,24.66,,665.0,17850.15,4409.91,24.71,,
666.4,17993.38,4360.45,24.23,,666.4,17993.38,4339.80,24.12,,666.4,17993.38,4350.13,24.18,,
667.8,18172.37,4317.97,23.76,,667.8,18172.37,4297.42,23.65,,667.8,18172.37,4307.70,23.70,,
669.1,18340.58,4277.32,23.32,,669.1,18340.58,4260.96,23.23,,669.1,18340.58,4269.14,23.28,,
670.5,18513.22,4272.91,23.08,,670.5,18513.22,4245.13,22.93,,670.5,18513.22,4259.02,23.01,,
671.9,18629.28,4270.13,22.92,,671.9,18629.28,4238.30,22.75,,671.9,18629.28,4254.22,22.84,,
673.2,18784.35,4285.50,22.81,,673.2,18784.35,4242.97,22.59,,673.2,18784.35,4264.24,22.70,,
674.6,18934.77,4315.50,22.79,,674.6,18934.77,4269.47,22.55,,674.6,18934.77,4292.49,22.67,,
676.0,19107.41,4383.75,22.94,,676.0,19107.41,4330.70,22.67,,676.0,19107.41,4357.23,22.80,,
677.3,19274.00,4477.43,23.23,,677.3,19274.00,4419.61,22.93,,677.3,19274.00,4448.52,23.08,,
678.7,19460.75,4603.60,23.66,,678.7,19460.75,4544.10,23.35,,678.7,19460.75,4573.85,23.50,,
680.0,19693.92,4808.90,24.42,,680.0,19693.92,4727.49,24.00,,680.0,19693.92,4768.20,24.21,,
681.4,19949.74,5056.79,25.35,,681.4,19949.74,4978.73,24.96,,681.4,19949.74,5017.76,25.15,,
682.8,20190.63,5382.65,26.66,,682.8,20190.63,5289.83,26.20,,682.8,20190.63,5336.24,26.43,,
684.1,20434.05,5781.67,28.29,,684.1,20434.05,5689.94,27.85,,684.1,20434.05,5735.81,28.07,,
685.5,20661.50,6261.88,30.31,,685.5,20661.50,6175.39,29.89,,685.5,20661.50,6218.64,30.10,,
686.8,20876.79,6847.66,32.80,,686.8,20876.79,6745.32,32.31,,686.8,20876.79,6796.49,32.56,,
688.2,21063.54,7479.47,35.51,,688.2,21063.54,7385.38,35.06,,688.2,21063.54,7432.43,35.29,,
689.5,21136.22,8138.55,38.51,,689.5,21136.22,8038.46,38.03,,689.5,21136.22,8088.51,38.27,,
690.9,21189.20,8834.68,41.69,,690.9,21189.20,8739.08,41.24,,690.9,21189.20,8786.88,41.47,,
692.2,21241.50,9519.66,44.82,,692.2,21241.50,9439.08,44.44,,692.2,21241.50,9479.37,44.63,,
693.6,21283.52,10218.75,48.01,,693.6,21283.52,10134.86,47.62,,693.6,21283.52,10176.81,47.82,,
694.9,21276.87,10860.53,51.04,,694.9,21276.87,10779.39,50.66,,694.9,21276.87,10819.96,50.85,,
696.2,21306.77,11496.78,53.96,,696.2,21306.77,11422.26,53.61,,696.2,21306.77,11459.52,53.78,,
697.6,21332.37,12091.70,56.68,,697.6,21332.37,12031.09,56.40,,697.6,21332.37,12061.40,56.54,,
698.9,21357.60,12647.71,59.22,,698.9,21357.60,12588.58,58.94,,698.9,21357.60,12618.15,59.08,,
700.3,21390.71,13167.37,61.56,,700.3,21390.71,13117.18,61.32,,700.3,21390.71,13142.28,61.44,,
701.6,21429.47,13667.08,63.78,,701.6,21429.47,13617.36,63.54,,701.6,21429.47,13642.22,63.66,,
703.0,21471.99,14145.61,65.88,,703.0,21471.99,14094.24,65.64,,703.0,21471.99,14119.93,65.76,,
704.3,21485.34,14549.54,67.72,,704.3,21485.34,14509.76,67.53,,704.3,21485.34,14529.65,67.63,,
705.6,21483.00,14900.83,69.36,,705.6,21483.00,14859.54,69.17,,705.6,21483.00,14880.19,69.26,,
707.0,21491.89,15239.29,70.91,,707.0,21491.89,15200.98,70.73,,707.0,21491.89,15220.14,70.82,,
708.3,21438.50,15505.25,72.32,,708.3,21438.50,15466.56,72.14,,708.3,21438.50,15485.91,72.23,,
709.6,21384.38,15744.87,73.63,,709.6,21384.38,15710.46,73.47,,709.6,21384.38,15727.67,73.55,,
711.0,21305.08,15928.52,74.76,,711.0,21305.08,15892.69,74.60,,711.0,21305.08,15910.61,74.68,,
712.3,21214.65,16088.65,75.84,,712.3,21214.65,16044.38,75.63,,712.3,21214.65,16066.52,75.73,,
713.6,21181.23,16274.66,76.84,,713.6,21181.23,16241.74,76.68,,713.6,21181.23,16258.20,76.76,,
714.9,21115.22,16413.44,77.73,,714.9,21115.22,16363.67,77.50,,714.9,21115.22,16388.56,77.61,,
716.3,21103.70,16575.85,78.54,,716.3,21103.70,16534.02,78.35,,716.3,21103.70,16554.94,78.45,,
717.6,21104.62,16739.21,79.32,,717.6,21104.62,16689.85,79.08,,717.6,21104.62,16714.53,79.20,,
718.9,21048.57,16849.72,80.05,,718.9,21048.57,16801.44,79.82,,718.9,21048.57,16825.58,79.94,,
720.2,20942.08,16906.57,80.73,,720.2,20942.08,16858.41,80.50,,720.2,20942.08,16882.49,80.62,,
721.6,20841.80,16965.26,81.40,,721.6,20841.80,16924.60,81.21,,721.6,20841.80,16944.93,81.30,,
722.9,20742.62,16987.70,81.90,,722.9,20742.62,16949.88,81.72,,722.9,20742.62,16968.79,81.81,,
724.2,20595.93,16969.96,82.39,,724.2,20595.93,16929.15,82.20,,724.2,20595.93,16949.56,82.30,,
725.5,20483.80,16979.92,82.89,,725.5,20483.80,16938.56,82.69,,725.5,20483.80,16959.24,82.79,,
726.8,20382.67,16976.87,83.29,,726.8,20382.67,16937.22,83.10,,726.8,20382.67,16957.05,83.19,,
728.1,20319.64,17003.21,83.68,,728.1,20319.64,16953.97,83.44,,728.1,20319.64,16978.59,83.56,,
729.5,20266.07,17006.96,83.92,,729.5,20266.07,16957.19,83.67,,729.5,20266.07,16982.08,83.80,,
730.8,20224.65,17008.64,84.10,,730.8,20224.65,16959.36,83.85,,730.8,20224.65,16984.00,83.98,,
732.1,20162.40,16986.28,84.25,,732.1,20162.40,16937.50,84.01,,732.1,20162.40,16961.89,84.13,,
733.4,20118.51,16980.36,84.40,,733.4,20118.51,16935.16,84.18,,733.4,20118.51,16957.76,84.29,,
734.7,20079.83,16987.48,84.60,,734.7,20079.83,16937.24,84.35,,734.7,20079.83,16962.36,84.47,,
736.0,20072.78,17003.77,84.71,,736.0,20072.78,16955.80,84.47,,736.0,20072.78,16979.79,84.59,,
737.3,20029.99,16994.21,84.84,,737.3,20029.99,16929.24,84.52,,737.3,20029.99,16961.73,84.68,,
738.6,20078.49,17058.03,84.96,,738.6,20078.49,17007.79,84.71,,738.6,20078.49,17032.91,84.83,,
739.9,20158.75,17159.84,85.12,,739.9,20158.75,17111.38,84.88,,739.9,20158.75,17135.61,85.00,,
741.2,20237.49,17243.77,85.21,,741.2,20237.49,17204.46,85.01,,741.2,20237.49,17224.12,85.11,,
742.5,20374.08,17392.81,85.37,,742.5,20374.08,17357.06,85.19,,742.5,20374.08,17374.94,85.28,,
743.8,20609.53,17621.84,85.50,,743.8,20609.53,17584.88,85.32,,743.8,20609.53,17603.36,85.41,,
745.1,20972.39,17946.05,85.57,,745.1,20972.39,17900.14,85.35,,745.1,20972.39,17923.10,85.46,,
746.4,21401.61,18329.04,85.64,,746.4,21401.61,18284.45,85.43,,746.4,21401.61,18306.75,85.54,,
747.7,21849.92,18724.38,85.70,,747.7,21849.92,18690.86,85.54,,747.7,21849.92,18707.62,85.62,,
749.0,22279.29,19142.61,85.92,,749.0,22279.29,19088.28,85.68,,749.0,22279.29,19115.45,85.80,,
750.3,22537.39,19383.11,86.00,,750.3,22537.39,19336.45,85.80,,750.3,22537.39,19359.78,85.90,,
751.6,22489.95,19379.18,86.17,,751.6,22489.95,19342.86,86.01,,751.6,22489.95,19361.02,86.09,,
752.9,22268.69,19220.72,86.31,,752.9,22268.69,19185.54,86.15,,752.9,22268.69,19203.13,86.23,,
754.2,22020.08,19024.82,86.40,,754.2,22020.08,18988.37,86.23,,754.2,22020.08,19006.60,86.31,,
755.4,21752.37,18805.68,86.45,,755.4,21752.37,18766.65,86.27,,755.4,21752.37,18786.17,86.36,,
756.7,21671.76,18749.36,86.52,,756.7,21671.76,18718.59,86.37,,756.7,21671.76,18733.98,86.44,,
758.0,21695.15,18773.82,86.53,,758.0,21695.15,18740.91,86.38,,758.0,21695.15,18757.37,86.46,,
759.3,21840.20,18899.45,86.54,,759.3,21840.20,18888.45,86.48,,759.3,21840.20,18893.95,86.51,,
760.6,22048.18,19100.93,86.63,,760.6,22048.18,19075.06,86.52,,760.6,22048.18,19088.00,86.57,,
761.9,22241.80,19283.61,86.70,,761.9,22241.80,19267.40,86.63,,761.9,22241.80,19275.51,86.66,,
763.1,22361.42,19421.15,86.85,,763.1,22361.42,19382.00,86.68,,763.1,22361.42,19401.58,86.76,,
764.4,22495.96,19558.31,86.94,,764.4,22495.96,19541.66,86.87,,764.4,22495.96,19549.99,86.90,,
765.7,22607.00,19670.30,87.01,,765.7,22607.00,19657.30,86.95,,765.7,22607.00,19663.80,86.98,,
767.0,22707.99,19759.52,87.02,,767.0,22707.99,19741.02,86.93,,767.0,22707.99,19750.27,86.97,,
768.2,22787.52,19841.47,87.07,,768.2,22787.52,19832.06,87.03,,768.2,22787.52,19836.77,87.05,,
769.5,22847.70,19908.99,87.14,,769.5,22847.70,19898.05,87.09,,769.5,22847.70,19903.52,87.11,,
770.8,22968.83,20039.70,87.25,,770.8,22968.83,20021.59,87.17,,770.8,22968.83,20030.65,87.21,,
772.0,23007.05,20078.88,87.27,,772.0,23007.05,20067.54,87.22,,772.0,23007.05,20073.21,87.25,,
773.3,23073.57,20167.37,87.40,,773.3,23073.57,20161.60,87.38,,773.3,23073.57,20164.49,87.39,,
774.6,23142.26,20247.23,87.49,,774.6,23142.26,20248.70,87.50,,774.6,23142.26,20247.97,87.49,,
775.8,23217.35,20346.95,87.64,,775.8,23217.35,20329.01,87.56,,775.8,23217.35,20337.98,87.60,,
777.1,23250.39,20395.09,87.72,,777.1,23250.39,20396.61,87.73,,777.1,23250.39,20395.85,87.72,,
778.4,23228.21,20401.84,87.83,,778.4,23228.21,20380.18,87.74,,778.4,23228.21,20391.01,87.79,,
779.6,23232.20,20439.14,87.98,,779.6,23232.20,20423.42,87.91,,779.6,23232.20,20431.28,87.94,,
780.9,23206.00,20427.20,88.03,,780.9,23206.00,20420.80,88.00,,780.9,23206.00,20424.00,88.01,,
782.1,23123.66,20391.82,88.19,,782.1,23123.66,20378.79,88.13,,782.1,23123.66,20385.31,88.16,,
783.4,23129.60,20420.61,88.29,,783.4,23129.60,20423.94,88.30,,783.4,23129.60,20422.28,88.29,,
784.6,23156.94,20463.54,88.37,,784.6,23156.94,20448.13,88.30,,784.6,23156.94,20455.84,88.34,,
785.9,23323.57,20630.18,88.45,,785.9,23323.57,20619.47,88.41,,785.9,23323.57,20624.83,88.43,,
787.1,23657.54,20942.73,88.52,,787.1,23657.54,20942.73,88.52,,787.1,23657.54,20942.73,88.52,,
788.4,23905.77,21207.96,88.71,,788.4,23905.77,21213.87,88.74,,788.4,23905.77,21210.92,88.73,,
789.6,23910.81,21263.85,88.93,,789.6,23910.81,21277.87,88.99,,789.6,23910.81,21270.86,88.96,,
790.9,23703.38,21124.37,89.12,,790.9,23703.38,21162.09,89.28,,790.9,23703.38,21143.23,89.20,,
792.1,23443.52,20954.72,89.38,,792.1,23443.52,20944.96,89.34,,792.1,23443.52,20949.84,89.36,,
793.4,23200.49,20764.94,89.50,,793.4,23200.49,20757.28,89.47,,793.4,23200.49,20761.11,89.49,,
794.6,23038.97,20652.41,89.64,,794.6,23038.97,20644.87,89.61,,794.6,23038.97,20648.64,89.62,,
795.8,22887.63,20542.32,89.75,,795.8,22887.63,20540.47,89.74,,795.8,22887.63,20541.40,89.75,,
797.1,22746.90,20428.29,89.81,,797.1,22746.90,20431.95,89.82,,797.1,22746.90,20430.12,89.81,,
798.3,22633.05,20377.01,90.03,,798.3,22633.05,20357.04,89.94,,798.3,22633.05,20367.03,89.99,,
799.5,22585.37,20336.78,90.04,,799.5,22585.37,20334.97,90.04,,799.5,22585.37,20335.88,90.04,,
800.8,22510.70,20298.03,90.17,,800.8,22510.70,20296.22,90.16,,800.8,22510.70,20297.13,90.17,,
802.0,22435.02,20255.02,90.28,,802.0,22435.02,20264.06,90.32,,802.0,22435.02,20259.54,90.30,,
803.2,22355.92,20191.74,90.32,,803.2,22355.92,20202.59,90.37,,803.2,22355.92,20197.17,90.34,,
804.5,22286.88,20170.35,90.50,,804.5,22286.88,20166.73,90.49,,804.5,22286.88,20168.54,90.50,,
805.7,22221.30,20117.89,90.53,,805.7,22221.30,20134.17,90.61,,805.7,22221.30,20126.03,90.57,,
806.9,22163.45,20072.90,90.57,,806.9,22163.45,20085.57,90.62,,806.9,22163.45,20079.24,90.60,,
808.1,22106.40,20033.47,90.62,,808.1,22106.40,20051.59,90.70,,808.1,22106.40,20042.53,90.66,,
809.4,22068.13,20024.90,90.74,,809.4,22068.13,20030.34,90.77,,809.4,22068.13,20027.62,90.75,,
810.6,22012.90,19996.34,90.84,,810.6,22012.90,20018.18,90.94,,810.6,22012.90,20007.26,90.89,,
811.8,21998.30,20000.12,90.92,,811.8,21998.30,20005.60,90.94,,811.8,21998.30,20002.86,90.93,,
813.0,22023.85,20011.29,90.86,,813.0,22023.85,20018.67,90.90,,813.0,22023.85,20014.98,90.88,,
814.2,22034.44,20040.71,90.95,,814.2,22034.44,20044.43,90.97,,814.2,22034.44,20042.57,90.96,,
815.4,22094.68,20080.94,90.89,,815.4,22094.68,20096.00,90.95,,815.4,22094.68,20088.47,90.92,,
816.6,22117.02,20105.95,90.91,,816.6,22117.02,20124.90,90.99,,816.6,22117.02,20115.43,90.95,,
817.9,22159.15,20135.88,90.87,,817.9,22159.15,20162.45,90.99,,817.9,22159.15,20149.17,90.93,,
819.1,22110.24,20099.87,90.91,,819.1,22110.24,20105.55,90.93,,819.1,22110.24,20102.71,90.92,,
820.3,22040.68,20008.21,90.78,,820.3,22040.68,20043.89,90.94,,820.3,22040.68,20026.05,90.86,,
821.5,21976.08,19940.62,90.74,,821.5,21976.08,19964.81,90.85,,821.5,21976.08,19952.72,90.79,,
822.7,21945.91,19896.76,90.66,,822.7,21945.91,19909.67,90.72,,822.7,21945.91,19903.22,90.69,,
823.9,21946.82,19882.83,90.60,,823.9,21946.82,19888.32,90.62,,823.9,21946.82,19885.58,90.61,,
825.1,21950.55,19848.87,90.43,,825.1,21950.55,19874.38,90.54,,825.1,21950.55,19861.63,90.48,,
826.3,21976.62,19839.82,90.28,,826.3,21976.62,19848.91,90.32,,826.3,21976.62,19844.37,90.30,,
827.5,21980.34,19819.82,90.17,,827.5,21980.34,19830.74,90.22,,827.5,21980.34,19825.28,90.20,,
828.7,22017.96,19810.46,89.97,,828.7,22017.96,19806.82,89.96,,828.7,22017.96,19808.64,89.97,,
829.9,22041.74,19773.32,89.71,,829.9,22041.74,19775.15,89.72,,829.9,22041.74,19774.24,89.71,,
831.0,22083.57,19769.53,89.52,,831.0,22083.57,19782.39,89.58,,831.0,22083.57,19775.96,89.55,,
832.2,22125.60,19763.96,89.33,,832.2,22125.60,19789.85,89.44,,832.2,22125.60,19776.91,89.38,,
833.4,22169.16,19773.13,89.19,,833.4,22169.16,19786.15,89.25,,833.4,22169.16,19779.64,89.22,,
834.6,22207.03,19781.25,89.08,,834.6,22207.03,19801.88,89.17,,834.6,22207.03,19791.57,89.12,,
835.8,22252.39,19784.52,88.91,,835.8,22252.39,19797.75,88.97,,835.8,22252.39,19791.14,88.94,,
837.0,22278.53,19798.47,88.87,,837.0,22278.53,19809.92,88.92,,837.0,22278.53,19804.20,88.89,,
838.1,22362.84,19850.03,88.76,,838.1,22362.84,19853.88,88.78,,838.1,22362.84,19851.96,88.77,,
839.3,22423.92,19873.50,88.63,,839.3,22423.92,19889.08,88.70,,839.3,22423.92,19881.29,88.66,,
840.5,22463.55,19917.20,88.66,,840.5,22463.55,19927.06,88.71,,840.5,22463.55,19922.13,88.69,,
841.7,22539.94,19942.04,88.47,,841.7,22539.94,19958.02,88.55,,841.7,22539.94,19950.03,88.51,,
842.9,22590.38,19981.59,88.45,,842.9,22590.38,19987.68,88.48,,842.9,22590.38,19984.64,88.47,,
844.0,22640.76,20015.83,88.41,,844.0,22640.76,20017.90,88.42,,844.0,22640.76,20016.87,88.41,,
845.2,22733.43,20068.93,88.28,,845.2,22733.43,20092.06,88.38,,845.2,22733.43,20080.50,88.33,,
846.4,22779.40,20110.34,88.28,,846.4,22779.40,20112.49,88.29,,846.4,22779.40,20111.42,88.29,,
847.5,22894.92,20179.84,88.14,,847.5,22894.92,20186.43,88.17,,847.5,22894.92,20183.14,88.16,,
848.7,22986.81,20263.45,88.15,,848.7,22986.81,20274.68,88.20,,848.7,22986.81,20269.07,88.18,,
849.9,23090.42,20366.99,88.21,,849.9,23090.42,20373.86,88.24,,849.9,23090.42,20370.43,88.22,,
851.0,23115.33,20390.40,88.21,,851.0,23115.33,20413.69,88.31,,851.0,23115.33,20402.05,88.26,,
852.2,23147.70,20414.74,88.19,,852.2,23147.70,20421.81,88.22,,852.2,23147.70,20418.28,88.21,,
853.3,23146.04,20389.91,88.09,,853.3,23146.04,20427.94,88.26,,853.3,23146.04,20408.93,88.17,,
854.5,23138.69,20395.82,88.15,,854.5,23138.69,20393.43,88.14,,854.5,23138.69,20394.63,88.14,,
855.6,23131.08,20364.52,88.04,,855.6,23131.08,20398.28,88.19,,855.6,23131.08,20381.40,88.11,,
856.8,23140.08,20366.92,88.02,,856.8,23140.08,20386.37,88.10,,856.8,23140.08,20376.65,88.06,,
857.9,23125.66,20372.17,88.09,,857.9,23125.66,20377.07,88.11,,857.9,23125.66,20374.62,88.10,,
859.1,23200.40,20417.84,88.01,,859.1,23200.40,20420.32,88.02,,859.1,23200.40,20419.08,88.01,,
860.2,23210.88,20402.46,87.90,,860.2,23210.88,20425.07,88.00,,860.2,23210.88,20413.77,87.95,,
861.4,23238.19,20421.85,87.88,,861.4,23238.19,20439.68,87.96,,861.4,23238.19,20430.77,87.92,,
862.5,23256.69,20428.95,87.84,,862.5,23256.69,20434.11,87.86,,862.5,23256.69,20431.53,87.85,,
863.7,23299.75,20456.84,87.80,,863.7,23299.75,20472.58,87.87,,863.7,23299.75,20464.71,87.83,,
864.8,23308.25,20452.74,87.75,,864.8,23308.25,20474.02,87.84,,864.8,23308.25,20463.38,87.79,,
865.9,23278.88,20409.84,87.68,,865.9,23278.88,20426.03,87.74,,865.9,23278.88,20417.94,87.71,,
867.1,23298.62,20438.42,87.72,,867.1,23298.62,20432.94,87.70,,867.1,23298.62,20435.68,87.71,,
868.2,23308.26,20401.42,87.53,,868.2,23308.26,20420.88,87.61,,868.2,23308.26,20411.15,87.57,,
869.3,23327.36,20408.70,87.49,,869.3,23327.36,20451.03,87.67,,869.3,23327.36,20429.87,87.58,,
870.5,23292.12,20367.46,87.44,,870.5,23292.12,20373.18,87.47,,870.5,23292.12,20370.32,87.46,,
871.6,23289.32,20341.32,87.34,,871.6,23289.32,20370.35,87.47,,871.6,23289.32,20355.84,87.40,,
872.7,23336.56,20375.56,87.31,,872.7,23336.56,20402.08,87.43,,872.7,23336.56,20388.82,87.37,,
873.9,23363.45,20401.61,87.32,,873.9,23363.45,20428.53,87.44,,873.9,23363.45,20415.07,87.38,,
875.0,23323.98,20346.64,87.23,,875.0,23323.98,20386.10,87.40,,875.0,23323.98,20366.37,87.32,,
876.1,23338.58,20346.92,87.18,,876.1,23338.58,20328.44,87.10,,876.1,23338.58,20337.68,87.14,,
877.2,23352.60,20311.24,86.98,,877.2,23352.60,20345.70,87.12,,877.2,23352.60,20328.47,87.05,,
878.3,23349.40,20291.63,86.90,,878.3,23349.40,20339.42,87.11,,878.3,23349.40,20315.53,87.01,,
879.4,23378.40,20306.74,86.86,,879.4,23378.40,20316.48,86.90,,879.4,23378.40,20311.61,86.88,,
880.5,23403.42,20292.62,86.71,,880.5,23403.42,20292.62,86.71,,880.5,23403.42,20292.62,86.71,,
881.7,23389.60,20225.92,86.47,,881.7,23389.60,20259.72,86.62,,881.7,23389.60,20242.82,86.55,,
882.8,23432.80,20238.36,86.37,,882.8,23432.80,20300.39,86.63,,882.8,23432.80,20269.38,86.50,,
883.9,23448.21,20236.83,86.30,,883.9,23448.21,20313.90,86.63,,883.9,23448.21,20275.37,86.47,,
885.0,23450.02,20218.65,86.22,,885.0,23450.02,20268.34,86.43,,885.0,23450.02,20243.50,86.33,,
886.1,23424.56,20235.67,86.39,,886.1,23424.56,20289.35,86.62,,886.1,23424.56,20262.51,86.50,,
887.2,23365.96,20140.34,86.20,,887.2,23365.96,20183.45,86.38,,887.2,23365.96,20161.90,86.29,,
888.3,23308.56,20100.04,86.23,,888.3,23308.56,20110.83,86.28,,888.3,23308.56,20105.44,86.26,,
889.4,23276.53,20014.04,85.98,,889.4,23276.53,20046.43,86.12,,889.4,23276.53,20030.24,86.05,,
890.5,23201.38,19965.89,86.05,,890.5,23201.38,19998.30,86.19,,890.5,23201.38,19982.10,86.12,,
891.6,23192.34,19932.51,85.94,,891.6,23192.34,19939.73,85.98,,891.6,23192.34,19936.12,85.96,,
892.7,23215.89,19890.02,85.67,,892.7,23215.89,19929.83,85.85,,892.7,23215.89,19909.93,85.76,,
893.8,23203.09,19896.15,85.75,,893.8,23203.09,19885.25,85.70,,893.8,23203.09,19890.70,85.72,,
894.9,23213.03,19834.01,85.44,,894.9,23213.03,19863.23,85.57,,894.9,23213.03,19848.62,85.51,,
896.0,23219.08,19812.39,85.33,,896.0,23219.08,19845.43,85.47,,896.0,23219.08,19828.91,85.40,,
897.0,23233.59,19779.71,85.13,,897.0,23233.59,19857.26,85.47,,897.0,23233.59,19818.49,85.30,,
898.1,23265.19,19804.67,85.13,,898.1,23265.19,19819.53,85.19,,898.1,23265.19,19812.10,85.16,,
899.2,23265.94,19770.91,84.98,,899.2,23265.94,19793.33,85.07,,899.2,23265.94,19782.12,85.03,,
900.3,23202.69,19737.78,85.07,,900.3,23202.69,19719.00,84.99,,900.3,23202.69,19728.39,85.03,,
901.4,23182.22,19635.60,84.70,,901.4,23182.22,19669.54,84.85,,901.4,23182.22,19652.57,84.77,,
902.4,23192.03,19591.54,84.48,,902.4,23192.03,19655.93,84.75,,902.4,23192.03,19623.74,84.61,,
903.5,23179.29,19589.25,84.51,,903.5,23179.29,19604.47,84.58,,903.5,23179.29,19596.86,84.54,,
904.6,23181.33,19564.74,84.40,,904.6,23181.33,19599.11,84.55,,904.6,23181.33,19581.93,84.47,,
905.7,23181.52,19558.45,84.37,,905.7,23181.52,19558.45,84.37,,905.7,23181.52,19558.45,84.37,,
906.7,23201.08,19489.68,84.00,,906.7,23201.08,19528.22,84.17,,906.7,23201.08,19508.95,84.09,,
907.8,23205.26,19509.46,84.07,,907.8,23205.26,19548.20,84.24,,907.8,23205.26,19528.83,84.16,,
908.9,23171.38,19458.32,83.98,,908.9,23171.38,19462.21,83.99,,908.9,23171.38,19460.27,83.98,,
909.9,23142.01,19392.23,83.80,,909.9,23142.01,19423.47,83.93,,909.9,23142.01,19407.85,83.86,,
911.0,23135.89,19363.93,83.70,,911.0,23135.89,19340.39,83.59,,911.0,23135.89,19352.16,83.65,,
912.1,23112.25,19264.80,83.35,,912.1,23112.25,19292.34,83.47,,912.1,23112.25,19278.57,83.41,,
913.1,23069.80,19202.77,83.24,,913.1,23069.80,19222.53,83.32,,913.1,23069.80,19212.65,83.28,,
914.2,23011.95,19080.66,82.92,,914.2,23011.95,19108.45,83.04,,914.2,23011.95,19094.56,82.98,,
915.2,23006.97,19076.90,82.92,,915.2,23006.97,19080.90,82.94,,915.2,23006.97,19078.90,82.93,,
916.3,23024.55,19034.70,82.67,,916.3,23024.55,19038.72,82.69,,916.3,23024.55,19036.71,82.68,,
917.3,23013.50,18984.62,82.49,,917.3,23013.50,18984.62,82.49,,917.3,23013.50,18984.62,82.49,,
918.4,22970.06,18909.22,82.32,,918.4,22970.06,18880.73,82.20,,918.4,22970.06,18894.98,82.26,,
919.4,22959.52,18810.31,81.93,,919.4,22959.52,18818.51,81.96,,919.4,22959.52,18814.41,81.95,,
920.5,22948.10,18742.75,81.67,,920.5,22948.10,18767.54,81.78,,920.5,22948.10,18755.15,81.73,,
921.5,22992.94,18728.11,81.45,,921.5,22992.94,18728.11,81.45,,921.5,22992.94,18728.11,81.45,,
922.6,22908.19,18621.46,81.29,,922.6,22908.19,18625.67,81.31,,922.6,22908.19,18623.57,81.30,,
923.6,22998.44,18564.78,80.72,,923.6,22998.44,18594.58,80.85,,923.6,22998.44,18579.68,80.79,,
924.7,22983.50,18477.10,80.39,,924.7,22983.50,18528.70,80.62,,924.7,22983.50,18502.90,80.51,,
925.7,22963.47,18427.25,80.25,,925.7,22963.47,18401.18,80.13,,925.7,22963.47,18414.22,80.19,,
926.7,22993.12,18341.84,79.77,,926.7,22993.12,18355.00,79.83,,926.7,22993.12,18348.42,79.80,,
927.8,23046.06,18303.86,79.42,,927.8,23046.06,18330.46,79.54,,927.8,23046.06,18317.16,79.48,,
928.8,23129.73,18275.51,79.01,,928.8,23129.73,18271.03,78.99,,928.8,23129.73,18273.27,79.00,,
929.9,23214.82,18246.27,78.60,,929.9,23214.82,18250.79,78.62,,929.9,23214.82,18248.53,78.61,,
930.9,23325.95,18217.76,78.10,,930.9,23325.95,18258.87,78.28,,930.9,23325.95,18238.32,78.19,,
931.9,23422.51,18216.74,77.77,,931.9,23422.51,18235.19,77.85,,931.9,23422.51,18225.97,77.81,,
932.9,23590.71,18281.64,77.50,,932.9,23590.71,18309.56,77.61,,932.9,23590.71,18295.60,77.55,,
934.0,23628.34,18204.31,77.04,,934.0,23628.34,18246.49,77.22,,934.0,23628.34,18225.40,77.13,,
935.0,23647.48,18135.62,76.69,,935.0,23647.48,18130.91,76.67,,935.0,23647.48,18133.27,76.68,,
936.0,23654.47,17971.23,75.97,,936.0,23654.47,17957.02,75.91,,936.0,23654.47,17964.13,75.94,,
937.0,23611.58,17847.26,75.59,,937.0,23611.58,17913.87,75.87,,937.0,23611.58,17880.57,75.73,,
938.1,23603.32,17783.72,75.34,,938.1,23603.32,17802.83,75.43,,938.1,23603.32,17793.28,75.38,,
939.1,23584.34,17617.66,74.70,,939.1,23584.34,17665.73,74.90,,939.1,23584.34,17641.70,74.80,,
940.1,23673.00,17573.86,74.24,,940.1,23673.00,17588.43,74.30,,940.1,23673.00,17581.15,74.27,,
941.1,23749.98,17548.29,73.89,,941.1,23749.98,17548.29,73.89,,941.1,23749.98,17548.29,73.89,,
942.1,23913.97,17516.50,73.25,,942.1,23913.97,17541.49,73.35,,942.1,23913.97,17529.00,73.30,,
943.1,24007.97,17446.05,72.67,,943.1,24007.97,17461.27,72.73,,943.1,24007.97,17453.66,72.70,,
944.1,24139.96,17465.63,72.35,,944.1,24139.96,17470.77,72.37,,944.1,24139.96,17468.20,72.36,,
945.2,24191.16,17327.02,71.63,,945.2,24191.16,17373.89,71.82,,945.2,24191.16,17350.46,71.72,,
946.2,24274.20,17313.84,71.33,,946.2,24274.20,17292.73,71.24,,946.2,24274.20,17303.29,71.28,,
947.2,24295.69,17194.90,70.77,,947.2,24295.69,17205.60,70.82,,947.2,24295.69,17200.25,70.80,,
948.2,24407.51,17127.41,70.17,,948.2,24407.51,17143.73,70.24,,948.2,24407.51,17135.57,70.21,,
949.2,24434.31,17055.68,69.80,,949.2,24434.31,17033.58,69.71,,949.2,24434.31,17044.63,69.76,,
950.2,24503.20,16921.82,69.06,,950.2,24503.20,16944.30,69.15,,950.2,24503.20,16933.06,69.11,,
951.2,24568.74,16810.42,68.42,,951.2,24568.74,16827.55,68.49,,951.2,24568.74,16818.99,68.46,,
952.2,24624.11,16764.74,68.08,,952.2,24624.11,16764.74,68.08,,952.2,24624.11,16764.74,68.08,,
953.2,24717.31,16703.96,67.58,,953.2,24717.31,16656.64,67.39,,953.2,24717.31,16680.30,67.48,,
954.2,24858.68,16576.47,66.68,,954.2,24858.68,16600.59,66.78,,954.2,24858.68,16588.53,66.73,,
955.2,24833.48,16437.88,66.19,,955.2,24833.48,16480.89,66.37,,955.2,24833.48,16459.39,66.28,,
956.2,24781.87,16287.46,65.72,,956.2,24781.87,16362.61,66.03,,956.2,24781.87,16325.04,65.87,,
957.2,24889.44,16290.69,65.45,,957.2,24889.44,16277.91,65.40,,957.2,24889.44,16284.30,65.43,,
958.2,24934.17,16203.13,64.98,,958.2,24934.17,16196.61,64.96,,958.2,24934.17,16199.87,64.97,,
959.2,25016.63,16217.10,64.83,,959.2,25016.63,16150.50,64.56,,959.2,25016.63,16183.80,64.69,,
960.1,25036.42,16128.15,64.42,,960.1,25036.42,16107.73,64.34,,960.1,25036.42,16117.94,64.38,,
961.1,25110.32,16084.53,64.06,,961.1,25110.32,16133.27,64.25,,961.1,25110.32,16108.90,64.15,,
962.1,25088.91,16052.63,63.98,,962.1,25088.91,16074.00,64.07,,962.1,25088.91,16063.32,64.03,,
963.1,25119.92,15951.24,63.50,,963.1,25119.92,15995.02,63.67,,963.1,25119.92,15973.13,63.59,,
964.1,25214.63,15987.94,63.41,,964.1,25214.63,16032.77,63.59,,964.1,25214.63,16010.36,63.50,,
965.1,25330.49,16021.22,63.25,,965.1,25330.49,16028.90,63.28,,965.1,25330.49,16025.06,63.26,,
966.1,25308.67,15981.94,63.15,,966.1,25308.67,16021.28,63.30,,966.1,25308.67,16001.61,63.23,,
967.0,25429.11,16005.98,62.94,,967.0,25429.11,15965.52,62.78,,967.0,25429.11,15985.75,62.86,,
968.0,25412.72,15956.49,62.79,,968.0,25412.72,15989.75,62.92,,968.0,25412.72,15973.12,62.85,,
969.0,25476.70,15981.52,62.73,,969.0,25476.70,15998.64,62.80,,969.0,25476.70,15990.08,62.76,,
970.0,25548.92,15989.32,62.58,,970.0,25548.92,15980.49,62.55,,970.0,25548.92,15984.91,62.57,,
971.0,25553.38,15940.39,62.38,,971.0,25553.38,15958.61,62.45,,971.0,25553.38,15949.50,62.42,,
971.9,25577.75,15927.64,62.27,,971.9,25577.75,16003.22,62.57,,971.9,25577.75,15965.43,62.42,,
972.9,25632.47,15932.70,62.16,,972.9,25632.47,15952.37,62.24,,972.9,25632.47,15942.54,62.20,,
973.9,25687.84,15918.50,61.97,,973.9,25687.84,15990.39,62.25,,973.9,25687.84,15954.45,62.11,,
974.9,25707.07,15933.27,61.98,,974.9,25707.07,15900.95,61.85,,974.9,25707.07,15917.11,61.92,,
975.8,25785.50,15950.97,61.86,,975.8,25785.50,15962.32,61.90,,975.8,25785.50,15956.65,61.88,,
976.8,25887.84,15982.67,61.74,,976.8,25887.84,15910.67,61.46,,976.8,25887.84,15946.67,61.60,,
977.8,25820.50,15979.72,61.89,,977.8,25820.50,16005.21,61.99,,977.8,25820.50,15992.47,61.94,,
978.8,25860.98,15867.30,61.36,,978.8,25860.98,15935.40,61.62,,978.8,25860.98,15901.35,61.49,,
979.7,25944.03,15958.78,61.51,,979.7,25944.03,15958.78,61.51,,979.7,25944.03,15958.78,61.51,,
980.7,26085.84,15874.19,60.85,,980.7,26085.84,16017.34,61.40,,980.7,26085.84,15945.77,61.13,,
981.7,26216.93,15964.94,60.90,,981.7,26216.93,16034.50,61.16,,981.7,26216.93,15999.72,61.03,,
982.6,26357.49,15939.32,60.47,,982.6,26357.49,16035.34,60.84,,982.6,26357.49,15987.33,60.66,,
983.6,26637.96,16165.01,60.68,,983.6,26637.96,16122.13,60.52,,983.6,26637.96,16143.57,60.60,,
984.6,26867.99,16229.47,60.40,,984.6,26867.99,16350.23,60.85,,984.6,26867.99,16289.85,60.63,,
985.5,27228.96,16419.89,60.30,,985.5,27228.96,16172.35,59.39,,985.5,27228.96,16296.12,59.85,,
986.5,27586.71,16631.07,60.29,,986.5,27586.71,16378.12,59.37,,986.5,27586.71,16504.60,59.83,,
987.5,28229.74,16827.86,59.61,,987.5,28229.74,17194.48,60.91,,987.5,28229.74,17011.17,60.26,,
988.4,29129.10,17669.52,60.66,,988.4,29129.10,17498.80,60.07,,988.4,29129.10,17584.16,60.37,,
989.4,29461.65,17826.80,60.51,,989.4,29461.65,18026.54,61.19,,989.4,29461.65,17926.67,60.85,,
990.4,30215.79,18275.44,60.48,,990.4,30215.79,18450.61,61.06,,990.4,30215.79,18363.03,60.77,,
991.3,31016.90,18814.64,60.66,,991.3,31016.90,19291.83,62.20,,991.3,31016.90,19053.24,61.43,,
992.3,32083.73,19563.25,60.98,,992.3,32083.73,19093.73,59.51,,992.3,32083.73,19328.49,60.24,,
993.2,32873.87,20464.82,62.25,,993.2,32873.87,20105.79,61.16,,993.2,32873.87,20285.31,61.71,,
994.2,33903.68,20241.00,59.70,,994.2,33903.68,20848.23,61.49,,994.2,33903.68,20544.62,60.60,,
995.2,33992.36,21262.71,62.55,,995.2,33992.36,20815.07,61.23,,995.2,33992.36,21038.89,61.89,,
996.1,34230.84,22127.79,64.64,,996.1,34230.84,21883.29,63.93,,996.1,34230.84,22005.54,64.29,,
997.1,34851.51,21757.76,62.43,,997.1,34851.51,21627.48,62.06,,997.1,34851.51,21692.62,62.24,,
998.0,34260.00,21926.40,64.00,,998.0,34260.00,22063.44,64.40,,998.0,34260.00,21994.92,64.20,,
999.0,34687.92,21969.02,63.33,,999.0,34687.92,23847.95,68.75,,999.0,34687.92,22908.49,66.04,,
1000.0,34688.89,21900.88,63.14,,1000.0,34688.89,22650.91,65.30,,1000.0,34688.89,22275.90,64.22,,
1000.9,35217.36,22035.44,62.57,,1000.9,35217.36,22350.23,63.46,,1000.9,35217.36,22192.84,63.02,,
1001.9,35272.85,23028.71,65.29,,1001.9,35272.85,22866.53,64.83,,1001.9,35272.85,22947.62,65.06,,
1002.8,34914.90,22914.21,65.63,,1002.8,34914.90,22746.95,65.15,,1002.8,34914.90,22830.58,65.39,,
1003.8,33603.76,22169.76,65.97,,1003.8,33603.76,22518.89,67.01,,1003.8,33603.76,22344.33,66.49,,
1004.8,35367.90,22818.00,64.52,,1004.8,35367.90,21357.65,60.39,,1004.8,35367.90,22087.83,62.45,,
961.5,31131.28,18852.80,60.56,,961.5,31131.28,18369.39,59.01,,961.5,31131.28,18611.10,59.78,,
965.5,30535.97,18423.94,60.34,,965.5,30535.97,18338.64,60.06,,965.5,30535.97,18381.29,60.20,,
969.5,29322.48,17980.16,61.32,,969.5,29322.48,18109.05,61.76,,969.5,29322.48,18044.61,61.54,,
973.4,27903.28,17445.19,62.52,,973.4,27903.28,17580.42,63.00,,973.4,27903.28,17512.81,62.76,,
977.4,26904.56,17099.61,63.56,,977.4,26904.56,17099.61,63.56,,977.4,26904.56,17099.61,63.56,,
981.4,26534.70,17045.72,64.24,,981.4,26534.70,17064.85,64.31,,981.4,26534.70,17055.29,64.28,,
985.3,26407.57,17137.38,64.90,,985.3,26407.57,17150.50,64.95,,985.3,26407.57,17143.94,64.92,,
989.3,26474.11,17363.79,65.59,,989.3,26474.11,17363.79,65.59,,989.3,26474.11,17363.79,65.59,,
993.3,26619.54,17623.92,66.21,,993.3,26619.54,17656.57,66.33,,993.3,26619.54,17640.25,66.27,,
997.2,26659.40,17836.39,66.90,,997.2,26659.40,17873.00,67.04,,997.2,26659.40,17854.70,66.97,,
1001.2,26636.74,18044.91,67.74,,1001.2,26636.74,18044.91,67.74,,1001.2,26636.74,18044.91,67.74,,
1005.2,26603.49,18217.68,68.48,,1005.2,26603.49,18211.07,68.45,,1005.2,26603.49,18214.38,68.47,,
1009.1,26619.65,18433.35,69.25,,1009.1,26619.65,18452.26,69.32,,1009.1,26619.65,18442.81,69.28,,
1013.1,26716.01,18718.04,70.06,,1013.1,26716.01,18730.05,70.11,,1013.1,26716.01,18724.05,70.09,,
1017.1,26794.94,19002.15,70.92,,1017.1,26794.94,19002.15,70.92,,1017.1,26794.94,19002.15,70.92,,
1021.0,26801.46,19260.05,71.86,,1021.0,26801.46,19260.05,71.86,,1021.0,26801.46,19260.05,71.86,,
1025.0,26791.13,19515.95,72.84,,1025.0,26791.13,19526.95,72.89,,1025.0,26791.13,19521.45,72.87,,
1029.0,26701.37,19699.77,73.78,,1029.0,26701.37,19716.02,73.84,,1029.0,26701.37,19707.90,73.81,,
1032.9,26612.69,19848.92,74.58,,1032.9,26612.69,19891.56,74.74,,1032.9,26612.69,19870.24,74.66,,
1036.9,26609.51,20076.23,75.45,,1036.9,26609.51,20112.87,75.59,,1036.9,26609.51,20094.55,75.52,,
1040.9,26674.31,20352.00,76.30,,1040.9,26674.31,20392.89,76.45,,1040.9,26674.31,20372.45,76.37,,
1044.8,26787.82,20660.18,77.13,,1044.8,26787.82,20700.13,77.27,,1044.8,26787.82,20680.16,77.20,,
1048.8,26888.29,20954.59,77.93,,1048.8,26888.29,20974.24,78.01,,1048.8,26888.29,20964.42,77.97,,
1052.7,26960.57,21182.62,78.57,,1052.7,26960.57,21216.38,78.69,,1052.7,26960.57,21199.50,78.63,,
1056.7,26977.24,21339.00,79.10,,1056.7,26977.24,21362.71,79.19,,1056.7,26977.24,21350.86,79.14,,
1060.7,26985.60,21471.36,79.57,,1060.7,26985.60,21485.41,79.62,,1060.7,26985.60,21478.39,79.59,,
1064.6,27010.97,21580.12,79.89,,1064.6,27010.97,21580.12,79.89,,1064.6,27010.97,21580.12,79.89,,
1068.6,26982.88,21580.84,79.98,,1068.6,26982.88,21589.94,80.01,,1068.6,26982.88,21585.39,80.00,,
1072.5,26926.21,21561.57,80.08,,1072.5,26926.21,21570.53,80.11,,1072.5,26926.21,21566.05,80.09,,
1076.5,26904.28,21537.50,80.05,,1076.5,26904.28,21550.70,80.10,,1076.5,26904.28,21544.10,80.08,,
1080.4,26907.72,21482.92,79.84,,1080.4,26907.72,21508.87,79.94,,1080.4,26907.72,21495.90,79.89,,
1084.4,26967.74,21447.15,79.53,,1084.4,26967.74,21464.21,79.59,,1084.4,26967.74,21455.68,79.56,,
1088.3,27046.80,21401.01,79.13,,1088.3,27046.80,21401.01,79.13,,1088.3,27046.80,21401.01,79.13,,
1092.3,27030.17,21256.20,78.64,,1092.3,27030.17,21277.11,78.72,,1092.3,27030.17,21266.66,78.68,,
1096.2,27021.53,21092.11,78.06,,1096.2,27021.53,21108.75,78.12,,1096.2,27021.53,21100.43,78.09,,
1100.2,27064.25,20941.49,77.38,,1100.2,27064.25,20933.22,77.35,,1100.2,27064.25,20937.36,77.36,,
1104.1,26999.93,20703.36,76.68,,1104.1,26999.93,20719.73,76.74,,1104.1,26999.93,20711.55,76.71,,
1108.1,26976.31,20505.07,76.01,,1108.1,26976.31,20529.32,76.10,,1108.1,26976.31,20517.20,76.06,,
1112.0,26929.62,20261.30,75.24,,1112.0,26929.62,20285.33,75.33,,1112.0,26929.62,20273.32,75.28,,
1116.0,26827.19,19963.78,74.42,,1116.0,26827.19,19975.67,74.46,,1116.0,26827.19,19969.73,74.44,,
1119.9,26743.36,19651.61,73.48,,1119.9,26743.36,19663.31,73.53,,1119.9,26743.36,19657.46,73.50,,
1123.9,26789.11,19343.18,72.21,,1123.9,26789.11,19370.23,72.31,,1123.9,26789.11,19356.71,72.26,,
1127.8,26776.32,18900.48,70.59,,1127.8,26776.32,18904.32,70.60,,1127.8,26776.32,18902.40,70.59,,
1131.8,26765.25,18299.43,68.37,,1131.8,26765.25,18310.86,68.41,,1131.8,26765.25,18305.15,68.39,,
1135.7,26806.82,17595.30,65.64,,1135.7,26806.82,17625.67,65.75,,1135.7,26806.82,17610.49,65.69,,
1139.6,26802.37,16839.62,62.83,,1139.6,26802.37,16858.58,62.90,,1139.6,26802.37,16849.10,62.86,,
1143.6,26782.94,16104.43,60.13,,1143.6,26782.94,16127.04,60.21,,1143.6,26782.94,16115.74,60.17,,
1147.5,26783.56,15463.87,57.74,,1147.5,26783.56,15486.35,57.82,,1147.5,26783.56,15475.11,57.78,,
1151.4,26689.51,14895.95,55.81,,1151.4,26689.51,14914.51,55.88,,1151.4,26689.51,14905.23,55.85,,
1155.4,26684.50,14529.82,54.45,,1155.4,26684.50,14544.50,54.51,,1155.4,26684.50,14537.16,54.48,,
1159.3,26717.33,14278.57,53.44,,1159.3,26717.33,14285.84,53.47,,1159.3,26717.33,14282.21,53.46,,
1163.2,26640.39,14042.78,52.71,,1163.2,26640.39,14049.95,52.74,,1163.2,26640.39,14046.37,52.73,,
1167.2,26631.42,13919.28,52.27,,1167.2,26631.42,13929.90,52.31,,1167.2,26631.42,13924.59,52.29,,
1171.1,26649.11,13845.19,51.95,,1171.1,26649.11,13841.69,51.94,,1171.1,26649.11,13843.44,51.95,,
1175.0,26624.79,13749.01,51.64,,1175.0,26624.79,13742.05,51.61,,1175.0,26624.79,13745.53,51.63,,
1179.0,26612.16,13668.80,51.36,,1179.0,26612.16,13668.80,51.36,,1179.0,26612.16,13668.80,51.36,,
1182.9,26679.08,13625.07,51.07,,1182.9,26679.08,13611.14,51.02,,1182.9,26679.08,13618.11,51.04,,
1186.8,26688.13,13549.68,50.77,,1186.8,26688.13,13546.20,50.76,,1186.8,26688.13,13547.94,50.76,,
1190.7,26563.51,13433.18,50.57,,1190.7,26563.51,13450.58,50.64,,1190.7,26563.51,13441.88,50.60,,
1194.7,26418.25,13327.34,50.45,,1194.7,26418.25,13341.25,50.50,,1194.7,26418.25,13334.30,50.47,,
1198.6,26292.42,13239.77,50.36,,1198.6,26292.42,13260.56,50.43,,1198.6,26292.42,13250.17,50.40,,
1202.5,26222.77,13194.28,50.32,,1202.5,26222.77,13218.46,50.41,,1202.5,26222.77,13206.37,50.36,,
1206.4,26156.30,13177.85,50.38,,1206.4,26156.30,13188.17,50.42,,1206.4,26156.30,13183.01,50.40,,
1210.3,26101.80,13177.14,50.48,,1210.3,26101.80,13183.97,50.51,,1210.3,26101.80,13180.56,50.50,,
1214.2,26061.58,13199.19,50.65,,1214.2,26061.58,13205.93,50.67,,1214.2,26061.58,13202.56,50.66,,
1218.2,25980.18,13217.58,50.88,,1218.2,25980.18,13224.22,50.90,,1218.2,25980.18,13220.90,50.89,,
1222.1,25898.70,13244.10,51.14,,1222.1,25898.70,13260.48,51.20,,1222.1,25898.70,13252.29,51.17,,
1226.0,25846.71,13297.57,51.45,,1226.0,25846.71,13313.70,51.51,,1226.0,25846.71,13305.64,51.48,,
1229.9,25808.88,13346.46,51.71,,1229.9,25808.88,13352.82,51.74,,1229.9,25808.88,13349.64,51.72,,
1233.8,25765.00,13385.03,51.95,,1233.8,25765.00,13394.42,51.99,,1233.8,25765.00,13389.73,51.97,,
1237.7,25743.41,13439.53,52.21,,1237.7,25743.41,13448.79,52.24,,1237.7,25743.41,13444.16,52.22,,
1241.6,25703.07,13473.53,52.42,,1241.6,25703.07,13488.78,52.48,,1241.6,25703.07,13481.16,52.45,,
1245.5,25624.12,13479.70,52.61,,1245.5,25624.12,13491.79,52.65,,1245.5,25624.12,13485.75,52.63,,
1249.4,25550.35,13474.51,52.74,,1249.4,25550.35,13486.49,52.78,,1249.4,25550.35,13480.50,52.76,,
1253.3,25491.83,13482.23,52.89,,1253.3,25491.83,13488.17,52.91,,1253.3,25491.83,13485.20,52.90,,
1257.2,25468.72,13505.43,53.03,,1257.2,25468.72,13514.26,53.06,,1257.2,25468.72,13509.85,53.04,,
1261.1,25410.02,13498.16,53.12,,1261.1,25410.02,13521.49,53.21,,1261.1,25410.02,13509.83,53.17,,
1265.0,25340.06,13479.74,53.20,,1265.0,25340.06,13491.33,53.24,,1265.0,25340.06,13485.54,53.22,,
1268.9,25238.59,13421.18,53.18,,1268.9,25238.59,13426.92,53.20,,1268.9,25238.59,13424.05,53.19,,
1272.8,25273.80,13412.10,53.07,,1272.8,25273.80,13420.65,53.10,,1272.8,25273.80,13416.38,53.08,,
1276.7,25394.86,13427.43,52.87,,1276.7,25394.86,13438.81,52.92,,1276.7,25394.86,13433.12,52.90,,
1280.6,25450.19,13402.88,52.66,,1280.6,25450.19,13411.37,52.70,,1280.6,25450.19,13407.13,52.68,,
1284.5,25408.33,13314.47,52.40,,1284.5,25408.33,13322.89,52.44,,1284.5,25408.33,13318.68,52.42,,
1288.4,25396.88,13214.50,52.03,,1288.4,25396.88,13233.97,52.11,,1288.4,25396.88,13224.24,52.07,,
1292.3,25335.75,13079.00,51.62,,1292.3,25335.75,13090.00,51.67,,1292.3,25335.75,13084.50,51.64,,
1296.2,25253.77,12913.21,51.13,,1296.2,25253.77,12915.93,51.14,,1296.2,25253.77,12914.57,51.14,,
1300.1,25154.45,12717.82,50.56,,1300.1,25154.45,12717.82,50.56,,1300.1,25154.45,12717.82,50.56,,
1303.9,25021.28,12482.89,49.89,,1303.9,25021.28,12488.18,49.91,,1303.9,25021.28,12485.54,49.90,,
1307.8,24888.83,12226.23,49.12,,1307.8,24888.83,12231.45,49.14,,1307.8,24888.83,12228.84,49.13,,
1311.7,24744.05,11944.51,48.27,,1311.7,24744.05,11957.47,48.32,,1311.7,24744.05,11950.99,48.30,,
1315.6,24606.58,11653.58,47.36,,1315.6,24606.58,11666.42,47.41,,1315.6,24606.58,11660.00,47.39,,
1319.5,24454.91,11343.07,46.38,,1319.5,24454.91,11340.52,46.37,,1319.5,24454.91,11341.80,46.38,,
1323.3,24310.87,11018.11,45.32,,1323.3,24310.87,11023.14,45.34,,1323.3,24310.87,11020.63,45.33,,
1327.2,24198.13,10696.44,44.20,,1327.2,24198.13,10708.93,44.26,,1327.2,24198.13,10702.69,44.23,,
1331.1,24066.72,10371.96,43.10,,1331.1,24066.72,10384.34,43.15,,1331.1,24066.72,10378.15,43.12,,
1335.0,23889.51,10040.13,42.03,,1335.0,23889.51,10052.41,42.08,,1335.0,23889.51,10046.27,42.05,,
1338.8,23760.57,9741.78,41.00,,1338.8,23760.57,9746.67,41.02,,1338.8,23760.57,9744.23,41.01,,
1342.7,23672.67,9486.17,40.07,,1342.7,23672.67,9491.06,40.09,,1342.7,23672.67,9488.62,40.08,,
1346.5,23478.13,9220.66,39.27,,1346.5,23478.13,9223.11,39.28,,1346.5,23478.13,9221.89,39.28,,
1350.4,23310.26,8973.65,38.50,,1350.4,23310.26,8981.05,38.53,,1350.4,23310.26,8977.35,38.51,,
1354.3,23083.45,8721.97,37.78,,1354.3,23083.45,8726.98,37.81,,1354.3,23083.45,8724.48,37.80,,
1358.1,22838.31,8457.41,37.03,,1358.1,22838.31,8454.87,37.02,,1358.1,22838.31,8456.14,37.03,,
1362.0,22679.75,8207.11,36.19,,1362.0,22679.75,8204.56,36.18,,1362.0,22679.75,8205.84,36.18,,
1365.8,22617.02,7982.77,35.30,,1365.8,22617.02,7982.77,35.30,,1365.8,22617.02,7982.77,35.30,,
1369.7,22674.59,7773.07,34.28,,1369.7,22674.59,7775.58,34.29,,1369.7,22674.59,7774.33,34.29,,
1373.5,22638.01,7499.69,33.13,,1373.5,22638.01,7499.69,33.13,,1373.5,22638.01,7499.69,33.13,,
1377.4,22496.49,7144.26,31.76,,1377.4,22496.49,7139.14,31.73,,1377.4,22496.49,7141.70,31.75,,
1381.2,22378.35,6721.00,30.03,,1381.2,22378.35,6718.42,30.02,,1381.2,22378.35,6719.71,30.03,,
1385.1,22350.32,6264.69,28.03,,1385.1,22350.32,6259.53,28.01,,1385.1,22350.32,6262.11,28.02,,
1389.0,22288.46,5786.23,25.96,,1389.0,22288.46,5781.13,25.94,,1389.0,22288.46,5783.68,25.95,,
1392.8,22173.23,5309.65,23.95,,1392.8,22173.23,5304.60,23.92,,1392.8,22173.23,5307.13,23.93,,
1396.6,22085.45,4865.52,22.03,,1396.6,22085.45,4865.52,22.03,,1396.6,22085.45,4865.52,22.03,,
1400.5,21959.65,4466.92,20.34,,1400.5,21959.65,4459.47,20.31,,1400.5,21959.65,4463.20,20.32,,
1404.3,21857.78,4137.44,18.93,,1404.3,21857.78,4120.27,18.85,,1404.3,21857.78,4128.86,18.89,,
1408.2,21838.81,3865.82,17.70,,1408.2,21838.81,3863.38,17.69,,1408.2,21838.81,3864.60,17.70,,
1412.0,21801.98,3648.16,16.73,,1412.0,21801.98,3650.58,16.74,,1412.0,21801.98,3649.37,16.74,,
1415.8,21812.41,3494.57,16.02,,1415.8,21812.41,3504.12,16.06,,1415.8,21812.41,3499.35,16.04,,
1419.6,21792.97,3358.77,15.41,,1419.6,21792.97,3375.34,15.49,,1419.6,21792.97,3367.06,15.45,,
1423.5,21771.98,3259.32,14.97,,1423.5,21771.98,3266.39,15.00,,1423.5,21771.98,3262.86,14.99,,
1427.3,21755.09,3184.36,14.64,,1427.3,21755.09,3193.71,14.68,,1427.3,21755.09,3189.04,14.66,,
1431.1,21750.38,3131.78,14.40,,1431.1,21750.38,3136.43,14.42,,1431.1,21750.38,3134.11,14.41,,
1434.9,21698.88,3077.31,14.18,,1434.9,21698.88,3081.95,14.20,,1434.9,21698.88,3079.63,14.19,,
1438.8,21663.77,3046.54,14.06,,1438.8,21663.77,3051.17,14.08,,1438.8,21663.77,3048.86,14.07,,
1442.6,21637.50,3030.40,14.01,,1442.6,21637.50,3030.40,14.01,,1442.6,21637.50,3030.40,14.01,,
1446.4,21563.28,3001.11,13.92,,1446.4,21563.28,3001.11,13.92,,1446.4,21563.28,3001.11,13.92,,
1450.2,21516.17,2982.80,13.86,,1450.2,21516.17,2980.51,13.85,,1450.2,21516.17,2981.66,13.86,,
1454.0,21457.08,2966.28,13.82,,1454.0,21457.08,2966.28,13.82,,1454.0,21457.08,2966.28,13.82,,
1457.8,21441.21,2963.99,13.82,,1457.8,21441.21,2970.81,13.86,,1457.8,21441.21,2967.40,13.84,,
1461.6,21431.12,2973.76,13.88,,1461.6,21431.12,2976.04,13.89,,1461.6,21431.12,2974.90,13.88,,
1465.4,21362.81,2980.59,13.95,,1465.4,21362.81,2982.87,13.96,,1465.4,21362.81,2981.73,13.96,,
1469.2,21250.78,2993.90,14.09,,1469.2,21250.78,2998.45,14.11,,1469.2,21250.78,2996.18,14.10,,
1473.0,21169.27,3023.86,14.28,,1473.0,21169.27,3021.58,14.27,,1473.0,21169.27,3022.72,14.28,,
1476.8,21139.84,3061.63,14.48,,1476.8,21139.84,3063.91,14.49,,1476.8,21139.84,3062.77,14.49,,
1480.7,21105.82,3110.84,14.74,,1480.7,21105.82,3117.67,14.77,,1480.7,21105.82,3114.26,14.76,,
1484.4,21030.72,3173.76,15.09,,1484.4,21030.72,3173.76,15.09,,1484.4,21030.72,3173.76,15.09,,
1488.2,20973.72,3244.44,15.47,,1488.2,20973.72,3242.16,15.46,,1488.2,20973.72,3243.30,15.46,,
1492.0,20900.33,3313.22,15.85,,1492.0,20900.33,3315.49,15.86,,1492.0,20900.33,3314.36,15.86,,
1495.8,20827.63,3380.65,16.23,,1495.8,20827.63,3385.20,16.25,,1495.8,20827.63,3382.93,16.24,,
1499.6,20757.13,3436.73,16.56,,1499.6,20757.13,3448.13,16.61,,1499.6,20757.13,3442.43,16.58,,
1503.4,20685.81,3489.20,16.87,,1503.4,20685.81,3498.35,16.91,,1503.4,20685.81,3493.78,16.89,,
1507.2,20635.20,3528.79,17.10,,1507.2,20635.20,3526.47,17.09,,1507.2,20635.20,3527.63,17.10,,
1510.9,20559.83,3533.24,17.19,,1510.9,20559.83,3533.24,17.19,,1510.9,20559.83,3533.24,17.19,,
1514.7,20479.56,3559.41,17.38,,1514.7,20479.56,3568.82,17.43,,1514.7,20479.56,3564.12,17.40,,
1518.5,20410.03,3637.66,17.82,,1518.5,20410.03,3649.44,17.88,,1518.5,20410.03,3643.55,17.85,,
1522.3,20318.91,3705.12,18.23,,1522.3,20318.91,3714.59,18.28,,1522.3,20318.91,3709.86,18.26,,
1526.0,20257.55,3740.55,18.46,,1526.0,20257.55,3745.31,18.49,,1526.0,20257.55,3742.93,18.48,,
1529.8,20222.14,3772.29,18.65,,1529.8,20222.14,3777.06,18.68,,1529.8,20222.14,3774.68,18.67,,
1533.6,20145.31,3804.88,18.89,,1533.6,20145.31,3816.83,18.95,,1533.6,20145.31,3810.86,18.92,,
1537.3,20069.96,3858.41,19.22,,1537.3,20069.96,3870.41,19.28,,1537.3,20069.96,3864.41,19.25,,
1541.1,19997.77,3912.08,19.56,,1541.1,19997.77,3916.89,19.59,,1541.1,19997.77,3914.49,19.57,,
1544.8,19920.00,3957.60,19.87,,1544.8,19920.00,3967.20,19.92,,1544.8,19920.00,3962.40,19.89,,
1548.6,19840.21,4009.87,20.21,,1548.6,19840.21,4031.51,20.32,,1548.6,19840.21,4020.69,20.27,,
1552.4,19790.40,4077.48,20.60,,1552.4,19790.40,4089.56,20.66,,1552.4,19790.40,4083.52,20.63,,
1556.1,19745.13,4130.74,20.92,,1556.1,19745.13,4140.38,20.97,,1556.1,19745.13,4135.56,20.94,,
1559.9,19688.26,4177.53,21.22,,1559.9,19688.26,4184.71,21.25,,1559.9,19688.26,4181.12,21.24,,
1563.6,19618.47,4223.75,21.53,,1563.6,19618.47,4221.36,21.52,,1563.6,19618.47,4222.56,21.52,,
1567.3,19559.76,4263.76,21.80,,1567.3,19559.76,4270.93,21.84,,1567.3,19559.76,4267.35,21.82,,
1571.1,19433.54,4298.40,22.12,,1571.1,19433.54,4305.56,22.16,,1571.1,19433.54,4301.98,22.14,,
1574.8,19353.80,4351.50,22.48,,1574.8,19353.80,4358.66,22.52,,1574.8,19353.80,4355.08,22.50,,
1578.6,19306.98,4398.70,22.78,,1578.6,19306.98,4413.02,22.86,,1578.6,19306.98,4405.86,22.82,,
1582.3,19224.28,4429.21,23.04,,1582.3,19224.28,4433.98,23.06,,1582.3,19224.28,4431.60,23.05,,
1586.0,19146.44,4458.96,23.29,,1586.0,19146.44,4461.35,23.30,,1586.0,19146.44,4460.16,23.29,,
1589.8,19074.77,4475.16,23.46,,1589.8,19074.77,4479.97,23.49,,1589.8,19074.77,4477.57,23.47,,
1593.5,18983.01,4486.94,23.64,,1593.5,18983.01,4486.94,23.64,,1593.5,18983.01,4486.94,23.64,,
1597.2,18910.28,4513.88,23.87,,1597.2,18910.28,4518.68,23.90,,1597.2,18910.28,4516.28,23.88,,
1600.9,18837.12,4539.27,24.10,,1600.9,18837.12,4544.07,24.12,,1600.9,18837.12,4541.67,24.11,,
1604.7,18753.01,4558.49,24.31,,1604.7,18753.01,4565.70,24.35,,1604.7,18753.01,4562.10,24.33,,
1608.4,18685.00,4576.21,24.49,,1608.4,18685.00,4597.87,24.61,,1608.4,18685.00,4587.04,24.55,,
1612.1,18589.61,4599.34,24.74,,1612.1,18589.61,4613.76,24.82,,1612.1,18589.61,4606.55,24.78,,
1615.8,18506.95,4621.93,24.97,,1615.8,18506.95,4621.93,24.97,,1615.8,18506.95,4621.93,24.97,,
1619.5,18470.24,4648.89,25.17,,1619.5,18470.24,4651.30,25.18,,1619.5,18470.24,4650.10,25.18,,
1623.2,18382.61,4663.85,25.37,,1623.2,18382.61,4666.26,25.38,,1623.2,18382.61,4665.06,25.38,,
1626.9,18281.26,4664.77,25.52,,1626.9,18281.26,4667.19,25.53,,1626.9,18281.26,4665.98,25.52,,
1630.6,18186.30,4665.76,25.66,,1630.6,18186.30,4677.86,25.72,,1630.6,18186.30,4671.81,25.69,,
1634.3,18110.82,4681.25,25.85,,1634.3,18110.82,4688.50,25.89,,1634.3,18110.82,4684.88,25.87,,
1638.0,18019.81,4689.40,26.02,,1638.0,18019.81,4696.63,26.06,,1638.0,18019.81,4693.02,26.04,,
1641.7,17928.53,4686.30,26.14,,1641.7,17928.53,4700.71,26.22,,1641.7,17928.53,4693.51,26.18,,
1645.4,17837.69,4689.85,26.29,,1645.4,17837.69,4692.24,26.31,,1645.4,17837.69,4691.05,26.30,,
1649.1,17719.40,4681.05,26.42,,1649.1,17719.40,4690.57,26.47,,1649.1,17719.40,4685.81,26.44,,
1652.8,17632.13,4667.33,26.47,,1652.8,17632.13,4681.54,26.55,,1652.8,17632.13,4674.44,26.51,,
1656.4,17542.23,4648.81,26.50,,1656.4,17542.23,4655.89,26.54,,1656.4,17542.23,4652.35,26.52,,
1660.1,17452.82,4638.97,26.58,,1660.1,17452.82,4641.33,26.59,,1660.1,17452.82,4640.15,26.59,,
1663.8,17351.33,4616.19,26.60,,1663.8,17351.33,4625.61,26.66,,1663.8,17351.33,4620.90,26.63,,
1667.5,17263.22,4587.59,26.57,,1667.5,17263.22,4599.31,26.64,,1667.5,17263.22,4593.45,26.61,,
1671.1,17190.62,4559.87,26.53,,1671.1,17190.62,4569.22,26.58,,1671.1,17190.62,4564.55,26.55,,
1674.8,17086.89,4528.35,26.50,,1674.8,17086.89,4533.02,26.53,,1674.8,17086.89,4530.69,26.52,,
1678.5,17055.43,4515.08,26.47,,1678.5,17055.43,4512.75,26.46,,1678.5,17055.43,4513.92,26.47,,
1682.1,17058.87,4492.38,26.33,,1682.1,17058.87,4501.74,26.39,,1682.1,17058.87,4497.06,26.36,,
1685.8,17063.96,4468.35,26.19,,1685.8,17063.96,4482.47,26.27,,1685.8,17063.96,4475.41,26.23,,
1689.5,17004.15,4437.71,26.10,,1689.5,17004.15,4447.17,26.15,,1689.5,17004.15,4442.44,26.13,,
1693.1,16926.54,4391.61,25.95,,1693.1,16926.54,4398.72,25.99,,1693.1,16926.54,4395.17,25.97,,
1696.8,16843.50,4343.88,25.79,,1696.8,16843.50,4351.00,25.83,,1696.8,16843.50,4347.44,25.81,,
1700.4,16752.61,4297.13,25.65,,1700.4,16752.61,4301.89,25.68,,1700.4,16752.61,4299.51,25.66,,
1704.0,16684.20,4245.80,25.45,,1704.0,16684.20,4250.58,25.48,,1704.0,16684.20,4248.19,25.46,,
1707.7,16548.84,4171.84,25.21,,1707.7,16548.84,4179.00,25.25,,1707.7,16548.84,4175.42,25.23,,
1711.3,16387.05,4089.60,24.96,,1711.3,16387.05,4094.38,24.99,,1711.3,16387.05,4091.99,24.97,,
1715.0,16263.58,4024.05,24.74,,1715.0,16263.58,4028.84,24.77,,1715.0,16263.58,4026.45,24.76,,
1718.6,16168.21,3958.19,24.48,,1718.6,16168.21,3972.57,24.57,,1718.6,16168.21,3965.38,24.53,,
1722.2,16083.03,3900.96,24.26,,1722.2,16083.03,3908.18,24.30,,1722.2,16083.03,3904.57,24.28,,
1725.9,15998.19,3846.32,24.04,,1725.9,15998.19,3848.74,24.06,,1725.9,15998.19,3847.53,24.05,,
1729.5,15924.10,3791.11,23.81,,1729.5,15924.10,3803.13,23.88,,1729.5,15924.10,3797.12,23.85,,
1733.1,15857.39,3754.44,23.68,,1733.1,15857.39,3766.43,23.75,,1733.1,15857.39,3760.44,23.71,,
1736.7,15790.22,3728.05,23.61,,1736.7,15790.22,3740.04,23.69,,1736.7,15790.22,3734.05,23.65,,
1740.3,15689.65,3693.09,23.54,,1740.3,15689.65,3700.28,23.58,,1740.3,15689.65,3696.69,23.56,,
1744.0,15648.28,3661.09,23.40,,1744.0,15648.28,3663.48,23.41,,1744.0,15648.28,3662.29,23.40,,
1747.5,15570.19,3612.80,23.20,,1747.5,15570.19,3619.97,23.25,,1747.5,15570.19,3616.39,23.23,,
1751.2,15444.89,3552.44,23.00,,1751.2,15444.89,3557.22,23.03,,1751.2,15444.89,3554.83,23.02,,
1754.8,15352.25,3501.18,22.81,,1754.8,15352.25,3498.80,22.79,,1754.8,15352.25,3499.99,22.80,,
1758.4,15274.29,3456.80,22.63,,1758.4,15274.29,3449.65,22.58,,1758.4,15274.29,3453.23,22.61,,
1762.0,15165.37,3406.71,22.46,,1762.0,15165.37,3399.55,22.42,,1762.0,15165.37,3403.13,22.44,,
1765.5,15091.31,3368.49,22.32,,1765.5,15091.31,3356.55,22.24,,1765.5,15091.31,3362.52,22.28,,
1769.1,15074.40,3343.20,22.18,,1769.1,15074.40,3343.20,22.18,,1769.1,15074.40,3343.20,22.18,,
1772.7,15027.15,3316.77,22.07,,1772.7,15027.15,3321.61,22.10,,1772.7,15027.15,3319.19,22.09,,
1776.3,14954.60,3283.73,21.96,,1776.3,14954.60,3293.47,22.02,,1776.3,14954.60,3288.60,21.99,,
1779.9,14886.09,3251.35,21.84,,1779.9,14886.09,3266.06,21.94,,1779.9,14886.09,3258.71,21.89,,
1783.5,14852.72,3236.40,21.79,,1783.5,14852.72,3241.36,21.82,,1783.5,14852.72,3238.88,21.81,,
1787.0,14774.09,3213.71,21.75,,1787.0,14774.09,3213.71,21.75,,1787.0,14774.09,3213.71,21.75,,
1790.6,14686.84,3183.95,21.68,,1790.6,14686.84,3191.48,21.73,,1790.6,14686.84,3187.72,21.70,,
1794.2,14626.25,3167.50,21.66,,1794.2,14626.25,3172.57,21.69,,1794.2,14626.25,3170.04,21.67,,
1797.8,14572.31,3158.75,21.68,,1797.8,14572.31,3163.88,21.71,,1797.8,14572.31,3161.32,21.69,,
1801.3,14527.22,3151.54,21.69,,1801.3,14527.22,3164.52,21.78,,1801.3,14527.22,3158.03,21.74,,
1804.9,14445.38,3139.50,21.73,,1804.9,14445.38,3152.63,21.82,,1804.9,14445.38,3146.07,21.78,,
1808.4,14404.59,3128.07,21.72,,1808.4,14404.59,3144.08,21.83,,1808.4,14404.59,3136.08,21.77,,
1812.0,14321.63,3119.54,21.78,,1812.0,14321.63,3124.97,21.82,,1812.0,14321.63,3122.26,21.80,,
1815.5,14236.38,3105.26,21.81,,1815.5,14236.38,3113.60,21.87,,1815.5,14236.38,3109.43,21.84,,
1819.1,14124.74,3080.73,21.81,,1819.1,14124.74,3086.41,21.85,,1819.1,14124.74,3083.57,21.83,,
1822.6,14025.96,3064.93,21.85,,1822.6,14025.96,3070.70,21.89,,1822.6,14025.96,3067.82,21.87,,
1826.2,13954.81,3050.50,21.86,,1826.2,13954.81,3065.18,21.97,,1826.2,13954.81,3057.84,21.91,,
1829.7,13857.23,3026.02,21.84,,1829.7,13857.23,3032.02,21.88,,1829.7,13857.23,3029.02,21.86,,
1833.2,13724.80,2991.30,21.79,,1833.2,13724.80,2988.22,21.77,,1833.2,13724.80,2989.76,21.78,,
1836.8,13596.77,2955.68,21.74,,1836.8,13596.77,2952.50,21.71,,1836.8,13596.77,2954.09,21.73,,
1840.3,13507.92,2920.37,21.62,,1840.3,13507.92,2920.37,21.62,,1840.3,13507.92,2920.37,21.62,,
1843.8,13431.88,2874.34,21.40,,1843.8,13431.88,2881.20,21.45,,1843.8,13431.88,2877.77,21.42,,
1847.3,13384.53,2835.36,21.18,,1847.3,13384.53,2839.03,21.21,,1847.3,13384.53,2837.20,21.20,,
1850.8,13325.76,2790.14,20.94,,1850.8,13325.76,2794.18,20.97,,1850.8,13325.76,2792.16,20.95,,
1854.3,13223.04,2730.94,20.65,,1854.3,13223.04,2740.03,20.72,,1854.3,13223.04,2735.49,20.69,,
1857.8,13161.20,2657.20,20.19,,1857.8,13161.20,2662.40,20.23,,1857.8,13161.20,2659.80,20.21,,
1861.3,13149.65,2566.94,19.52,,1861.3,13149.65,2584.77,19.66,,1861.3,13149.65,2575.86,19.59,,
1864.8,13113.55,2470.09,18.84,,1864.8,13113.55,2483.47,18.94,,1864.8,13113.55,2476.78,18.89,,
1868.3,13008.00,2343.06,18.01,,1868.3,13008.00,2328.37,17.90,,1868.3,13008.00,2335.72,17.96,,
1871.8,12902.40,2181.12,16.90,,1871.8,12902.40,2173.44,16.85,,1871.8,12902.40,2177.28,16.88,,
1875.3,12863.31,2034.31,15.81,,1875.3,12863.31,2026.57,15.75,,1875.3,12863.31,2030.44,15.78,,
1878.8,12861.64,1887.10,14.67,,1878.8,12861.64,1863.89,14.49,,1878.8,12861.64,1875.50,14.58,,
1882.3,12814.79,1731.09,13.51,,1882.3,12814.79,1715.43,13.39,,1882.3,12814.79,1723.26,13.45,,
1885.8,12721.10,1614.23,12.69,,1885.8,12721.10,1598.17,12.56,,1885.8,12721.10,1606.20,12.63,,
1889.3,12603.25,1493.04,11.85,,1889.3,12603.25,1484.70,11.78,,1889.3,12603.25,1488.87,11.81,,
1892.7,12484.14,1390.08,11.13,,1892.7,12484.14,1407.79,11.28,,1892.7,12484.14,1398.94,11.21,,
1896.2,12425.34,1350.58,10.87,,1896.2,12425.34,1340.93,10.79,,1896.2,12425.34,1345.76,10.83,,
1899.7,12309.09,1310.64,10.65,,1899.7,12309.09,1310.64,10.65,,1899.7,12309.09,1310.64,10.65,,
1903.1,12237.46,1306.54,10.68,,1903.1,12237.46,1319.47,10.78,,1903.1,12237.46,1313.01,10.73,,
1906.6,12275.96,1396.09,11.37,,1906.6,12275.96,1347.95,10.98,,1906.6,12275.96,1372.02,11.18,,
1910.0,12425.41,1521.90,12.25,,1910.0,12425.41,1438.51,11.58,,1910.0,12425.41,1480.21,11.91,,
1913.5,12695.50,1642.62,12.94,,1913.5,12695.50,1670.46,13.16,,1913.5,12695.50,1656.54,13.05,,
1917.0,13071.45,1957.03,14.97,,1917.0,13071.45,1920.10,14.69,,1917.0,13071.45,1938.57,14.83,,
1920.4,13359.03,2311.25,17.30,,1920.4,13359.03,2218.80,16.61,,1920.4,13359.03,2265.03,16.96,,
1923.8,13383.20,2546.60,19.03,,1923.8,13383.20,2438.24,18.22,,1923.8,13383.20,2492.42,18.62,,
1871.2,11709.94,1602.53,13.69,,1871.2,11709.94,1705.55,14.57,,1871.2,11709.94,1654.04,14.13,,
1873.9,11844.38,1567.80,13.24,,1873.9,11844.38,1600.01,13.51,,1873.9,11844.38,1583.91,13.37,,
1876.7,11942.06,1597.60,13.38,,1876.7,11942.06,1507.74,12.63,,1876.7,11942.06,1552.67,13.00,,
1879.5,11955.33,1399.83,11.71,,1879.5,11955.33,1456.58,12.18,,1879.5,11955.33,1428.21,11.95,,
1882.3,11773.28,1290.10,10.96,,1882.3,11773.28,1362.27,11.57,,1882.3,11773.28,1326.19,11.26,,
1885.1,11714.58,1241.28,10.60,,1885.1,11714.58,1267.14,10.82,,1885.1,11714.58,1254.21,10.71,,
1887.8,11825.72,1129.79,9.55,,1887.8,11825.72,1162.78,9.83,,1887.8,11825.72,1146.29,9.69,,
1890.6,11726.19,1114.92,9.51,,1890.6,11726.19,1114.92,9.51,,1890.6,11726.19,1114.92,9.51,,
1893.4,11711.33,1048.67,8.95,,1893.4,11711.33,1107.33,9.46,,1893.4,11711.33,1078.00,9.20,,
1896.2,11690.33,935.23,8.00,,1896.2,11690.33,969.61,8.29,,1896.2,11690.33,952.42,8.15,,
1898.9,11600.54,918.54,7.92,,1898.9,11600.54,905.69,7.81,,1898.9,11600.54,912.12,7.86,,
1901.7,11509.78,887.63,7.71,,1901.7,11509.78,905.26,7.87,,1901.7,11509.78,896.45,7.79,,
1904.5,11595.68,867.56,7.48,,1904.5,11595.68,888.72,7.66,,1904.5,11595.68,878.14,7.57,,
1907.2,11575.75,878.75,7.59,,1907.2,11575.75,888.25,7.67,,1907.2,11575.75,883.50,7.63,,
1910.0,11534.65,890.61,7.72,,1910.0,11534.65,847.37,7.35,,1910.0,11534.65,868.99,7.53,,
1912.7,11509.58,824.69,7.17,,1912.7,11509.58,824.69,7.17,,1912.7,11509.58,824.69,7.17,,
1915.5,11429.24,820.41,7.18,,1915.5,11429.24,839.22,7.34,,1915.5,11429.24,829.82,7.26,,
1918.2,11379.10,840.91,7.39,,1918.2,11379.10,830.17,7.30,,1918.2,11379.10,835.54,7.34,,
1921.0,11291.49,808.01,7.16,,1921.0,11291.49,814.89,7.22,,1921.0,11291.49,811.45,7.19,,
1923.7,11305.65,797.07,7.05,,1923.7,11305.65,817.08,7.23,,1923.7,11305.65,807.08,7.14,,
1926.5,11284.35,801.14,7.10,,1926.5,11284.35,804.40,7.13,,1926.5,11284.35,802.77,7.11,,
1929.2,11297.09,811.29,7.18,,1929.2,11297.09,798.46,7.07,,1929.2,11297.09,804.88,7.12,,
1932.0,11293.84,793.16,7.02,,1932.0,11293.84,799.48,7.08,,1932.0,11293.84,796.32,7.05,,
1934.7,11256.00,794.17,7.06,,1934.7,11256.00,787.92,7.00,,1934.7,11256.00,791.05,7.03,,
1937.4,11153.59,797.13,7.15,,1937.4,11153.59,794.03,7.12,,1937.4,11153.59,795.58,7.13,,
1940.2,11119.32,795.99,7.16,,1940.2,11119.32,814.43,7.32,,1940.2,11119.32,805.21,7.24,,
1942.9,11202.56,800.84,7.15,,1942.9,11202.56,813.02,7.26,,1942.9,11202.56,806.93,7.20,,
1945.6,11207.22,803.32,7.17,,1945.6,11207.22,815.40,7.28,,1945.6,11207.22,809.36,7.22,,
1948.3,11145.88,821.28,7.37,,1948.3,11145.88,800.22,7.18,,1948.3,11145.88,810.75,7.27,,
1951.1,11140.01,815.71,7.32,,1951.1,11140.01,818.72,7.35,,1951.1,11140.01,817.22,7.34,,
1953.8,11145.00,816.00,7.32,,1953.8,11145.00,834.00,7.48,,1953.8,11145.00,825.00,7.40,,
1956.5,11045.56,817.64,7.40,,1956.5,11045.56,823.63,7.46,,1956.5,11045.56,820.64,7.43,,
1959.2,11104.86,840.19,7.57,,1959.2,11104.86,828.23,7.46,,1959.2,11104.86,834.21,7.51,,
1961.9,11124.34,852.28,7.66,,1961.9,11124.34,840.36,7.55,,1961.9,11124.34,846.32,7.61,,
1964.6,11058.08,844.90,7.64,,1964.6,11058.08,865.73,7.83,,1964.6,11058.08,855.32,7.73,,
1967.3,11092.37,866.27,7.81,,1967.3,11092.37,860.33,7.76,,1967.3,11092.37,863.30,7.78,,
1970.0,10987.52,837.68,7.62,,1970.0,10987.52,834.72,7.60,,1970.0,10987.52,836.20,7.61,,
1972.8,10943.00,835.43,7.63,,1972.8,10943.00,867.79,7.93,,1972.8,10943.00,851.61,7.78,,
1975.5,10983.78,875.07,7.97,,1975.5,10983.78,875.07,7.97,,1975.5,10983.78,875.07,7.97,,
1978.2,10935.40,855.56,7.82,,1978.2,10935.40,873.08,7.98,,1978.2,10935.40,864.32,7.90,,
1980.9,10858.38,865.76,7.97,,1980.9,10858.38,894.91,8.24,,1980.9,10858.38,880.34,8.11,,
1983.5,10836.45,898.68,8.29,,1983.5,10836.45,898.68,8.29,,1983.5,10836.45,898.68,8.29,,
1986.2,10831.02,873.00,8.06,,1986.2,10831.02,896.28,8.28,,1986.2,10831.02,884.64,8.17,,
1988.9,10819.38,890.46,8.23,,1988.9,10819.38,913.74,8.45,,1988.9,10819.38,902.10,8.34,,
1991.6,10735.05,921.14,8.58,,1991.6,10735.05,903.76,8.42,,1991.6,10735.05,912.45,8.50,,
1994.3,10649.29,912.71,8.57,,1994.3,10649.29,895.38,8.41,,1994.3,10649.29,904.05,8.49,,
1997.0,10665.45,925.55,8.68,,1997.0,10665.45,945.73,8.87,,1997.0,10665.45,935.64,8.77,,
1999.7,10628.04,918.93,8.65,,1999.7,10628.04,939.04,8.84,,1999.7,10628.04,928.99,8.74,,
2002.3,10626.41,926.29,8.72,,2002.3,10626.41,917.66,8.64,,2002.3,10626.41,921.98,8.68,,
2005.0,10577.50,943.55,8.92,,2005.0,10577.50,946.42,8.95,,2005.0,10577.50,944.99,8.93,,
2007.7,10537.87,957.47,9.09,,2007.7,10537.87,943.13,8.95,,2007.7,10537.87,950.30,9.02,,
2010.4,10503.55,962.14,9.16,,2010.4,10503.55,947.86,9.02,,2010.4,10503.55,955.00,9.09,,
2013.0,10469.60,955.92,9.13,,2013.0,10469.60,984.37,9.40,,2013.0,10469.60,970.15,9.27,,
2015.7,10417.55,957.64,9.19,,2015.7,10417.55,960.48,9.22,,2015.7,10417.55,959.06,9.21,,
2018.4,10373.69,961.63,9.27,,2018.4,10373.69,953.12,9.19,,2018.4,10373.69,957.38,9.23,,
2021.0,10341.67,969.00,9.37,,2021.0,10341.67,997.33,9.64,,2021.0,10341.67,983.17,9.51,,
2023.7,10246.67,966.72,9.43,,2023.7,10246.67,997.81,9.74,,2023.7,10246.67,982.27,9.59,,
2026.4,10218.87,968.93,9.48,,2026.4,10218.87,980.20,9.59,,2026.4,10218.87,974.57,9.54,,
2029.0,10197.92,981.27,9.62,,2029.0,10197.92,989.71,9.70,,2029.0,10197.92,985.49,9.66,,
2031.7,10117.47,991.47,9.80,,2031.7,10117.47,971.75,9.60,,2031.7,10117.47,981.61,9.70,,
2034.3,10100.57,980.20,9.70,,2034.3,10100.57,980.20,9.70,,2034.3,10100.57,980.20,9.70,,
2037.0,10052.37,951.47,9.47,,2037.0,10052.37,990.88,9.86,,2037.0,10052.37,971.18,9.66,,
2039.6,10015.47,976.23,9.75,,2039.6,10015.47,984.67,9.83,,2039.6,10015.47,980.45,9.79,,
2042.3,10000.48,991.34,9.91,,2042.3,10000.48,985.73,9.86,,2042.3,10000.48,988.54,9.88,,
2044.9,9966.17,990.17,9.94,,2044.9,9966.17,981.75,9.85,,2044.9,9966.17,985.96,9.89,,
2047.5,9926.90,1004.19,10.12,,2047.5,9926.90,995.78,10.03,,2047.5,9926.90,999.99,10.07,,
2050.2,9839.20,991.20,10.07,,2050.2,9839.20,988.40,10.05,,2050.2,9839.20,989.80,10.06,,
2052.8,9839.20,1002.40,10.19,,2052.8,9839.20,1010.80,10.27,,2052.8,9839.20,1006.60,10.23,,
2055.4,9775.02,988.99,10.12,,2055.4,9775.02,1019.81,10.43,,2055.4,9775.02,1004.40,10.28,,
2058.1,9676.80,980.00,10.13,,2058.1,9676.80,991.20,10.24,,2058.1,9676.80,985.60,10.19,,
2060.7,9656.73,995.02,10.30,,2060.7,9656.73,1003.41,10.39,,2060.7,9656.73,999.22,10.35,,
2063.3,9627.93,1000.41,10.39,,2063.3,9627.93,1000.41,10.39,,2063.3,9627.93,1000.41,10.39,,
2065.9,9594.96,1007.79,10.50,,2065.9,9594.96,993.83,10.36,,2065.9,9594.96,1000.81,10.43,,
2068.6,9550.29,1010.58,10.58,,2068.6,9550.29,999.42,10.46,,2068.6,9550.29,1005.00,10.52,,
2071.2,9522.27,1021.14,10.72,,2071.2,9522.27,993.24,10.43,,2071.2,9522.27,1007.19,10.58,,
2073.8,9469.56,1001.80,10.58,,2073.8,9469.56,996.21,10.52,,2073.8,9469.56,999.01,10.55,,
2076.4,9438.82,1013.21,10.73,,2076.4,9438.82,1018.82,10.79,,2076.4,9438.82,1016.02,10.76,,
2079.0,9427.55,1036.89,11.00,,2079.0,9427.55,1031.27,10.94,,2079.0,9427.55,1034.08,10.97,,
2081.6,9427.48,1021.24,10.83,,2081.6,9427.48,1029.68,10.92,,2081.6,9427.48,1025.46,10.88,,
2084.2,9413.08,1027.09,10.91,,2084.2,9413.08,1029.91,10.94,,2084.2,9413.08,1028.50,10.93,,
2086.8,9327.84,1023.86,10.98,,2086.8,9327.84,1023.86,10.98,,2086.8,9327.84,1023.86,10.98,,
2089.4,9281.57,1009.85,10.88,,2089.4,9281.57,1021.20,11.00,,2089.4,9281.57,1015.53,10.94,,
2092.1,9228.17,1045.50,11.33,,2092.1,9228.17,1037.00,11.24,,2092.1,9228.17,1041.25,11.28,,
2094.7,9209.50,1045.25,11.35,,2094.7,9209.50,1042.43,11.32,,2094.7,9209.50,1043.84,11.33,,
2097.2,9211.17,1028.50,11.17,,2097.2,9211.17,1025.67,11.14,,2097.2,9211.17,1027.09,11.15,,
2099.8,9177.65,1056.11,11.51,,2099.8,9177.65,1033.34,11.26,,2099.8,9177.65,1044.73,11.38,,
2102.4,9110.04,1034.97,11.36,,2102.4,9110.04,1040.66,11.42,,2102.4,9110.04,1037.82,11.39,,
2105.0,9037.35,1017.45,11.26,,2105.0,9037.35,1040.25,11.51,,2105.0,9037.35,1028.85,11.38,,
2107.6,9009.28,1045.34,11.60,,2107.6,9009.28,1033.95,11.48,,2107.6,9009.28,1039.65,11.54,,
2110.2,9002.40,1051.42,11.68,,2110.2,9002.40,1034.37,11.49,,2110.2,9002.40,1042.90,11.58,,
2112.8,8990.87,1039.39,11.56,,2112.8,8990.87,1042.25,11.59,,2112.8,8990.87,1040.82,11.58,,
2115.3,8991.97,1062.29,11.81,,2115.3,8991.97,1059.41,11.78,,2115.3,8991.97,1060.85,11.80,,
2117.9,8986.46,1062.01,11.82,,2117.9,8986.46,1079.42,12.01,,2117.9,8986.46,1070.72,11.91,,
2120.5,8943.22,1061.06,11.86,,2120.5,8943.22,1046.49,11.70,,2120.5,8943.22,1053.78,11.78,,
2123.1,8918.33,1082.25,12.14,,2123.1,8918.33,1061.78,11.91,,2123.1,8918.33,1072.02,12.02,,
2125.6,8905.06,1074.70,12.07,,2125.6,8905.06,1115.70,12.53,,2125.6,8905.06,1095.20,12.30,,
2128.2,8835.61,1062.38,12.02,,2128.2,8835.61,1094.57,12.39,,2128.2,8835.61,1078.48,12.21,,
2130.8,8804.25,1070.55,12.16,,2130.8,8804.25,1076.40,12.23,,2130.8,8804.25,1073.48,12.19,,
2133.3,8785.33,1067.73,12.15,,2133.3,8785.33,1058.93,12.05,,2133.3,8785.33,1063.33,12.10,,
2135.9,8707.33,1053.12,12.09,,2135.9,8707.33,1064.88,12.23,,2135.9,8707.33,1059.00,12.16,,
2138.4,8648.47,1087.32,12.57,,2138.4,8648.47,1093.21,12.64,,2138.4,8648.47,1090.27,12.61,,
2141.0,8594.63,1090.12,12.68,,2141.0,8594.63,1075.43,12.51,,2141.0,8594.63,1082.78,12.60,,
2143.6,8560.47,1072.99,12.53,,2143.6,8560.47,1061.26,12.40,,2143.6,8560.47,1067.13,12.47,,
2146.1,8482.97,1087.18,12.82,,2146.1,8482.97,1066.62,12.57,,2146.1,8482.97,1076.90,12.69,,
2148.7,8378.31,1071.88,12.79,,2148.7,8378.31,1074.82,12.83,,2148.7,8378.31,1073.35,12.81,,
2151.2,8395.20,1088.27,12.96,,2151.2,8395.20,1079.47,12.86,,2151.2,8395.20,1083.87,12.91,,
2153.8,8409.10,1083.15,12.88,,2153.8,8409.10,1086.09,12.92,,2153.8,8409.10,1084.62,12.90,,
2156.3,8334.31,1054.34,12.65,,2156.3,8334.31,1075.01,12.90,,2156.3,8334.31,1064.68,12.77,,
2158.8,8295.91,1077.97,12.99,,2158.8,8295.91,1077.97,12.99,,2158.8,8295.91,1077.97,12.99,,
2161.4,8278.92,1082.04,13.07,,2161.4,8278.92,1108.57,13.39,,2161.4,8278.92,1095.31,13.23,,
2163.9,8211.11,1079.09,13.14,,2163.9,8211.11,1096.78,13.36,,2163.9,8211.11,1087.94,13.25,,
2166.4,8178.14,1085.10,13.27,,2166.4,8178.14,1091.01,13.34,,2166.4,8178.14,1088.06,13.30,,
2169.0,8184.05,1079.18,13.19,,2169.0,8184.05,1088.05,13.29,,2169.0,8184.05,1083.62,13.24,,
2171.5,8127.88,1061.44,13.06,,2171.5,8127.88,1067.36,13.13,,2171.5,8127.88,1064.40,13.10,,
2174.0,8074.15,1062.08,13.15,,2174.0,8074.15,1062.08,13.15,,2174.0,8074.15,1062.08,13.15,,
2176.5,8046.09,1079.39,13.42,,2176.5,8046.09,1058.46,13.15,,2176.5,8046.09,1068.93,13.29,,
2179.1,8026.09,1063.12,13.25,,2179.1,8026.09,1060.11,13.21,,2179.1,8026.09,1061.62,13.23,,
2181.6,7963.08,1055.46,13.25,,2181.6,7963.08,1049.38,13.18,,2181.6,7963.08,1052.42,13.22,,
2184.1,7927.92,1068.76,13.48,,2184.1,7927.92,1084.16,13.68,,2184.1,7927.92,1076.46,13.58,,
2186.6,7968.23,1057.62,13.27,,2186.6,7968.23,1095.28,13.75,,2186.6,7968.23,1076.45,13.51,,
2189.1,7928.70,1065.72,13.44,,2189.1,7928.70,1040.04,13.12,,2189.1,7928.70,1052.88,13.28,,
2191.6,7879.20,1078.00,13.68,,2191.6,7879.20,1058.40,13.43,,2191.6,7879.20,1068.20,13.56,,
2194.1,7902.25,1046.33,13.24,,2194.1,7902.25,1096.15,13.87,,2194.1,7902.25,1071.24,13.56,,
2196.6,7910.84,1056.36,13.35,,2196.6,7910.84,1069.95,13.53,,2196.6,7910.84,1063.16,13.44,,
2199.2,7922.01,1084.87,13.69,,2199.2,7922.01,1056.97,13.34,,2199.2,7922.01,1070.92,13.52,,
2201.7,7911.90,1063.76,13.44,,2201.7,7911.90,1042.27,13.17,,2201.7,7911.90,1053.02,13.31,,
2204.1,7872.42,1055.52,13.41,,2204.1,7872.42,1040.86,13.22,,2204.1,7872.42,1048.19,13.31,,
2206.6,7859.11,1070.51,13.62,,2206.6,7859.11,1089.16,13.86,,2206.6,7859.11,1079.84,13.74,,
2209.1,7834.95,1063.59,13.57,,2209.1,7834.95,1063.59,13.57,,2209.1,7834.95,1063.59,13.57,,
2211.6,7811.28,1065.87,13.65,,2211.6,7811.28,1035.41,13.26,,2211.6,7811.28,1050.64,13.45,,
2214.1,7823.83,1083.48,13.85,,2214.1,7823.83,1072.07,13.70,,2214.1,7823.83,1077.78,13.78,,
2216.6,7801.78,1055.94,13.53,,2216.6,7801.78,1078.73,13.83,,2216.6,7801.78,1067.34,13.68,,
2219.1,7778.99,1071.13,13.77,,2219.1,7778.99,1059.74,13.62,,2219.1,7778.99,1065.44,13.70,,
2221.6,7769.41,1096.32,14.11,,2221.6,7769.41,1069.67,13.77,,2221.6,7769.41,1083.00,13.94,,
2224.0,7730.49,1055.37,13.65,,2224.0,7730.49,1089.66,14.10,,2224.0,7730.49,1072.52,13.87,,
2226.5,7705.13,1031.16,13.38,,2226.5,7705.13,1042.57,13.53,,2226.5,7705.13,1036.87,13.46,,
2229.0,7700.89,1054.45,13.69,,2229.0,7700.89,1054.45,13.69,,2229.0,7700.89,1054.45,13.69,,
2231.5,7614.04,1049.42,13.78,,2231.5,7614.04,1049.42,13.78,,2231.5,7614.04,1049.42,13.78,,
2233.9,7619.70,1008.26,13.23,,2233.9,7619.70,1031.35,13.54,,2233.9,7619.70,1019.81,13.38,,
2236.4,7646.66,1019.04,13.33,,2236.4,7646.66,1049.92,13.73,,2236.4,7646.66,1034.48,13.53,,
2238.9,7587.25,1015.25,13.38,,2238.9,7587.25,995.88,13.13,,2238.9,7587.25,1005.57,13.25,,
2241.3,7617.87,971.67,12.76,,2241.3,7617.87,967.78,12.70,,2241.3,7617.87,969.73,12.73,,
2243.8,7590.66,979.44,12.90,,2243.8,7590.66,998.87,13.16,,2243.8,7590.66,989.16,13.03,,
2246.2,7466.46,984.67,13.19,,2246.2,7466.46,1004.06,13.45,,2246.2,7466.46,994.37,13.32,,
2248.7,7485.79,948.74,12.67,,2248.7,7485.79,960.31,12.83,,2248.7,7485.79,954.53,12.75,,
2251.2,7456.07,949.30,12.73,,2251.2,7456.07,945.46,12.68,,2251.2,7456.07,947.38,12.71,,
2253.6,7388.16,948.48,12.84,,2253.6,7388.16,936.96,12.68,,2253.6,7388.16,942.72,12.76,,
2256.1,7392.00,925.44,12.52,,2256.1,7392.00,906.24,12.26,,2256.1,7392.00,915.84,12.39,,
2258.5,7429.78,906.63,12.20,,2258.5,7429.78,918.16,12.36,,2258.5,7429.78,912.40,12.28,,
2260.9,7370.87,885.89,12.02,,2260.9,7370.87,912.73,12.38,,2260.9,7370.87,899.31,12.20,,
2263.4,7335.06,882.82,12.04,,2263.4,7335.06,878.98,11.98,,2263.4,7335.06,880.90,12.01,,
2265.8,7324.05,877.04,11.97,,2265.8,7324.05,888.58,12.13,,2265.8,7324.05,882.81,12.05,,
2268.3,7284.90,854.33,11.73,,2268.3,7284.90,892.81,12.26,,2268.3,7284.90,873.57,11.99,,
2270.7,7335.06,848.27,11.56,,2270.7,7335.06,875.14,11.93,,2270.7,7335.06,861.71,11.75,,
2273.1,7298.01,862.88,11.82,,2273.1,7298.01,870.55,11.93,,2273.1,7298.01,866.72,11.88,,
2275.6,7249.92,856.32,11.81,,2275.6,7249.92,856.32,11.81,,2275.6,7249.92,856.32,11.81,,
2278.0,7263.90,826.32,11.38,,2278.0,7263.90,814.79,11.22,,2278.0,7263.90,820.56,11.30,,
2280.4,7254.11,815.85,11.25,,2280.4,7254.11,819.70,11.30,,2280.4,7254.11,817.78,11.27,,
2282.8,7154.84,824.67,11.53,,2282.8,7154.84,824.67,11.53,,2282.8,7154.84,824.67,11.53,,
2285.3,7173.98,820.44,11.44,,2285.3,7173.98,801.00,11.17,,2285.3,7173.98,810.72,11.30,,
2287.7,7228.16,820.05,11.35,,2287.7,7228.16,804.43,11.13,,2287.7,7228.16,812.24,11.24,,
2290.1,7183.21,790.67,11.01,,2290.1,7183.21,782.76,10.90,,2290.1,7183.21,786.72,10.95,,
2292.5,7174.75,769.86,10.73,,2292.5,7174.75,765.89,10.67,,2292.5,7174.75,767.88,10.70,,
2294.9,7172.28,790.33,11.02,,2294.9,7172.28,806.14,11.24,,2294.9,7172.28,798.24,11.13,,
2297.3,7095.27,755.41,10.65,,2297.3,7095.27,759.36,10.70,,2297.3,7095.27,757.39,10.67,,
2299.7,7055.67,742.29,10.52,,2299.7,7055.67,714.65,10.13,,2299.7,7055.67,728.47,10.32,,
2302.1,7047.43,758.17,10.76,,2302.1,7047.43,730.67,10.37,,2302.1,7047.43,744.42,10.56,,
2304.5,6969.76,729.12,10.46,,2304.5,6969.76,721.28,10.35,,2304.5,6969.76,725.20,10.40,,
2306.9,6871.76,709.52,10.33,,2306.9,6871.76,697.76,10.15,,2306.9,6871.76,703.64,10.24,,
2309.3,6829.66,689.63,10.10,,2309.3,6829.66,717.06,10.50,,2309.3,6829.66,703.35,10.30,,
2311.7,6841.28,710.43,10.38,,2311.7,6841.28,706.50,10.33,,2311.7,6841.28,708.47,10.36,,
2314.1,6762.12,704.96,10.43,,2314.1,6762.12,685.27,10.13,,2314.1,6762.12,695.12,10.28,,
2316.5,6698.00,669.80,10.00,,2316.5,6698.00,717.08,10.71,,2316.5,6698.00,693.44,10.35,,
2318.9,6708.72,693.73,10.34,,2318.9,6708.72,713.44,10.63,,2318.9,6708.72,703.59,10.49,,
2321.3,6699.18,705.18,10.53,,2321.3,6699.18,681.41,10.17,,2321.3,6699.18,693.30,10.35,,
2323.7,6692.83,682.86,10.20,,2323.7,6692.83,694.84,10.38,,2323.7,6692.83,688.85,10.29,,
2326.1,6669.65,677.04,10.15,,2326.1,6669.65,701.22,10.51,,2326.1,6669.65,689.13,10.33,,
2328.4,6684.27,675.34,10.10,,2328.4,6684.27,695.69,10.41,,2328.4,6684.27,685.52,10.26,,
2330.8,6719.87,674.85,10.04,,2330.8,6719.87,707.57,10.53,,2330.8,6719.87,691.21,10.29,,
2333.2,6684.06,667.17,9.98,,2333.2,6684.06,700.12,10.47,,2333.2,6684.06,683.65,10.23,,
2335.6,6626.06,664.27,10.03,,2335.6,6626.06,689.18,10.40,,2335.6,6626.06,676.73,10.21,,
2337.9,6656.47,667.73,10.03,,2337.9,6656.47,676.08,10.16,,2337.9,6656.47,671.91,10.09,,
2340.3,6637.57,638.15,9.61,,2340.3,6637.57,663.34,9.99,,2340.3,6637.57,650.75,9.80,,
2342.7,6554.85,626.29,9.55,,2342.7,6554.85,647.45,9.88,,2342.7,6554.85,636.87,9.72,,
2345.0,6590.83,645.49,9.79,,2345.0,6590.83,641.25,9.73,,2345.0,6590.83,643.37,9.76,,
2347.4,6579.00,620.50,9.43,,2347.4,6579.00,629.00,9.56,,2347.4,6579.00,624.75,9.50,,
2349.7,6450.22,615.12,9.54,,2349.7,6450.22,593.76,9.21,,2349.7,6450.22,604.44,9.37,,
2352.1,6436.79,626.10,9.73,,2352.1,6436.79,630.39,9.79,,2352.1,6436.79,628.25,9.76,,
2354.4,6443.20,618.96,9.61,,2354.4,6443.20,636.15,9.87,,2354.4,6443.20,627.56,9.74,,
2356.8,6410.25,591.38,9.23,,2356.8,6410.25,608.65,9.49,,2356.8,6410.25,600.02,9.36,,
2359.2,6387.33,615.33,9.63,,2359.2,6387.33,624.00,9.77,,2359.2,6387.33,619.67,9.70,,
2361.5,6370.47,637.05,10.00,,2361.5,6370.47,628.32,9.86,,2361.5,6370.47,632.69,9.93,,
2363.8,6359.13,597.27,9.39,,2363.8,6359.13,597.27,9.39,,2363.8,6359.13,597.27,9.39,,
2366.2,6364.03,609.04,9.57,,2366.2,6364.03,582.56,9.15,,2366.2,6364.03,595.80,9.36,,
2368.5,6327.90,587.40,9.28,,2368.5,6327.90,609.65,9.63,,2368.5,6327.90,598.53,9.46,,
2370.9,6289.51,545.75,8.68,,2370.9,6289.51,594.95,9.46,,2370.9,6289.51,570.35,9.07,,
2373.2,6299.83,584.57,9.28,,2373.2,6299.83,584.57,9.28,,2373.2,6299.83,584.57,9.28,,
2375.5,6271.65,588.25,9.38,,2375.5,6271.65,556.58,8.87,,2375.5,6271.65,572.42,9.13,,
2377.9,6231.24,547.00,8.78,,2377.9,6231.24,537.88,8.63,,2377.9,6231.24,542.44,8.71,,
2380.2,6231.07,563.55,9.04,,2380.2,6231.07,581.87,9.34,,2380.2,6231.07,572.71,9.19,,
2382.5,6226.23,565.19,9.08,,2382.5,6226.23,546.81,8.78,,2382.5,6226.23,556.00,8.93,,
2384.8,6166.56,547.52,8.88,,2384.8,6166.56,538.24,8.73,,2384.8,6166.56,542.88,8.80,,
2387.2,6137.03,571.98,9.32,,2387.2,6137.03,576.67,9.40,,2387.2,6137.03,574.33,9.36,,
2389.5,6105.12,566.60,9.28,,2389.5,6105.12,561.88,9.20,,2389.5,6105.12,564.24,9.24,,
2391.8,6108.03,537.13,8.79,,2391.8,6108.03,551.39,9.03,,2391.8,6108.03,544.26,8.91,,
2394.1,6113.08,523.02,8.56,,2394.1,6113.08,547.01,8.95,,2394.1,6113.08,535.02,8.75,,
2396.4,6043.08,527.38,8.73,,2396.4,6043.08,522.54,8.65,,2396.4,6043.08,524.96,8.69,,
2398.7,6045.74,516.40,8.54,,2398.7,6045.74,492.04,8.14,,2398.7,6045.74,504.22,8.34,,
2401.0,6037.85,548.90,9.09,,2401.0,6037.85,504.39,8.35,,2401.0,6037.85,526.65,8.72,,
2403.3,5976.00,507.96,8.50,,2403.3,5976.00,527.88,8.83,,2403.3,5976.00,517.92,8.67,,
2405.6,5958.01,449.85,7.55,,2405.6,5958.01,519.83,8.72,,2405.6,5958.01,484.84,8.14,,
2407.9,5961.90,485.97,8.15,,2407.9,5961.90,501.00,8.40,,2407.9,5961.90,493.49,8.28,,
2410.2,5895.68,486.29,8.25,,2410.2,5895.68,471.25,7.99,,2410.2,5895.68,478.77,8.12,,
2412.5,5854.08,477.68,8.16,,2412.5,5854.08,472.60,8.07,,2412.5,5854.08,475.14,8.12,,
2414.8,5884.71,498.10,8.46,,2414.8,5884.71,492.96,8.38,,2414.8,5884.71,495.53,8.42,,
2417.1,5832.68,505.84,8.67,,2417.1,5832.68,490.36,8.41,,2417.1,5832.68,498.10,8.54,,
2419.4,5803.94,484.53,8.35,,2419.4,5803.94,458.48,7.90,,2419.4,5803.94,471.51,8.12,,
2421.7,5771.82,483.61,8.38,,2421.7,5771.82,473.10,8.20,,2421.7,5771.82,478.36,8.29,,
2424.0,5758.83,480.78,8.35,,2424.0,5758.83,501.92,8.72,,2424.0,5758.83,491.35,8.53,,
2426.2,5767.30,449.40,7.79,,2426.2,5767.30,454.75,7.88,,2426.2,5767.30,452.08,7.84,,
2428.5,5732.83,470.53,8.21,,2428.5,5732.83,448.89,7.83,,2428.5,5732.83,459.71,8.02,,
2430.8,5706.15,474.15,8.31,,2430.8,5706.15,452.35,7.93,,2430.8,5706.15,463.25,8.12,,
2433.1,5636.77,453.60,8.05,,2433.1,5636.77,453.60,8.05,,2433.1,5636.77,453.60,8.05,,
2435.4,5600.60,447.60,7.99,,2435.4,5600.60,453.20,8.09,,2435.4,5600.60,450.40,8.04,,
2437.6,5600.60,430.82,7.69,,2437.6,5600.60,447.60,7.99,,2437.6,5600.60,439.21,7.84,,
2439.9,5575.70,409.90,7.35,,2439.9,5575.70,449.20,8.06,,2439.9,5575.70,429.55,7.70,,
2442.2,5563.19,398.18,7.16,,2442.2,5563.19,438.00,7.87,,2442.2,5563.19,418.09,7.52,,
2444.4,5553.80,396.29,7.14,,2444.4,5553.80,436.49,7.86,,2444.4,5553.80,416.39,7.50,,
2446.7,5507.12,426.32,7.74,,2446.7,5507.12,443.84,8.06,,2446.7,5507.12,435.08,7.90,,
2448.9,5507.15,444.13,8.06,,2448.9,5507.15,414.52,7.53,,2448.9,5507.15,429.33,7.80,,
2451.2,5507.04,405.28,7.36,,2451.2,5507.04,429.12,7.79,,2451.2,5507.04,417.20,7.58,,
2453.4,5448.11,403.79,7.41,,2453.4,5448.11,403.79,7.41,,2453.4,5448.11,403.79,7.41,,
2455.7,5430.93,401.39,7.39,,2455.7,5430.93,389.23,7.17,,2455.7,5430.93,395.31,7.28,,
2457.9,5354.09,402.93,7.53,,2457.9,5354.09,396.83,7.41,,2457.9,5354.09,399.88,7.47,,
2460.2,5363.55,363.74,6.78,,2460.2,5363.55,388.40,7.24,,2460.2,5363.55,376.07,7.01,,
2462.4,5410.08,386.88,7.15,,2462.4,5410.08,430.56,7.96,,2462.4,5410.08,408.72,7.55,,
2464.7,5343.16,359.58,6.73,,2464.7,5343.16,391.12,7.32,,2464.7,5343.16,375.35,7.02,,
2466.9,5296.50,308.16,5.82,,2466.9,5296.50,378.78,7.15,,2466.9,5296.50,343.47,6.48,,
2469.2,5269.60,362.97,6.89,,2469.2,5269.60,395.38,7.50,,2469.2,5269.60,379.18,7.20,,
2471.4,5219.18,393.90,7.55,,2471.4,5219.18,387.34,7.42,,2471.4,5219.18,390.62,7.48,,
2473.6,5235.49,374.92,7.16,,2473.6,5235.49,401.70,7.67,,2473.6,5235.49,388.31,7.42,,
2475.9,5195.15,372.53,7.17,,2475.9,5195.15,386.08,7.43,,2475.9,5195.15,379.31,7.30,,
2478.1,5116.92,389.41,7.61,,2478.1,5116.92,334.75,6.54,,2478.1,5116.92,362.08,7.08,,
2480.3,5082.02,375.93,7.40,,2480.3,5082.02,278.47,5.48,,2480.3,5082.02,327.20,6.44,,
2482.5,5118.21,386.01,7.54,,2482.5,5118.21,314.53,6.15,,2482.5,5118.21,350.27,6.84,,
2484.8,5046.20,393.21,7.79,,2484.8,5046.20,378.65,7.50,,2484.8,5046.20,385.93,7.65,,
2487.0,4999.50,340.71,6.81,,2487.0,4999.50,333.30,6.67,,2487.0,4999.50,337.01,6.74,,
2489.2,5095.91,346.76,6.80,,2489.2,5095.91,376.92,7.40,,2489.2,5095.91,361.84,7.10,,
2491.4,4987.57,368.88,7.40,,2491.4,4987.57,407.31,8.17,,2491.4,4987.57,388.10,7.78,,
2493.6,4938.15,368.40,7.46,,2493.6,4938.15,337.05,6.83,,2493.6,4938.15,352.73,7.14,,
2495.8,4972.71,316.73,6.37,,2495.8,4972.71,372.16,7.48,,2495.8,4972.71,344.45,6.93,,
2498.0,4904.53,259.41,5.29,,2498.0,4904.53,364.80,7.44,,2498.0,4904.53,312.11,6.36,,
2500.2,4920.20,328.58,6.68,,2500.2,4920.20,303.30,6.16,,2500.2,4920.20,315.94,6.42,,
2502.4,5079.36,390.72,7.69,,2502.4,5079.36,337.44,6.64,,2502.4,5079.36,364.08,7.17,,
2504.6,5192.67,356.82,6.87,,2504.6,5192.67,384.99,7.41,,2504.6,5192.67,370.91,7.14,,
2506.8,5279.98,272.77,5.17,,2506.8,5279.98,409.15,7.75,,2506.8,5279.98,340.96,6.46,,
