name= \My Documents\HR1024_Data\DS115.,,,,,name= \My Documents\HR1024_Data\DS116.,,,,,
instrument= HR: 1091052,,,,,instrument= HR: 1091052,,,,,
integration= 200  60  30  500  60  30,,,,,integration= 200  60  30  500  60  30,,,,,
scan time= 1  1,,,,,scan time= 1  1,,,,,
scan settings= AD  AI  AD  AI,,,,,scan settings= AD  AI  AD  AI,,,,,
external data set1= 8224  8224  8224  8224  8224  8224  8224  8224  8224  8224  8224  8224  8224  8224  8224  8224,,,,,external data set1= 8224  8224  8224  8224  8224  8224  8224  8224  8224  8224  8224  8224  8224  8224  8224  8224,,,,,
external data set2= 8224  8224  8224  8224  8224  8224  8224  8224  8224  8224  8224  8224  8224  8224  8224  8224,,,,,external data set2= 8224  8224  8224  8224  8224  8224  8224  8224  8224  8224  8224  8224  8224  8224  8224  8224,,,,,
external data dark= 0 0 0 0 0 0 0 0,,,,,external data dark= 0 0 0 0 0 0 0 0,,,,,
external data mask= 0,,,,,external data mask= 0,,,,,
optic= LENS4   LENS4 ,,,,,optic= LENS4   LENS4 ,,,,,
temp= 31.05  8.88  -5.37  39.11  8.94  -5.30,,,,,temp= 31.05  8.88  -5.37  39.35  8.94  -5.37,,,,,
battery= 7.7  7.2,,,,,battery= 7.7  7.2,,,,,
error= 0  0,,,,,error= 0  0,,,,,
units= Radiance  Radiance,,,,,units= Radiance  Radiance,,,,,
time= 1/12/08 9:49:29 AM  1/12/08 10:08:56 AM,,,,,time= 1/12/08 9:49:29 AM  1/12/08 10:09:27 AM,,,,,
longitude=   ,,,,,longitude=   ,,,,,
latitude=   ,,,,,latitude=   ,,,,,
gpstime=   ,,,,,gpstime=   ,,,,,
comm= ,,,,,comm= ,,,,,
memory slot= 0  0,,,,,memory slot= 0  0,,,,,
factors= ,,,,,factors= ,,,,,
,,,,,,,,,,AVERAGE OF INPUT FILES: DS115:DS116
Wavlen,Refer,Target,Reflect,,Wavlen,Refer,Target,Reflect,,Wavlen,Avg Refer,Avg Target,Avg Reflect,,
346.4,468.20,101.92,21.77,,346.4,468.20,67.52,14.42,,346.4,468.20,84.72,18.09,,
347.9,473.76,110.44,23.31,,347.9,473.76,64.01,13.51,,347.9,473.76,87.23,18.41,,
349.5,521.04,107.33,20.60,,349.5,521.04,66.14,12.69,,349.5,521.04,86.74,16.65,,
351.1,558.48,99.84,17.88,,351.1,558.48,64.90,11.62,,351.1,558.48,82.37,14.75,,
352.6,585.06,96.14,16.43,,352.6,585.06,68.31,11.68,,352.6,585.06,82.23,14.05,,
354.2,625.05,109.96,17.59,,354.2,625.05,77.23,12.36,,354.2,625.05,93.60,14.97,,
355.7,673.50,113.15,16.80,,355.7,673.50,79.47,11.80,,355.7,673.50,96.31,14.30,,
357.3,724.71,115.12,15.89,,357.3,724.71,77.67,10.72,,357.3,724.71,96.40,13.30,,
358.8,751.43,116.03,15.44,,358.8,751.43,76.89,10.23,,358.8,751.43,96.46,12.84,,
360.4,798.47,132.26,16.56,,360.4,798.47,78.79,9.87,,360.4,798.47,105.53,13.22,,
361.9,821.87,117.01,14.24,,361.9,821.87,76.62,9.32,,361.9,821.87,96.82,11.78,,
363.5,851.78,128.81,15.12,,363.5,851.78,78.95,9.27,,363.5,851.78,103.88,12.20,,
365.1,887.68,113.73,12.81,,365.1,887.68,77.67,8.75,,365.1,887.68,95.70,10.78,,
366.6,918.37,129.81,14.14,,366.6,918.37,75.96,8.27,,366.6,918.37,102.89,11.20,,
368.2,973.68,124.90,12.83,,368.2,973.68,87.30,8.97,,368.2,973.68,106.10,10.90,,
369.7,1008.89,120.15,11.91,,369.7,1008.89,66.61,6.60,,369.7,1008.89,93.38,9.26,,
371.3,1073.36,114.58,10.67,,371.3,1073.36,71.12,6.63,,371.3,1073.36,92.85,8.65,,
372.8,1148.72,122.18,10.64,,372.8,1148.72,69.06,6.01,,372.8,1148.72,95.62,8.32,,
374.4,1191.49,126.83,10.64,,374.4,1191.49,73.43,6.16,,374.4,1191.49,100.13,8.40,,
375.9,1247.87,131.08,10.50,,375.9,1247.87,88.71,7.11,,375.9,1247.87,109.90,8.81,,
377.4,1278.23,122.29,9.57,,377.4,1278.23,76.76,6.01,,377.4,1278.23,99.53,7.79,,
379.0,1330.29,129.85,9.76,,379.0,1330.29,82.75,6.22,,379.0,1330.29,106.30,7.99,,
380.5,1360.26,116.95,8.60,,380.5,1360.26,73.86,5.43,,380.5,1360.26,95.41,7.01,,
382.1,1412.49,132.38,9.37,,382.1,1412.49,70.92,5.02,,382.1,1412.49,101.65,7.20,,
383.6,1460.03,127.01,8.70,,383.6,1460.03,82.78,5.67,,383.6,1460.03,104.90,7.18,,
385.2,1529.00,121.00,7.91,,385.2,1529.00,72.60,4.75,,385.2,1529.00,96.80,6.33,,
386.7,1608.26,123.46,7.68,,386.7,1608.26,74.73,4.65,,386.7,1608.26,99.10,6.16,,
388.3,1679.42,128.27,7.64,,388.3,1679.42,72.83,4.34,,388.3,1679.42,100.55,5.99,,
389.8,1759.55,132.86,7.55,,389.8,1759.55,76.86,4.37,,389.8,1759.55,104.86,5.96,,
391.3,1843.67,133.68,7.25,,391.3,1843.67,73.52,3.99,,391.3,1843.67,103.60,5.62,,
392.9,1897.62,133.15,7.02,,392.9,1897.62,81.94,4.32,,392.9,1897.62,107.55,5.67,,
394.4,1955.58,150.75,7.71,,394.4,1955.58,81.90,4.19,,394.4,1955.58,116.33,5.95,,
395.9,2019.02,157.00,7.78,,395.9,2019.02,95.46,4.73,,395.9,2019.02,126.23,6.25,,
397.5,2131.80,160.21,7.52,,397.5,2131.80,95.61,4.48,,397.5,2131.80,127.91,6.00,,
399.0,2240.25,161.92,7.23,,399.0,2240.25,91.46,4.08,,399.0,2240.25,126.69,5.66,,
400.6,2303.62,161.88,7.03,,400.6,2303.62,92.82,4.03,,400.6,2303.62,127.35,5.53,,
402.1,2342.64,155.83,6.65,,402.1,2342.64,90.82,3.88,,402.1,2342.64,123.33,5.26,,
403.6,2375.92,146.73,6.18,,403.6,2375.92,86.31,3.63,,403.6,2375.92,116.52,4.90,,
405.1,2451.81,148.07,6.04,,405.1,2451.81,82.26,3.36,,405.1,2451.81,115.17,4.70,,
406.7,2542.40,153.22,6.03,,406.7,2542.40,82.43,3.24,,406.7,2542.40,117.83,4.63,,
408.2,2650.73,153.25,5.78,,408.2,2650.73,84.65,3.19,,408.2,2650.73,118.95,4.49,,
409.7,2746.24,161.28,5.87,,409.7,2746.24,85.12,3.10,,409.7,2746.24,123.20,4.49,,
411.3,2843.51,167.99,5.91,,411.3,2843.51,87.21,3.07,,411.3,2843.51,127.60,4.49,,
412.8,2936.43,171.59,5.84,,412.8,2936.43,90.06,3.07,,412.8,2936.43,130.83,4.46,,
414.3,3034.90,167.41,5.52,,414.3,3034.90,101.82,3.35,,414.3,3034.90,134.62,4.44,,
415.8,3152.50,179.00,5.68,,415.8,3152.50,94.00,2.98,,415.8,3152.50,136.50,4.33,,
417.4,3253.58,190.26,5.85,,417.4,3253.58,101.20,3.11,,417.4,3253.58,145.73,4.48,,
418.9,3339.60,189.24,5.67,,418.9,3339.60,99.18,2.97,,418.9,3339.60,144.21,4.32,,
420.4,3424.70,192.42,5.62,,420.4,3424.70,100.70,2.94,,420.4,3424.70,146.56,4.28,,
421.9,3487.22,189.73,5.44,,421.9,3487.22,99.70,2.86,,421.9,3487.22,144.72,4.15,,
423.5,3546.87,188.67,5.32,,423.5,3546.87,100.87,2.84,,423.5,3546.87,144.77,4.08,,
425.0,3613.98,189.69,5.25,,425.0,3613.98,97.99,2.71,,425.0,3613.98,143.84,3.98,,
426.5,3695.85,190.92,5.17,,426.5,3695.85,96.32,2.61,,426.5,3695.85,143.62,3.89,,
428.0,3801.23,183.08,4.82,,428.0,3801.23,98.52,2.59,,428.0,3801.23,140.80,3.70,,
429.5,3926.30,188.81,4.81,,429.5,3926.30,97.17,2.47,,429.5,3926.30,142.99,3.64,,
431.1,4071.24,193.50,4.75,,431.1,4071.24,99.85,2.45,,431.1,4071.24,146.68,3.60,,
432.6,4225.66,201.48,4.77,,432.6,4225.66,102.28,2.42,,432.6,4225.66,151.88,3.59,,
434.1,4373.60,203.28,4.65,,434.1,4373.60,100.87,2.31,,434.1,4373.60,152.08,3.48,,
435.6,4514.36,211.30,4.68,,435.6,4514.36,106.81,2.37,,435.6,4514.36,159.06,3.52,,
437.1,4642.95,216.06,4.65,,437.1,4642.95,110.76,2.39,,437.1,4642.95,163.41,3.52,,
438.6,4769.06,227.15,4.76,,438.6,4769.06,110.83,2.32,,438.6,4769.06,168.99,3.54,,
440.1,4906.69,226.01,4.61,,440.1,4906.69,113.40,2.31,,440.1,4906.69,169.71,3.46,,
441.6,5042.30,229.09,4.54,,441.6,5042.30,107.33,2.13,,441.6,5042.30,168.21,3.34,,
443.1,5179.95,241.38,4.66,,443.1,5179.95,113.40,2.19,,443.1,5179.95,177.39,3.42,,
444.7,5318.34,244.13,4.59,,444.7,5318.34,122.48,2.30,,444.7,5318.34,183.31,3.45,,
446.2,5433.01,251.76,4.63,,446.2,5433.01,126.30,2.32,,446.2,5433.01,189.03,3.48,,
447.7,5551.25,261.49,4.71,,447.7,5551.25,119.96,2.16,,447.7,5551.25,190.73,3.44,,
449.2,5676.48,263.52,4.64,,449.2,5676.48,124.42,2.19,,449.2,5676.48,193.97,3.42,,
450.7,5788.64,266.24,4.60,,450.7,5788.64,122.30,2.11,,450.7,5788.64,194.27,3.36,,
452.2,5916.62,267.24,4.52,,452.2,5916.62,125.76,2.13,,452.2,5916.62,196.50,3.32,,
453.7,6028.91,264.48,4.39,,453.7,6028.91,125.91,2.09,,453.7,6028.91,195.20,3.24,,
455.2,6201.73,273.56,4.41,,455.2,6201.73,122.06,1.97,,455.2,6201.73,197.81,3.19,,
456.7,6390.56,278.78,4.36,,456.7,6390.56,126.72,1.98,,456.7,6390.56,202.75,3.17,,
458.2,6607.30,291.48,4.41,,458.2,6607.30,130.71,1.98,,458.2,6607.30,211.10,3.19,,
459.7,6823.25,303.80,4.45,,459.7,6823.25,135.10,1.98,,459.7,6823.25,219.45,3.22,,
461.2,7031.76,309.23,4.40,,461.2,7031.76,128.49,1.83,,461.2,7031.76,218.86,3.11,,
462.7,7219.07,319.34,4.42,,462.7,7219.07,137.47,1.90,,462.7,7219.07,228.41,3.16,,
464.2,7396.86,323.54,4.37,,464.2,7396.86,139.08,1.88,,464.2,7396.86,231.31,3.13,,
465.7,7583.22,334.20,4.41,,465.7,7583.22,147.20,1.94,,465.7,7583.22,240.70,3.17,,
467.2,7742.35,341.88,4.42,,467.2,7742.35,149.38,1.93,,467.2,7742.35,245.63,3.17,,
468.7,7912.00,346.40,4.38,,468.7,7912.00,153.60,1.94,,468.7,7912.00,250.00,3.16,,
470.2,8015.91,356.45,4.45,,470.2,8015.91,154.12,1.92,,470.2,8015.91,255.29,3.18,,
471.7,8177.13,365.75,4.47,,471.7,8177.13,162.45,1.99,,471.7,8177.13,264.10,3.23,,
473.2,8446.52,370.76,4.39,,473.2,8446.52,160.03,1.89,,473.2,8446.52,265.40,3.14,,
474.6,8688.33,368.24,4.24,,474.6,8688.33,163.98,1.89,,474.6,8688.33,266.11,3.06,,
476.1,8747.12,362.94,4.15,,476.1,8747.12,156.03,1.78,,476.1,8747.12,259.49,2.97,,
477.6,8779.39,365.66,4.16,,477.6,8779.39,159.73,1.82,,477.6,8779.39,262.70,2.99,,
479.1,8829.54,367.52,4.16,,479.1,8829.54,159.86,1.81,,479.1,8829.54,263.69,2.99,,
480.6,8916.06,361.28,4.05,,480.6,8916.06,153.49,1.72,,480.6,8916.06,257.39,2.89,,
482.1,9046.91,361.67,4.00,,482.1,9046.91,159.33,1.76,,482.1,9046.91,260.50,2.88,,
483.6,9204.08,368.23,4.00,,483.6,9204.08,161.45,1.75,,483.6,9204.08,264.84,2.88,,
485.1,9394.00,370.39,3.94,,485.1,9394.00,160.37,1.71,,485.1,9394.00,265.38,2.82,,
486.6,9626.34,381.56,3.96,,486.6,9626.34,161.46,1.68,,486.6,9626.34,271.51,2.82,,
488.0,9867.00,386.10,3.91,,488.0,9867.00,161.20,1.63,,488.0,9867.00,273.65,2.77,,
489.5,10130.90,400.52,3.95,,489.5,10130.90,169.25,1.67,,489.5,10130.90,284.89,2.81,,
491.0,10387.73,411.51,3.96,,491.0,10387.73,174.15,1.68,,491.0,10387.73,292.83,2.82,,
492.5,10649.88,414.72,3.89,,492.5,10649.88,167.83,1.58,,492.5,10649.88,291.28,2.74,,
494.0,10928.34,432.95,3.96,,494.0,10928.34,173.96,1.59,,494.0,10928.34,303.46,2.78,,
495.4,11158.95,438.90,3.93,,495.4,11158.95,180.18,1.61,,495.4,11158.95,309.54,2.77,,
496.9,11406.10,454.24,3.98,,496.9,11406.10,186.37,1.63,,496.9,11406.10,320.31,2.81,,
498.4,11649.48,469.16,4.03,,498.4,11649.48,186.18,1.60,,498.4,11649.48,327.67,2.81,,
499.9,11878.23,478.15,4.03,,499.9,11878.23,189.61,1.60,,499.9,11878.23,333.88,2.81,,
501.4,12101.58,494.88,4.09,,501.4,12101.58,191.95,1.59,,501.4,12101.58,343.42,2.84,,
502.8,12308.24,502.68,4.08,,502.8,12308.24,197.81,1.61,,502.8,12308.24,350.25,2.85,,
504.3,12497.40,513.36,4.11,,504.3,12497.40,198.72,1.59,,504.3,12497.40,356.04,2.85,,
505.8,12681.02,529.98,4.18,,505.8,12681.02,201.03,1.59,,505.8,12681.02,365.51,2.88,,
507.2,12808.72,537.99,4.20,,507.2,12808.72,203.23,1.59,,507.2,12808.72,370.61,2.89,,
508.7,12896.48,543.83,4.22,,508.7,12896.48,205.15,1.59,,508.7,12896.48,374.49,2.90,,
510.2,12964.78,546.68,4.22,,510.2,12964.78,207.08,1.60,,510.2,12964.78,376.88,2.91,,
511.6,13008.39,557.21,4.28,,511.6,13008.39,208.10,1.60,,511.6,13008.39,382.66,2.94,,
513.1,13093.74,562.50,4.30,,513.1,13093.74,209.44,1.60,,513.1,13093.74,385.97,2.95,,
514.6,13195.49,562.24,4.26,,514.6,13195.49,207.72,1.57,,514.6,13195.49,384.98,2.92,,
516.0,13281.41,558.28,4.20,,516.0,13281.41,206.06,1.55,,516.0,13281.41,382.17,2.88,,
517.5,13429.99,572.28,4.26,,517.5,13429.99,209.68,1.56,,517.5,13429.99,390.98,2.91,,
519.0,13603.01,582.15,4.28,,519.0,13603.01,209.98,1.54,,519.0,13603.01,396.07,2.91,,
520.5,13772.72,589.09,4.28,,520.5,13772.72,209.92,1.52,,520.5,13772.72,399.51,2.90,,
521.9,13993.28,602.43,4.31,,521.9,13993.28,214.14,1.53,,521.9,13993.28,408.29,2.92,,
523.4,14243.35,613.12,4.30,,523.4,14243.35,210.54,1.48,,523.4,14243.35,411.83,2.89,,
524.8,14493.24,622.59,4.30,,524.8,14493.24,216.19,1.49,,524.8,14493.24,419.39,2.89,,
526.3,14778.04,638.81,4.32,,526.3,14778.04,215.90,1.46,,526.3,14778.04,427.36,2.89,,
527.8,15074.01,661.37,4.39,,527.8,15074.01,224.29,1.49,,527.8,15074.01,442.83,2.94,,
529.2,15339.71,668.22,4.36,,529.2,15339.71,232.85,1.52,,529.2,15339.71,450.54,2.94,,
530.7,15629.94,686.44,4.39,,530.7,15629.94,231.22,1.48,,530.7,15629.94,458.83,2.94,,
532.1,15903.48,704.24,4.43,,532.1,15903.48,236.74,1.49,,532.1,15903.48,470.49,2.96,,
533.6,16214.37,721.39,4.45,,533.6,16214.37,239.33,1.48,,533.6,16214.37,480.36,2.96,,
535.0,16534.98,738.74,4.47,,535.0,16534.98,240.47,1.45,,535.0,16534.98,489.61,2.96,,
536.5,16856.03,754.37,4.48,,536.5,16856.03,250.27,1.48,,536.5,16856.03,502.32,2.98,,
538.0,17178.24,779.42,4.54,,538.0,17178.24,259.07,1.51,,538.0,17178.24,519.25,3.02,,
539.4,17501.02,804.58,4.60,,539.4,17501.02,265.38,1.52,,539.4,17501.02,534.98,3.06,,
540.9,17879.62,825.37,4.62,,540.9,17879.62,273.26,1.53,,540.9,17879.62,549.32,3.07,,
542.3,18237.67,852.26,4.67,,542.3,18237.67,276.76,1.52,,542.3,18237.67,564.51,3.10,,
543.8,18504.51,868.33,4.69,,543.8,18504.51,285.68,1.54,,543.8,18504.51,577.01,3.12,,
545.2,18600.74,884.14,4.75,,545.2,18600.74,284.47,1.53,,545.2,18600.74,584.31,3.14,,
546.6,18637.00,890.51,4.78,,546.6,18637.00,288.35,1.55,,546.6,18637.00,589.43,3.16,,
548.1,18690.38,908.52,4.86,,548.1,18690.38,286.90,1.54,,548.1,18690.38,597.71,3.20,,
549.5,18745.60,922.02,4.92,,549.5,18745.60,288.37,1.54,,549.5,18745.60,605.20,3.23,,
551.0,18790.92,943.70,5.02,,551.0,18790.92,290.43,1.55,,551.0,18790.92,617.07,3.28,,
552.4,18868.34,963.01,5.10,,552.4,18868.34,292.33,1.55,,552.4,18868.34,627.67,3.33,,
553.9,18922.09,983.07,5.20,,553.9,18922.09,292.13,1.54,,553.9,18922.09,637.60,3.37,,
555.3,18999.63,1004.56,5.29,,555.3,18999.63,306.07,1.61,,555.3,18999.63,655.32,3.45,,
556.8,19143.87,1030.74,5.38,,556.8,19143.87,303.16,1.58,,556.8,19143.87,666.95,3.48,,
558.2,19276.31,1064.48,5.52,,558.2,19276.31,307.80,1.60,,558.2,19276.31,686.14,3.56,,
559.6,19441.66,1096.60,5.64,,559.6,19441.66,317.94,1.64,,559.6,19441.66,707.27,3.64,,
561.1,19660.88,1135.55,5.78,,561.1,19660.88,322.40,1.64,,561.1,19660.88,728.98,3.71,,
562.5,19883.82,1182.65,5.95,,562.5,19883.82,333.32,1.68,,562.5,19883.82,757.99,3.81,,
564.0,20177.05,1229.96,6.10,,564.0,20177.05,342.36,1.70,,564.0,20177.05,786.16,3.90,,
565.4,20444.07,1295.11,6.33,,565.4,20444.07,350.98,1.72,,565.4,20444.07,823.05,4.03,,
566.8,20774.24,1358.99,6.54,,566.8,20774.24,368.01,1.77,,566.8,20774.24,863.50,4.16,,
568.3,21077.79,1430.35,6.79,,568.3,21077.79,383.69,1.82,,568.3,21077.79,907.02,4.30,,
569.7,21403.31,1501.48,7.02,,569.7,21403.31,401.32,1.88,,569.7,21403.31,951.40,4.45,,
571.1,21706.83,1580.89,7.28,,571.1,21706.83,426.21,1.96,,571.1,21706.83,1003.55,4.62,,
572.6,22010.94,1666.66,7.57,,572.6,22010.94,448.42,2.04,,572.6,22010.94,1057.54,4.80,,
574.0,22299.75,1747.02,7.83,,574.0,22299.75,476.52,2.14,,574.0,22299.75,1111.77,4.99,,
575.4,22570.31,1844.78,8.17,,575.4,22570.31,498.83,2.21,,575.4,22570.31,1171.81,5.19,,
576.9,22820.49,1935.55,8.48,,576.9,22820.49,527.37,2.31,,576.9,22820.49,1231.46,5.40,,
578.3,23040.88,2034.18,8.83,,578.3,23040.88,554.13,2.40,,578.3,23040.88,1294.16,5.62,,
579.7,23243.15,2140.67,9.21,,579.7,23243.15,600.28,2.58,,579.7,23243.15,1370.48,5.90,,
581.1,23410.31,2241.70,9.58,,581.1,23410.31,633.86,2.71,,581.1,23410.31,1437.78,6.14,,
582.6,23592.46,2354.19,9.98,,582.6,23592.46,676.32,2.87,,582.6,23592.46,1515.26,6.42,,
584.0,23735.52,2458.35,10.36,,584.0,23735.52,721.65,3.04,,584.0,23735.52,1590.00,6.70,,
585.4,23971.18,2584.72,10.78,,585.4,23971.18,769.92,3.21,,585.4,23971.18,1677.32,7.00,,
586.8,24286.87,2715.65,11.18,,586.8,24286.87,841.80,3.47,,586.8,24286.87,1778.73,7.32,,
588.3,24642.54,2860.42,11.61,,588.3,24642.54,892.01,3.62,,588.3,24642.54,1876.22,7.61,,
589.7,24935.04,3000.82,12.03,,589.7,24935.04,965.02,3.87,,589.7,24935.04,1982.92,7.95,,
591.1,25126.37,3128.97,12.45,,591.1,25126.37,1025.45,4.08,,591.1,25126.37,2077.21,8.27,,
592.5,25213.30,3241.71,12.86,,592.5,25213.30,1092.34,4.33,,592.5,25213.30,2167.03,8.59,,
594.0,25248.06,3349.54,13.27,,594.0,25248.06,1150.85,4.56,,594.0,25248.06,2250.20,8.91,,
595.4,25246.58,3457.48,13.69,,595.4,25246.58,1216.44,4.82,,595.4,25246.58,2336.96,9.26,,
596.8,25248.80,3569.28,14.14,,596.8,25248.80,1283.57,5.08,,596.8,25248.80,2426.43,9.61,,
598.2,25256.70,3679.84,14.57,,598.2,25256.70,1345.34,5.33,,598.2,25256.70,2512.59,9.95,,
599.6,25254.00,3784.79,14.99,,599.6,25254.00,1424.16,5.64,,599.6,25254.00,2604.48,10.31,,
601.0,25321.45,3900.10,15.40,,601.0,25321.45,1497.92,5.92,,601.0,25321.45,2699.01,10.66,,
602.4,25392.58,4018.73,15.83,,602.4,25392.58,1576.84,6.21,,602.4,25392.58,2797.79,11.02,,
603.9,25508.50,4130.30,16.19,,603.9,25508.50,1665.92,6.53,,603.9,25508.50,2898.11,11.36,,
605.3,25652.08,4245.50,16.55,,605.3,25652.08,1746.79,6.81,,605.3,25652.08,2996.15,11.68,,
606.7,25770.60,4363.92,16.93,,606.7,25770.60,1830.96,7.10,,606.7,25770.60,3097.44,12.02,,
608.1,26003.60,4487.10,17.26,,608.1,26003.60,1921.44,7.39,,608.1,26003.60,3204.27,12.32,,
609.5,26249.20,4610.05,17.56,,609.5,26249.20,2015.27,7.68,,609.5,26249.20,3312.66,12.62,,
610.9,26543.12,4737.92,17.85,,610.9,26543.12,2117.93,7.98,,610.9,26543.12,3427.93,12.91,,
612.3,26820.62,4865.13,18.14,,612.3,26820.62,2213.78,8.25,,612.3,26820.62,3539.46,13.20,,
613.7,27191.20,4997.41,18.38,,613.7,27191.20,2315.68,8.52,,613.7,27191.20,3656.55,13.45,,
615.1,27470.34,5111.42,18.61,,615.1,27470.34,2417.04,8.80,,615.1,27470.34,3764.23,13.70,,
616.5,27748.85,5222.03,18.82,,616.5,27748.85,2516.64,9.07,,616.5,27748.85,3869.34,13.94,,
617.9,28163.94,5370.94,19.07,,617.9,28163.94,2628.10,9.33,,617.9,28163.94,3999.52,14.20,,
619.3,28559.37,5523.77,19.34,,619.3,28559.37,2750.97,9.63,,619.3,28559.37,4137.37,14.49,,
620.7,29021.55,5697.07,19.63,,620.7,29021.55,2885.04,9.94,,620.7,29021.55,4291.06,14.79,,
622.1,29524.34,5764.89,19.53,,622.1,29524.34,2969.23,10.06,,622.1,29524.34,4367.06,14.79,,
623.5,30070.32,5787.89,19.25,,623.5,30070.32,3036.83,10.10,,623.5,30070.32,4412.36,14.67,,
624.9,30686.25,5843.99,19.04,,624.9,30686.25,3103.17,10.11,,624.9,30686.25,4473.58,14.58,,
626.3,31117.56,5902.78,18.97,,626.3,31117.56,3180.38,10.22,,626.3,31117.56,4541.58,14.59,,
627.7,30854.43,5901.29,19.13,,627.7,30854.43,3218.67,10.43,,627.7,30854.43,4559.98,14.78,,
629.1,30617.27,5968.24,19.49,,629.1,30617.27,3280.58,10.71,,629.1,30617.27,4624.41,15.10,,
630.5,30534.25,6081.24,19.92,,630.5,30534.25,3370.70,11.04,,630.5,30534.25,4725.97,15.48,,
631.9,30583.88,6210.04,20.30,,631.9,30583.88,3474.34,11.36,,631.9,30583.88,4842.19,15.83,,
633.3,30636.73,6322.50,20.64,,633.3,30636.73,3572.63,11.66,,633.3,30636.73,4947.57,16.15,,
634.7,30802.72,6437.78,20.90,,634.7,30802.72,3686.81,11.97,,634.7,30802.72,5062.30,16.43,,
636.1,30887.16,6499.06,21.04,,636.1,30887.16,3747.71,12.13,,636.1,30887.16,5123.39,16.59,,
637.5,30991.21,6538.16,21.10,,637.5,30991.21,3805.46,12.28,,637.5,30991.21,5171.81,16.69,,
638.9,31137.59,6563.93,21.08,,638.9,31137.59,3859.91,12.40,,638.9,31137.59,5211.92,16.74,,
640.2,31275.86,6579.14,21.04,,640.2,31275.86,3914.44,12.52,,640.2,31275.86,5246.79,16.78,,
641.6,31334.94,6571.66,20.97,,641.6,31334.94,3955.54,12.62,,641.6,31334.94,5263.60,16.80,,
643.0,31307.82,6525.78,20.84,,643.0,31307.82,3976.45,12.70,,643.0,31307.82,5251.12,16.77,,
644.4,31297.86,6474.16,20.69,,644.4,31297.86,3999.65,12.78,,644.4,31297.86,5236.91,16.73,,
645.8,31223.60,6401.21,20.50,,645.8,31223.60,4004.88,12.83,,645.8,31223.60,5203.05,16.66,,
647.2,31327.01,6357.78,20.29,,647.2,31327.01,4030.05,12.86,,647.2,31327.01,5193.92,16.58,,
648.5,31378.61,6325.47,20.16,,648.5,31378.61,4062.21,12.95,,648.5,31378.61,5193.84,16.55,,
649.9,31215.99,6267.53,20.08,,649.9,31215.99,4071.21,13.04,,649.9,31215.99,5169.37,16.56,,
651.3,31061.55,6252.60,20.13,,651.3,31061.55,4089.18,13.16,,651.3,31061.55,5170.89,16.65,,
652.7,30880.50,6239.34,20.20,,652.7,30880.50,4101.42,13.28,,652.7,30880.50,5170.38,16.74,,
654.1,30705.72,6017.16,19.60,,654.1,30705.72,3974.38,12.94,,654.1,30705.72,4995.77,16.27,,
655.5,30448.41,5759.86,18.92,,655.5,30448.41,3803.52,12.49,,655.5,30448.41,4781.69,15.70,,
656.8,30219.54,5515.02,18.25,,656.8,30219.54,3660.76,12.11,,656.8,30219.54,4587.89,15.18,,
658.2,30347.48,5347.84,17.62,,658.2,30347.48,3554.68,11.71,,658.2,30347.48,4451.26,14.67,,
659.6,30667.01,5219.21,17.02,,659.6,30667.01,3481.21,11.35,,659.6,30667.01,4350.21,14.19,,
660.9,30915.41,5104.18,16.51,,660.9,30915.41,3393.05,10.98,,660.9,30915.41,4248.62,13.74,,
662.3,31175.28,4964.95,15.93,,662.3,31175.28,3313.65,10.63,,662.3,31175.28,4139.30,13.28,,
663.7,31418.10,4815.72,15.33,,663.7,31418.10,3212.16,10.22,,663.7,31418.10,4013.94,12.78,,
665.0,31622.76,4672.30,14.78,,665.0,31622.76,3122.08,9.87,,665.0,31622.76,3897.19,12.32,,
666.4,31821.65,4547.13,14.29,,666.4,31821.65,3035.55,9.54,,666.4,31821.65,3791.34,11.91,,
667.8,32088.83,4445.38,13.85,,667.8,32088.83,2969.89,9.26,,667.8,32088.83,3707.64,11.55,,
669.1,32304.87,4354.21,13.48,,669.1,32304.87,2904.72,8.99,,669.1,32304.87,3629.47,11.24,,
670.5,32567.66,4279.45,13.14,,670.5,32567.66,2862.77,8.79,,670.5,32567.66,3571.11,10.97,,
671.9,32723.64,4223.62,12.91,,671.9,32723.64,2829.07,8.65,,671.9,32723.64,3526.35,10.78,,
673.2,32957.22,4208.61,12.77,,673.2,32957.22,2816.37,8.55,,673.2,32957.22,3512.49,10.66,,
674.6,33165.65,4208.64,12.69,,674.6,33165.65,2825.21,8.52,,674.6,33165.65,3516.93,10.60,,
676.0,33416.99,4253.60,12.73,,676.0,33416.99,2846.79,8.52,,676.0,33416.99,3550.20,10.62,,
677.3,33670.84,4322.40,12.84,,677.3,33670.84,2901.16,8.62,,677.3,33670.84,3611.78,10.73,,
678.7,33959.63,4438.70,13.07,,678.7,33959.63,2979.25,8.77,,678.7,33959.63,3708.98,10.92,,
680.0,34360.72,4619.24,13.44,,680.0,34360.72,3114.14,9.06,,680.0,34360.72,3866.69,11.25,,
681.4,34770.40,4875.84,14.02,,681.4,34770.40,3304.08,9.50,,681.4,34770.40,4089.96,11.76,,
682.8,35166.95,5222.49,14.85,,682.8,35166.95,3564.47,10.14,,682.8,35166.95,4393.48,12.49,,
684.1,35575.02,5687.14,15.99,,684.1,35575.02,3897.50,10.96,,684.1,35575.02,4792.32,13.47,,
685.5,35948.61,6250.34,17.39,,685.5,35948.61,4327.38,12.04,,685.5,35948.61,5288.86,14.71,,
686.8,36307.14,6932.28,19.09,,686.8,36307.14,4820.62,13.28,,686.8,36307.14,5876.45,16.19,,
688.2,36654.12,7686.68,20.97,,688.2,36654.12,5405.40,14.75,,688.2,36654.12,6546.04,17.86,,
689.5,36792.82,8519.70,23.16,,689.5,36792.82,6019.49,16.36,,689.5,36792.82,7269.60,19.76,,
690.9,36894.22,9396.06,25.47,,690.9,36894.22,6683.72,18.12,,690.9,36894.22,8039.89,21.79,,
692.2,37000.50,10297.92,27.83,,692.2,37000.50,7373.58,19.93,,692.2,37000.50,8835.75,23.88,,
693.6,37086.31,11225.38,30.27,,693.6,37086.31,8087.84,21.81,,693.6,37086.31,9656.61,26.04,,
694.9,37102.94,12111.41,32.64,,694.9,37102.94,8758.26,23.61,,694.9,37102.94,10434.84,28.12,,
696.2,37172.03,12964.41,34.88,,696.2,37172.03,9410.22,25.32,,696.2,37172.03,11187.32,30.10,,
697.6,37238.58,13786.69,37.02,,697.6,37238.58,10023.64,26.92,,697.6,37238.58,11905.17,31.97,,
698.9,37321.68,14585.47,39.08,,698.9,37321.68,10628.64,28.48,,698.9,37321.68,12607.06,33.78,,
700.3,37412.04,15338.62,41.00,,700.3,37412.04,11197.98,29.93,,700.3,37412.04,13268.30,35.47,,
701.6,37521.51,16042.04,42.75,,701.6,37521.51,11725.61,31.25,,701.6,37521.51,13883.83,37.00,,
703.0,37648.39,16692.30,44.34,,703.0,37648.39,12219.74,32.46,,703.0,37648.39,14456.02,38.40,,
704.3,37727.46,17247.95,45.72,,704.3,37727.46,12643.41,33.51,,704.3,37727.46,14945.68,39.61,,
705.6,37779.39,17763.37,47.02,,705.6,37779.39,13034.88,34.50,,705.6,37779.39,15399.13,40.76,,
707.0,37853.11,18252.89,48.22,,707.0,37853.11,13405.67,35.41,,707.0,37853.11,15829.28,41.82,,
708.3,37804.36,18630.20,49.28,,708.3,37804.36,13698.11,36.23,,708.3,37804.36,16164.16,42.76,,
709.6,37779.31,18980.56,50.24,,709.6,37779.31,13963.58,36.96,,709.6,37779.31,16472.07,43.60,,
711.0,37700.05,19257.80,51.08,,711.0,37700.05,14185.28,37.63,,711.0,37700.05,16721.54,44.35,,
712.3,37603.29,19525.40,51.92,,712.3,37603.29,14385.42,38.26,,712.3,37603.29,16955.41,45.09,,
713.6,37599.66,19793.26,52.64,,713.6,37599.66,14591.81,38.81,,713.6,37599.66,17192.54,45.73,,
714.9,37564.50,20034.80,53.33,,714.9,37564.50,14779.32,39.34,,714.9,37564.50,17407.06,46.34,,
716.3,37606.65,20289.91,53.95,,716.3,37606.65,14973.35,39.82,,716.3,37606.65,17631.63,46.88,,
717.6,37655.10,20539.04,54.55,,717.6,37655.10,15158.36,40.26,,717.6,37655.10,17848.70,47.40,,
718.9,37643.31,20706.09,55.01,,718.9,37643.31,15283.03,40.60,,718.9,37643.31,17994.56,47.80,,
720.2,37519.65,20778.63,55.38,,720.2,37519.65,15336.55,40.88,,720.2,37519.65,18057.59,48.13,,
721.6,37437.79,20849.87,55.69,,721.6,37437.79,15397.30,41.13,,721.6,37437.79,18123.59,48.41,,
722.9,37295.06,20942.68,56.15,,722.9,37295.06,15449.92,41.43,,722.9,37295.06,18196.30,48.79,,
724.2,37099.21,20963.51,56.51,,724.2,37099.21,15479.82,41.73,,724.2,37099.21,18221.67,49.12,,
725.5,36957.59,21017.51,56.87,,725.5,36957.59,15520.69,42.00,,725.5,36957.59,18269.10,49.43,,
726.8,36833.83,21021.68,57.07,,726.8,36833.83,15535.70,42.18,,726.8,36833.83,18278.69,49.62,,
728.1,36764.75,21053.99,57.27,,728.1,36764.75,15547.39,42.29,,728.1,36764.75,18300.69,49.78,,
729.5,36694.32,21072.62,57.43,,729.5,36694.32,15562.53,42.41,,729.5,36694.32,18317.58,49.92,,
730.8,36660.60,21110.51,57.58,,730.8,36660.60,15582.95,42.51,,730.8,36660.60,18346.73,50.04,,
732.1,36590.42,21111.98,57.70,,732.1,36590.42,15591.17,42.61,,732.1,36590.42,18351.58,50.15,,
733.4,36549.03,21136.94,57.83,,733.4,36549.03,15605.23,42.70,,733.4,36549.03,18371.09,50.26,,
734.7,36509.02,21128.79,57.87,,734.7,36509.02,15605.26,42.74,,734.7,36509.02,18367.03,50.31,,
736.0,36510.50,21165.43,57.97,,736.0,36510.50,15631.82,42.81,,736.0,36510.50,18398.63,50.39,,
737.3,36452.29,21195.63,58.15,,737.3,36452.29,15653.37,42.94,,737.3,36452.29,18424.50,50.54,,
738.6,36538.42,21277.38,58.23,,738.6,36538.42,15712.16,43.00,,738.6,36538.42,18494.77,50.62,,
739.9,36706.85,21444.15,58.42,,739.9,36706.85,15841.59,43.16,,739.9,36706.85,18642.87,50.79,,
741.2,36841.35,21546.25,58.48,,741.2,36841.35,15913.72,43.20,,741.2,36841.35,18729.99,50.84,,
742.5,37078.82,21725.65,58.59,,742.5,37078.82,16065.81,43.33,,742.5,37078.82,18895.73,50.96,,
743.8,37494.19,22022.39,58.74,,743.8,37494.19,16300.52,43.47,,743.8,37494.19,19161.46,51.11,,
745.1,38118.44,22438.60,58.87,,745.1,38118.44,16620.87,43.60,,745.1,38118.44,19529.74,51.23,,
746.4,38876.11,22888.68,58.88,,746.4,38876.11,16954.39,43.61,,746.4,38876.11,19921.54,51.24,,
747.7,39639.96,23321.33,58.83,,747.7,39639.96,17280.13,43.59,,747.7,39639.96,20300.73,51.21,,
749.0,40400.48,23752.04,58.79,,749.0,40400.48,17594.98,43.55,,749.0,40400.48,20673.51,51.17,,
750.3,40850.46,23936.19,58.59,,750.3,40850.46,17735.80,43.42,,750.3,40850.46,20836.00,51.01,,
751.6,40764.46,23874.73,58.57,,751.6,40764.46,17693.01,43.40,,751.6,40764.46,20783.87,50.99,,
752.9,40356.61,23659.91,58.63,,752.9,40356.61,17553.82,43.50,,752.9,40356.61,20606.87,51.06,,
754.2,39863.99,23430.79,58.78,,754.2,39863.99,17398.63,43.64,,754.2,39863.99,20414.71,51.21,,
755.4,39350.05,23156.79,58.85,,755.4,39350.05,17223.12,43.77,,755.4,39350.05,20189.96,51.31,,
756.7,39155.03,23094.79,58.98,,756.7,39155.03,17195.84,43.92,,756.7,39155.03,20145.32,51.45,,
758.0,39142.09,23140.28,59.12,,758.0,39142.09,17247.63,44.06,,758.0,39142.09,20193.96,51.59,,
759.3,39351.46,23315.76,59.25,,759.3,39351.46,17393.95,44.20,,759.3,39351.46,20354.86,51.73,,
760.6,39645.76,23576.78,59.47,,760.6,39645.76,17595.42,44.38,,760.6,39645.76,20586.10,51.93,,
761.9,39928.94,23800.24,59.61,,761.9,39928.94,17775.99,44.52,,761.9,39928.94,20788.12,52.06,,
763.1,40078.15,23908.59,59.65,,763.1,40078.15,17875.24,44.60,,763.1,40078.15,20891.92,52.13,,
764.4,40287.45,24036.68,59.66,,764.4,40287.45,17986.52,44.65,,764.4,40287.45,21011.60,52.15,,
765.7,40433.25,24125.40,59.67,,765.7,40433.25,18081.70,44.72,,765.7,40433.25,21103.55,52.19,,
767.0,40515.07,24204.68,59.74,,767.0,40515.07,18136.01,44.76,,767.0,40515.07,21170.35,52.25,,
768.2,40595.52,24278.02,59.80,,768.2,40595.52,18205.82,44.85,,768.2,40595.52,21241.92,52.33,,
769.5,40644.33,24316.20,59.83,,769.5,40644.33,18259.02,44.92,,769.5,40644.33,21287.61,52.38,,
770.8,40787.04,24433.22,59.90,,770.8,40787.04,18343.02,44.97,,770.8,40787.04,21388.12,52.44,,
772.0,40799.41,24436.39,59.89,,772.0,40799.41,18365.94,45.02,,772.0,40799.41,21401.17,52.45,,
773.3,40833.29,24503.58,60.01,,773.3,40833.29,18430.00,45.13,,773.3,40833.29,21466.79,52.57,,
774.6,40907.98,24558.74,60.03,,774.6,40907.98,18474.14,45.16,,774.6,40907.98,21516.44,52.60,,
775.8,40955.53,24582.29,60.02,,775.8,40955.53,18509.60,45.19,,775.8,40955.53,21545.95,52.61,,
777.1,40964.33,24582.40,60.01,,777.1,40964.33,18521.22,45.21,,777.1,40964.33,21551.81,52.61,,
778.4,40867.87,24536.97,60.04,,778.4,40867.87,18499.03,45.27,,778.4,40867.87,21518.00,52.65,,
779.6,40816.98,24518.48,60.07,,779.6,40816.98,18488.29,45.30,,779.6,40816.98,21503.39,52.68,,
780.9,40688.00,24483.20,60.17,,780.9,40688.00,18492.80,45.45,,780.9,40688.00,21488.00,52.81,,
782.1,40484.72,24402.42,60.28,,782.1,40484.72,18425.62,45.51,,782.1,40484.72,21414.02,52.89,,
783.4,40464.32,24385.92,60.27,,783.4,40464.32,18443.78,45.58,,783.4,40464.32,21414.85,52.92,,
784.6,40463.12,24407.98,60.32,,784.6,40463.12,18462.21,45.63,,784.6,40463.12,21435.10,52.97,,
785.9,40670.74,24619.20,60.53,,785.9,40670.74,18632.10,45.81,,785.9,40670.74,21625.65,53.17,,
787.1,41171.80,24940.34,60.58,,787.1,41171.80,18888.37,45.88,,787.1,41171.80,21914.36,53.23,,
788.4,41528.97,25096.74,60.43,,788.4,41528.97,19006.35,45.77,,788.4,41528.97,22051.55,53.10,,
789.6,41482.13,24943.36,60.13,,789.6,41482.13,18872.27,45.49,,789.6,41482.13,21907.82,52.81,,
790.9,41134.16,24627.90,59.87,,790.9,41134.16,18639.15,45.31,,790.9,41134.16,21633.53,52.59,,
792.1,40655.28,24372.67,59.95,,792.1,40655.28,18454.21,45.39,,792.1,40655.28,21413.44,52.67,,
793.4,40180.32,24104.36,59.99,,793.4,40180.32,18249.84,45.42,,793.4,40180.32,21177.10,52.71,,
794.6,39846.60,23904.19,59.99,,794.6,39846.60,18103.36,45.43,,794.6,39846.60,21003.78,52.71,,
795.8,39587.54,23760.86,60.02,,795.8,39587.54,17985.65,45.43,,795.8,39587.54,20873.26,52.73,,
797.1,39290.10,23619.81,60.12,,797.1,39290.10,17893.74,45.54,,797.1,39290.10,20756.78,52.83,,
798.3,39054.26,23518.77,60.22,,798.3,39054.26,17832.38,45.66,,798.3,39054.26,20675.58,52.94,,
799.5,38943.25,23451.88,60.22,,799.5,38943.25,17778.85,45.65,,799.5,38943.25,20615.37,52.94,,
800.8,38778.22,23375.35,60.28,,800.8,38778.22,17717.64,45.69,,800.8,38778.22,20546.50,52.98,,
802.0,38618.88,23279.81,60.28,,802.0,38618.88,17653.31,45.71,,802.0,38618.88,20466.56,53.00,,
803.2,38465.20,23176.75,60.25,,803.2,38465.20,17566.53,45.67,,803.2,38465.20,20371.64,52.96,,
804.5,38332.71,23117.21,60.31,,804.5,38332.71,17521.97,45.71,,804.5,38332.71,20319.59,53.01,,
805.7,38219.65,23024.95,60.24,,805.7,38219.65,17453.23,45.67,,805.7,38219.65,20239.09,52.95,,
806.9,38073.35,22954.42,60.29,,806.9,38073.35,17379.62,45.65,,806.9,38073.35,20167.02,52.97,,
808.1,37984.05,22912.74,60.32,,808.1,37984.05,17369.83,45.73,,808.1,37984.05,20141.29,53.03,,
809.4,37906.28,22887.15,60.38,,809.4,37906.28,17356.85,45.79,,809.4,37906.28,20122.00,53.08,,
810.6,37824.15,22848.28,60.41,,810.6,37824.15,17320.94,45.79,,810.6,37824.15,20084.61,53.10,,
811.8,37796.29,22857.01,60.47,,811.8,37796.29,17337.09,45.87,,811.8,37796.29,20097.05,53.17,,
813.0,37827.58,22888.22,60.51,,813.0,37827.58,17359.22,45.89,,813.0,37827.58,20123.72,53.20,,
814.2,37840.50,22926.81,60.59,,814.2,37840.50,17378.05,45.92,,814.2,37840.50,20152.43,53.26,,
815.4,37955.24,22975.46,60.53,,815.4,37955.24,17410.38,45.87,,815.4,37955.24,20192.92,53.20,,
816.6,38027.91,23007.20,60.50,,816.6,38027.91,17428.32,45.83,,816.6,38027.91,20217.76,53.17,,
817.9,38102.35,23011.35,60.39,,817.9,38102.35,17408.46,45.69,,817.9,38102.35,20209.91,53.04,,
819.1,38072.96,22943.16,60.26,,819.1,38072.96,17372.06,45.63,,819.1,38072.96,20157.61,52.94,,
820.3,37949.69,22855.26,60.23,,820.3,37949.69,17288.87,45.56,,820.3,37949.69,20072.07,52.89,,
821.5,37894.61,22800.97,60.17,,821.5,37894.61,17247.75,45.52,,821.5,37894.61,20024.36,52.84,,
822.7,37866.54,22771.56,60.14,,822.7,37866.54,17222.96,45.48,,822.7,37866.54,19997.26,52.81,,
823.9,37906.28,22757.50,60.04,,823.9,37906.28,17207.74,45.40,,823.9,37906.28,19982.62,52.72,,
825.1,37943.15,22744.03,59.94,,825.1,37943.15,17172.35,45.26,,825.1,37943.15,19958.19,52.60,,
826.3,38020.73,22748.84,59.83,,826.3,38020.73,17185.19,45.20,,826.3,38020.73,19967.02,52.52,,
827.5,38108.05,22757.51,59.72,,827.5,38108.05,17164.08,45.04,,827.5,38108.05,19960.80,52.38,,
828.7,38176.32,22756.22,59.61,,828.7,38176.32,17141.95,44.90,,828.7,38176.32,19949.09,52.26,,
829.9,38262.68,22741.79,59.44,,829.9,38262.68,17156.02,44.84,,829.9,38262.68,19948.91,52.14,,
831.0,38386.63,22794.88,59.38,,831.0,38386.63,17150.38,44.68,,831.0,38386.63,19972.63,52.03,,
832.2,38533.16,22822.21,59.23,,832.2,38533.16,17192.00,44.62,,832.2,38533.16,20007.11,51.92,,
833.4,38634.36,22879.13,59.22,,833.4,38634.36,17210.53,44.55,,833.4,38634.36,20044.83,51.88,,
834.6,38746.88,22921.88,59.16,,834.6,38746.88,17251.88,44.52,,834.6,38746.88,20086.88,51.84,,
835.8,38872.58,22988.07,59.14,,835.8,38872.58,17282.16,44.46,,835.8,38872.58,20135.12,51.80,,
837.0,39026.76,23084.24,59.15,,837.0,39026.76,17370.86,44.51,,837.0,39026.76,20227.55,51.83,,
838.1,39200.00,23183.74,59.14,,838.1,39200.00,17443.20,44.50,,838.1,39200.00,20313.47,51.82,,
839.3,39334.99,23261.07,59.14,,839.3,39334.99,17485.25,44.45,,839.3,39334.99,20373.16,51.79,,
840.5,39499.16,23360.31,59.14,,840.5,39499.16,17544.88,44.42,,840.5,39499.16,20452.60,51.78,,
841.7,39675.29,23516.46,59.27,,841.7,39675.29,17656.33,44.50,,841.7,39675.29,20586.40,51.89,,
842.9,39834.34,23623.65,59.30,,842.9,39834.34,17757.81,44.58,,842.9,39834.34,20690.73,51.94,,
844.0,40002.80,23741.87,59.35,,844.0,40002.80,17828.05,44.57,,844.0,40002.80,20784.96,51.96,,
845.2,40188.33,23848.02,59.34,,845.2,40188.33,17911.25,44.57,,845.2,40188.33,20879.64,51.95,,
846.4,40315.24,23954.90,59.42,,846.4,40315.24,17961.34,44.55,,846.4,40315.24,20958.12,51.99,,
847.5,40575.08,24087.88,59.37,,847.5,40575.08,18067.56,44.53,,847.5,40575.08,21077.72,51.95,,
848.7,40794.29,24251.87,59.45,,848.7,40794.29,18151.27,44.49,,848.7,40794.29,21201.57,51.97,,
849.9,41043.27,24323.55,59.26,,849.9,41043.27,18215.74,44.38,,849.9,41043.27,21269.65,51.82,,
851.0,41176.72,24352.02,59.14,,851.0,41176.72,18222.10,44.25,,851.0,41176.72,21287.06,51.70,,
852.2,41283.01,24377.53,59.05,,852.2,41283.01,18218.95,44.13,,852.2,41283.01,21298.24,51.59,,
853.3,41336.03,24373.76,58.96,,853.3,41336.03,18207.82,44.05,,853.3,41336.03,21290.79,51.51,,
854.5,41385.60,24385.89,58.92,,854.5,41385.60,18218.77,44.02,,854.5,41385.60,21302.33,51.47,,
855.6,41408.01,24399.79,58.93,,855.6,41408.01,18210.60,43.98,,855.6,41408.01,21305.20,51.45,,
856.8,41491.09,24460.72,58.95,,856.8,41491.09,18249.52,43.98,,856.8,41491.09,21355.12,51.47,,
857.9,41535.42,24488.30,58.96,,857.9,41535.42,18267.49,43.98,,857.9,41535.42,21377.90,51.47,,
859.1,41657.80,24571.84,58.98,,859.1,41657.80,18322.24,43.98,,859.1,41657.80,21447.04,51.48,,
860.2,41711.76,24574.90,58.92,,860.2,41711.76,18317.50,43.91,,860.2,41711.76,21446.20,51.42,,
861.4,41789.90,24624.40,58.92,,861.4,41789.90,18340.95,43.89,,861.4,41789.90,21482.68,51.41,,
862.5,41857.52,24675.40,58.95,,862.5,41857.52,18367.71,43.88,,862.5,41857.52,21521.56,51.42,,
863.7,41978.22,24738.57,58.93,,863.7,41978.22,18393.33,43.82,,863.7,41978.22,21565.95,51.37,,
864.8,42001.40,24745.98,58.92,,864.8,42001.40,18420.50,43.86,,864.8,42001.40,21583.24,51.39,,
865.9,42003.19,24747.13,58.92,,865.9,42003.19,18417.98,43.85,,865.9,42003.19,21582.56,51.38,,
867.1,42077.89,24744.13,58.81,,867.1,42077.89,18406.08,43.74,,867.1,42077.89,21575.11,51.27,,
868.2,42118.25,24770.37,58.81,,868.2,42118.25,18401.88,43.69,,868.2,42118.25,21586.13,51.25,,
869.3,42153.63,24763.05,58.74,,869.3,42153.63,18402.26,43.66,,869.3,42153.63,21582.66,51.20,,
870.5,42092.46,24704.74,58.69,,870.5,42092.46,18350.45,43.60,,870.5,42092.46,21527.60,51.14,,
871.6,42122.53,24719.05,58.68,,871.6,42122.53,18381.80,43.64,,871.6,42122.53,21550.43,51.16,,
872.7,42223.14,24772.48,58.67,,872.7,42223.14,18401.07,43.58,,872.7,42223.14,21586.78,51.13,,
873.9,42262.83,24771.46,58.61,,873.9,42262.83,18403.62,43.55,,873.9,42262.83,21587.54,51.08,,
875.0,42247.20,24698.83,58.46,,875.0,42247.20,18358.72,43.46,,875.0,42247.20,21528.78,50.96,,
876.1,42225.11,24703.46,58.50,,876.1,42225.11,18353.52,43.47,,876.1,42225.11,21528.49,50.99,,
877.2,42279.84,24697.44,58.41,,877.2,42279.84,18334.32,43.36,,877.2,42279.84,21515.88,50.89,,
878.3,42302.12,24637.34,58.24,,878.3,42302.12,18297.20,43.25,,878.3,42302.12,21467.27,50.75,,
879.4,42284.06,24631.74,58.25,,879.4,42284.06,18270.87,43.21,,879.4,42284.06,21451.31,50.73,,
880.5,42343.92,24601.54,58.10,,880.5,42343.92,18288.86,43.19,,880.5,42343.92,21445.20,50.65,,
881.7,42326.05,24565.84,58.04,,881.7,42326.05,18228.34,43.07,,881.7,42326.05,21397.09,50.55,,
882.8,42351.34,24514.84,57.88,,882.8,42351.34,18187.99,42.95,,882.8,42351.34,21351.42,50.41,,
883.9,42430.09,24492.98,57.73,,883.9,42430.09,18159.55,42.80,,883.9,42430.09,21326.27,50.26,,
885.0,42357.32,24413.57,57.64,,885.0,42357.32,18096.35,42.72,,885.0,42357.32,21254.96,50.18,,
886.1,42357.47,24326.46,57.43,,886.1,42357.47,18031.00,42.57,,886.1,42357.47,21178.73,50.00,,
887.2,42241.92,24210.08,57.31,,887.2,42241.92,17902.53,42.38,,887.2,42241.92,21056.31,49.85,,
888.3,42147.85,24078.32,57.13,,888.3,42147.85,17837.52,42.32,,888.3,42147.85,20957.92,49.72,,
889.4,42045.32,23940.55,56.94,,889.4,42045.32,17725.08,42.16,,889.4,42045.32,20832.82,49.55,,
890.5,41945.29,23834.43,56.82,,890.5,41945.29,17646.20,42.07,,890.5,41945.29,20740.32,49.45,,
891.6,41864.40,23786.92,56.82,,891.6,41864.40,17611.92,42.07,,891.6,41864.40,20699.42,49.44,,
892.7,41844.69,23744.26,56.74,,892.7,41844.69,17591.96,42.04,,892.7,41844.69,20668.11,49.39,,
893.8,41881.85,23751.82,56.71,,893.8,41881.85,17577.66,41.97,,893.8,41881.85,20664.74,49.34,,
894.9,41879.31,23716.09,56.63,,894.9,41879.31,17566.12,41.94,,894.9,41879.31,20641.11,49.29,,
896.0,41812.69,23648.58,56.56,,896.0,41812.69,17473.96,41.79,,896.0,41812.69,20561.27,49.17,,
897.0,41850.92,23587.19,56.36,,897.0,41850.92,17430.96,41.65,,897.0,41850.92,20509.08,49.01,,
898.1,41821.61,23564.25,56.34,,898.1,41821.61,17453.07,41.73,,898.1,41821.61,20508.66,49.04,,
899.2,41852.54,23536.80,56.24,,899.2,41852.54,17420.97,41.62,,899.2,41852.54,20478.89,48.93,,
900.3,41747.94,23444.95,56.16,,900.3,41747.94,17356.48,41.57,,900.3,41747.94,20400.72,48.87,,
901.4,41622.41,23334.95,56.06,,901.4,41622.41,17248.55,41.44,,901.4,41622.41,20291.75,48.75,,
902.4,41658.53,23330.29,56.00,,902.4,41658.53,17227.82,41.35,,902.4,41658.53,20279.06,48.68,,
903.5,41604.82,23251.54,55.89,,903.5,41604.82,17193.36,41.33,,903.5,41604.82,20222.45,48.61,,
904.6,41550.72,23208.06,55.85,,904.6,41550.72,17181.68,41.35,,904.6,41550.72,20194.87,48.60,,
905.7,41565.54,23170.01,55.74,,905.7,41565.54,17117.48,41.18,,905.7,41565.54,20143.75,48.46,,
906.7,41536.49,23108.58,55.63,,906.7,41536.49,17073.22,41.10,,906.7,41536.49,20090.90,48.37,,
907.8,41558.34,23081.29,55.54,,907.8,41558.34,17068.84,41.07,,907.8,41558.34,20075.07,48.31,,
908.9,41493.73,22960.51,55.33,,908.9,41493.73,16974.53,40.91,,908.9,41493.73,19967.52,48.12,,
909.9,41451.58,22910.64,55.27,,909.9,41451.58,16904.75,40.78,,909.9,41451.58,19907.70,48.03,,
911.0,41358.23,22831.86,55.21,,911.0,41358.23,16861.05,40.77,,911.0,41358.23,19846.46,47.99,,
912.1,41297.17,22734.59,55.05,,912.1,41297.17,16790.31,40.66,,912.1,41297.17,19762.45,47.85,,
913.1,41189.72,22617.30,54.91,,913.1,41189.72,16720.91,40.59,,913.1,41189.72,19669.11,47.75,,
914.2,41099.85,22503.66,54.75,,914.2,41099.85,16634.52,40.47,,914.2,41099.85,19569.09,47.61,,
915.2,41068.89,22449.53,54.66,,915.2,41068.89,16559.42,40.32,,915.2,41068.89,19504.48,47.49,,
916.3,41034.15,22395.42,54.58,,916.3,41034.15,16514.16,40.24,,916.3,41034.15,19454.79,47.41,,
917.3,40975.74,22310.36,54.45,,917.3,40975.74,16422.62,40.08,,917.3,40975.74,19366.49,47.26,,
918.4,40862.80,22153.01,54.21,,918.4,40862.80,16336.98,39.98,,918.4,40862.80,19245.00,47.10,,
919.4,40836.29,22048.52,53.99,,919.4,40836.29,16232.04,39.75,,919.4,40836.29,19140.28,46.87,,
920.5,40782.84,21949.18,53.82,,920.5,40782.84,16189.18,39.70,,920.5,40782.84,19069.18,46.76,,
921.5,40833.45,21857.11,53.53,,921.5,40833.45,16116.44,39.47,,921.5,40833.45,18986.78,46.50,,
922.6,40729.18,21768.57,53.45,,922.6,40729.18,16030.47,39.36,,922.6,40729.18,18899.52,46.40,,
923.6,40739.49,21680.90,53.22,,923.6,40739.49,15942.47,39.13,,923.6,40739.49,18811.69,46.18,,
924.7,40774.75,21586.00,52.94,,924.7,40774.75,15875.60,38.93,,924.7,40774.75,18730.80,45.94,,
925.7,40746.72,21468.05,52.69,,925.7,40746.72,15807.82,38.80,,925.7,40746.72,18637.94,45.74,,
926.7,40808.40,21373.95,52.38,,926.7,40808.40,15691.49,38.45,,926.7,40808.40,18532.72,45.41,,
927.8,40839.01,21242.94,52.02,,927.8,40839.01,15599.73,38.20,,927.8,40839.01,18421.34,45.11,,
928.8,40966.59,21175.96,51.69,,928.8,40966.59,15572.00,38.01,,928.8,40966.59,18373.98,44.85,,
929.9,41048.46,21108.70,51.42,,929.9,41048.46,15510.46,37.79,,929.9,41048.46,18309.58,44.60,,
930.9,41217.18,21072.14,51.12,,930.9,41217.18,15445.59,37.47,,930.9,41217.18,18258.87,44.30,,
931.9,41378.61,21053.73,50.88,,931.9,41378.61,15448.94,37.34,,931.9,41378.61,18251.34,44.11,,
932.9,41679.25,21078.09,50.57,,932.9,41679.25,15443.31,37.05,,932.9,41679.25,18260.70,43.81,,
934.0,41702.58,20979.01,50.31,,934.0,41702.58,15373.36,36.86,,934.0,41702.58,18176.19,43.59,,
935.0,41757.18,20826.75,49.88,,935.0,41757.18,15260.69,36.55,,935.0,41757.18,18043.72,43.21,,
936.0,41670.71,20705.06,49.69,,936.0,41670.71,15175.81,36.42,,936.0,41670.71,17940.44,43.05,,
937.0,41632.50,20554.56,49.37,,937.0,41632.50,15049.55,36.15,,937.0,41632.50,17802.06,42.76,,
938.1,41580.55,20459.40,49.20,,938.1,41580.55,14955.14,35.97,,938.1,41580.55,17707.27,42.59,,
939.1,41508.45,20299.96,48.91,,939.1,41508.45,14868.05,35.82,,939.1,41508.45,17584.01,42.36,,
940.1,41591.64,20162.11,48.48,,940.1,41591.64,14747.67,35.46,,940.1,41591.64,17454.89,41.97,,
941.1,41779.29,20141.65,48.21,,941.1,41779.29,14748.24,35.30,,941.1,41779.29,17444.95,41.76,,
942.1,41991.60,20080.98,47.82,,942.1,41991.60,14707.06,35.02,,942.1,41991.60,17394.02,41.42,,
943.1,42156.63,20043.42,47.55,,943.1,42156.63,14660.97,34.78,,943.1,42156.63,17352.20,41.16,,
944.1,42391.18,20042.27,47.28,,944.1,42391.18,14636.98,34.53,,944.1,42391.18,17339.63,40.90,,
945.2,42445.20,19910.18,46.91,,945.2,42445.20,14545.94,34.27,,945.2,42445.20,17228.06,40.59,,
946.2,42493.04,19804.58,46.61,,946.2,42493.04,14411.49,33.91,,946.2,42493.04,17108.04,40.26,,
947.2,42572.63,19650.55,46.16,,947.2,42572.63,14327.30,33.65,,947.2,42572.63,16988.93,39.91,,
948.2,42750.54,19564.08,45.76,,948.2,42750.54,14250.18,33.33,,948.2,42750.54,16907.13,39.55,,
949.2,42846.38,19448.00,45.39,,949.2,42846.38,14160.58,33.05,,949.2,42846.38,16804.29,39.22,,
950.2,42880.60,19299.08,45.01,,950.2,42880.60,14038.76,32.74,,950.2,42880.60,16668.92,38.87,,
951.2,42968.52,19152.34,44.57,,951.2,42968.52,13925.86,32.41,,951.2,42968.52,16539.10,38.49,,
952.2,43001.40,18996.16,44.18,,952.2,43001.40,13789.50,32.07,,952.2,43001.40,16392.83,38.12,,
953.2,43164.71,18922.09,43.84,,953.2,43164.71,13716.89,31.78,,953.2,43164.71,16319.49,37.81,,
954.2,43310.48,18753.30,43.30,,954.2,43310.48,13633.83,31.48,,954.2,43310.48,16193.57,37.39,,
955.2,43368.34,18643.93,42.99,,955.2,43368.34,13500.57,31.13,,955.2,43368.34,16072.25,37.06,,
956.2,43301.73,18497.95,42.72,,956.2,43301.73,13388.16,30.92,,956.2,43301.73,15943.06,36.82,,
957.2,43392.87,18378.91,42.35,,957.2,43392.87,13359.51,30.79,,957.2,43392.87,15869.21,36.57,,
958.2,43492.10,18303.54,42.08,,958.2,43492.10,13293.87,30.57,,958.2,43492.10,15798.71,36.33,,
959.2,43506.45,18281.70,42.02,,959.2,43506.45,13233.42,30.42,,959.2,43506.45,15757.56,36.22,,
960.1,43588.22,18143.32,41.62,,960.1,43588.22,13207.52,30.30,,960.1,43588.22,15675.42,35.96,,
961.1,43692.83,18180.39,41.61,,961.1,43692.83,13194.89,30.20,,961.1,43692.83,15687.64,35.90,,
962.1,43658.44,18097.50,41.45,,962.1,43658.44,13110.00,30.03,,962.1,43658.44,15603.75,35.74,,
963.1,43782.00,18030.89,41.18,,963.1,43782.00,13098.12,29.92,,963.1,43782.00,15564.51,35.55,,
964.1,43817.42,18020.05,41.13,,964.1,43817.42,13089.19,29.87,,964.1,43817.42,15554.62,35.50,,
965.1,43908.74,18123.63,41.28,,965.1,43908.74,13113.16,29.86,,965.1,43908.74,15618.40,35.57,,
966.1,44007.38,18075.09,41.07,,966.1,44007.38,13094.02,29.75,,966.1,44007.38,15584.56,35.41,,
967.0,44141.86,18077.53,40.95,,967.0,44141.86,13076.67,29.62,,967.0,44141.86,15577.10,35.29,,
968.0,44131.86,18051.87,40.90,,968.0,44131.86,13079.50,29.64,,968.0,44131.86,15565.69,35.27,,
969.0,44255.20,18053.04,40.79,,969.0,44255.20,12994.08,29.36,,969.0,44255.20,15523.56,35.08,,
970.0,44255.36,18019.99,40.72,,970.0,44255.36,13058.09,29.51,,970.0,44255.36,15539.04,35.11,,
971.0,44316.83,18054.83,40.74,,971.0,44316.83,13096.82,29.55,,971.0,44316.83,15575.83,35.15,,
971.9,44400.90,18005.98,40.55,,971.9,44400.90,13046.31,29.38,,971.9,44400.90,15526.15,34.97,,
972.9,44577.14,18007.89,40.40,,972.9,44577.14,13011.71,29.19,,972.9,44577.14,15509.80,34.79,,
973.9,44494.78,17993.04,40.44,,973.9,44494.78,13063.44,29.36,,973.9,44494.78,15528.24,34.90,,
974.9,44573.29,17947.82,40.27,,974.9,44573.29,13024.56,29.22,,974.9,44573.29,15486.19,34.74,,
975.8,44702.44,17971.80,40.20,,975.8,44702.44,12965.13,29.00,,975.8,44702.44,15468.47,34.60,,
976.8,44666.28,17950.50,40.19,,976.8,44666.28,12946.92,28.99,,976.8,44666.28,15448.71,34.59,,
977.8,44950.93,17878.43,39.77,,977.8,44950.93,12959.63,28.83,,977.8,44950.93,15419.03,34.30,,
978.8,44877.90,17801.34,39.67,,978.8,44877.90,12966.24,28.89,,978.8,44877.90,15383.79,34.28,,
979.7,45104.10,17953.63,39.80,,979.7,45104.10,12937.18,28.68,,979.7,45104.10,15445.41,34.24,,
980.7,45212.81,18021.50,39.86,,980.7,45212.81,13058.83,28.88,,980.7,45212.81,15540.17,34.37,,
981.7,45433.99,18086.64,39.81,,981.7,45433.99,13130.21,28.90,,981.7,45433.99,15608.43,34.35,,
982.6,45657.51,18205.39,39.87,,982.6,45657.51,13385.19,29.32,,982.6,45657.51,15795.29,34.60,,
983.6,46147.45,18394.66,39.86,,983.6,46147.45,13420.81,29.08,,983.6,46147.45,15907.74,34.47,,
984.6,46551.05,18475.52,39.69,,984.6,46551.05,13476.26,28.95,,984.6,46551.05,15975.89,34.32,,
985.5,47031.84,18702.72,39.77,,985.5,47031.84,13559.47,28.83,,985.5,47031.84,16131.10,34.30,,
986.5,47664.14,19002.42,39.87,,986.5,47664.14,13943.54,29.25,,986.5,47664.14,16472.98,34.56,,
987.5,48852.12,19430.86,39.77,,987.5,48852.12,14004.88,28.67,,987.5,48852.12,16717.87,34.22,,
988.4,49722.20,19846.20,39.91,,988.4,49722.20,14468.52,29.10,,988.4,49722.20,17157.36,34.51,,
989.4,51183.38,20373.48,39.80,,989.4,51183.38,14630.96,28.59,,989.4,51183.38,17502.22,34.20,,
990.4,52549.20,20902.90,39.78,,990.4,52549.20,14713.78,28.00,,990.4,52549.20,17808.34,33.89,,
991.3,54023.93,21473.24,39.75,,991.3,54023.93,14997.18,27.76,,991.3,54023.93,18235.21,33.75,,
992.3,54777.10,21597.83,39.43,,992.3,54777.10,15181.08,27.71,,992.3,54777.10,18389.46,33.57,,
993.2,55874.36,22080.47,39.52,,993.2,55874.36,16335.96,29.24,,993.2,55874.36,19208.22,34.38,,
994.2,57686.85,22163.90,38.42,,994.2,57686.85,16192.80,28.07,,994.2,57686.85,19178.35,33.25,,
995.2,57633.14,22046.07,38.25,,995.2,57633.14,15779.17,27.38,,995.2,57633.14,18912.62,32.82,,
996.1,59292.71,22983.56,38.76,,996.1,59292.71,16626.41,28.04,,996.1,59292.71,19804.99,33.40,,
997.1,59931.56,22669.76,37.83,,997.1,59931.56,16155.46,26.96,,997.1,59931.56,19412.61,32.39,,
998.0,60640.20,22885.68,37.74,,998.0,60640.20,16581.84,27.34,,998.0,60640.20,19733.76,32.54,,
999.0,59258.53,23414.35,39.51,,999.0,59258.53,16043.16,27.07,,999.0,59258.53,19728.76,33.29,,
1000.0,60377.42,22200.89,36.77,,1000.0,60377.42,15600.62,25.84,,1000.0,60377.42,18900.76,31.30,,
1000.9,59810.48,22822.42,38.16,,1000.9,59810.48,16211.79,27.11,,1000.9,59810.48,19517.11,32.63,,
1001.9,59598.95,23515.23,39.46,,1001.9,59598.95,16217.40,27.21,,1001.9,59598.95,19866.32,33.33,,
1002.8,60212.52,21743.41,36.11,,1002.8,60212.52,16725.70,27.78,,1002.8,60212.52,19234.56,31.94,,
1003.8,59788.51,22868.02,38.25,,1003.8,59788.51,16583.68,27.74,,1003.8,59788.51,19725.85,32.99,,
1004.8,59326.80,23365.63,39.38,,1004.8,59326.80,15698.78,26.46,,1004.8,59326.80,19532.21,32.92,,
961.5,55398.21,20012.97,36.13,,961.5,55398.21,14502.15,26.18,,961.5,55398.21,17257.56,31.15,,
965.5,54418.85,19788.67,36.36,,965.5,54418.85,14670.91,26.96,,965.5,54418.85,17229.79,31.66,,
969.5,52458.23,19333.50,36.86,,969.5,52458.23,14822.35,28.26,,969.5,52458.23,17077.93,32.56,,
973.4,50487.36,18797.53,37.23,,973.4,50487.36,14334.80,28.39,,973.4,50487.36,16566.17,32.81,,
977.4,48611.32,18221.86,37.48,,977.4,48611.32,13791.91,28.37,,977.4,48611.32,16006.89,32.93,,
981.4,47578.80,18021.40,37.88,,981.4,47578.80,13697.80,28.79,,981.4,47578.80,15859.60,33.33,,
985.3,47203.20,18042.11,38.22,,985.3,47203.20,13597.14,28.81,,985.3,47203.20,15819.63,33.51,,
989.3,47137.31,18181.25,38.57,,989.3,47137.31,13502.98,28.65,,989.3,47137.31,15842.12,33.61,,
993.3,47133.16,18334.10,38.90,,993.3,47133.16,13517.93,28.68,,993.3,47133.16,15926.02,33.79,,
997.2,47029.21,18429.47,39.19,,997.2,47029.21,13538.38,28.79,,997.2,47029.21,15983.93,33.99,,
1001.2,46955.35,18575.44,39.56,,1001.2,46955.35,13621.53,29.01,,1001.2,46955.35,16098.49,34.28,,
1005.2,46914.32,18772.33,40.01,,1005.2,46914.32,13793.67,29.40,,1005.2,46914.32,16283.00,34.71,,
1009.1,47038.13,19082.46,40.57,,1009.1,47038.13,14047.16,29.86,,1009.1,47038.13,16564.81,35.22,,
1013.1,47236.75,19445.12,41.17,,1013.1,47236.75,14325.46,30.33,,1013.1,47236.75,16885.29,35.75,,
1017.1,47375.30,19794.14,41.78,,1017.1,47375.30,14568.12,30.75,,1017.1,47375.30,17181.13,36.27,,
1021.0,47429.61,20084.27,42.35,,1021.0,47429.61,14768.84,31.14,,1021.0,47429.61,17426.56,36.74,,
1025.0,47461.87,20351.80,42.88,,1025.0,47461.87,14973.78,31.55,,1025.0,47461.87,17662.79,37.21,,
1029.0,47354.18,20566.17,43.43,,1029.0,47354.18,15129.51,31.95,,1029.0,47354.18,17847.84,37.69,,
1032.9,47271.77,20792.33,43.98,,1032.9,47271.77,15286.44,32.34,,1032.9,47271.77,18039.39,38.16,,
1036.9,47308.70,21076.11,44.55,,1036.9,47308.70,15511.31,32.79,,1036.9,47308.70,18293.71,38.67,,
1040.9,47476.08,21415.09,45.11,,1040.9,47476.08,15772.55,33.22,,1040.9,47476.08,18593.82,39.16,,
1044.8,47747.63,21788.82,45.63,,1044.8,47747.63,16055.71,33.63,,1044.8,47747.63,18922.27,39.63,,
1048.8,47970.59,22123.65,46.12,,1048.8,47970.59,16332.40,34.05,,1048.8,47970.59,19228.03,40.08,,
1052.7,48104.60,22398.01,46.56,,1052.7,48104.60,16542.89,34.39,,1052.7,48104.60,19470.45,40.48,,
1056.7,48183.46,22586.15,46.88,,1056.7,48183.46,16639.68,34.53,,1056.7,48183.46,19612.92,40.70,,
1060.7,48250.82,22736.31,47.12,,1060.7,48250.82,16758.25,34.73,,1060.7,48250.82,19747.28,40.93,,
1064.6,48272.17,22860.41,47.36,,1064.6,48272.17,16861.06,34.93,,1064.6,48272.17,19860.74,41.14,,
1068.6,48190.54,22886.98,47.49,,1068.6,48190.54,16884.21,35.04,,1068.6,48190.54,19885.60,41.26,,
1072.5,48116.11,22873.62,47.54,,1072.5,48116.11,16873.10,35.07,,1072.5,48116.11,19873.36,41.30,,
1076.5,48076.67,22861.60,47.55,,1076.5,48076.67,16834.97,35.02,,1076.5,48076.67,19848.29,41.28,,
1080.4,48048.88,22798.02,47.45,,1080.4,48048.88,16784.88,34.93,,1080.4,48048.88,19791.45,41.19,,
1084.4,48150.59,22730.32,47.21,,1084.4,48150.59,16723.75,34.73,,1084.4,48150.59,19727.04,40.97,,
1088.3,48279.53,22650.49,46.92,,1088.3,48279.53,16642.89,34.47,,1088.3,48279.53,19646.69,40.69,,
1092.3,48252.92,22472.88,46.57,,1092.3,48252.92,16481.50,34.16,,1092.3,48252.92,19477.19,40.36,,
1096.2,48221.83,22294.64,46.23,,1096.2,48221.83,16323.60,33.85,,1096.2,48221.83,19309.12,40.04,,
1100.2,48245.69,22132.95,45.88,,1100.2,48245.69,16212.90,33.60,,1100.2,48245.69,19172.93,39.74,,
1104.1,48124.97,21890.62,45.49,,1104.1,48124.97,16023.92,33.30,,1104.1,48124.97,18957.27,39.39,,
1108.1,48059.38,21673.20,45.10,,1108.1,48059.38,15844.64,32.97,,1108.1,48059.38,18758.92,39.03,,
1112.0,47955.87,21378.69,44.58,,1112.0,47955.87,15623.51,32.58,,1112.0,47955.87,18501.10,38.58,,
1116.0,47754.46,21018.47,44.01,,1116.0,47754.46,15344.55,32.13,,1116.0,47754.46,18181.51,38.07,,
1119.9,47569.76,20650.77,43.41,,1119.9,47569.76,15026.55,31.59,,1119.9,47569.76,17838.66,37.50,,
1123.9,47623.80,20266.68,42.56,,1123.9,47623.80,14706.38,30.88,,1123.9,47623.80,17486.53,36.72,,
1127.8,47592.96,19680.00,41.35,,1127.8,47592.96,14242.56,29.93,,1127.8,47592.96,16961.28,35.64,,
1131.8,47556.42,18947.13,39.84,,1131.8,47556.42,13651.23,28.71,,1131.8,47556.42,16299.18,34.27,,
1135.7,47568.82,18077.52,38.00,,1135.7,47568.82,12970.55,27.27,,1135.7,47568.82,15524.04,32.63,,
1139.6,47554.30,17120.16,36.00,,1139.6,47554.30,12225.98,25.71,,1139.6,47554.30,14673.07,30.86,,
1143.6,47510.71,16232.54,34.17,,1143.6,47510.71,11541.38,24.29,,1143.6,47510.71,13886.96,29.23,,
1147.5,47481.98,15490.10,32.62,,1147.5,47481.98,10982.46,23.13,,1147.5,47481.98,13236.28,27.88,,
1151.4,47337.52,14862.56,31.40,,1151.4,47337.52,10520.69,22.22,,1151.4,47337.52,12691.63,26.81,,
1155.4,47322.86,14485.77,30.61,,1155.4,47322.86,10242.09,21.64,,1155.4,47322.86,12363.93,26.13,,
1159.3,47329.81,14253.12,30.11,,1159.3,47329.81,10082.63,21.30,,1159.3,47329.81,12167.88,25.71,,
1163.2,47159.49,14035.60,29.76,,1163.2,47159.49,9918.88,21.03,,1163.2,47159.49,11977.24,25.40,,
1167.2,47113.86,13908.66,29.52,,1167.2,47113.86,9819.96,20.84,,1167.2,47113.86,11864.31,25.18,,
1171.1,47117.13,13817.15,29.33,,1171.1,47117.13,9760.70,20.72,,1171.1,47117.13,11788.93,25.02,,
1175.0,47022.16,13731.61,29.20,,1175.0,47022.16,9685.54,20.60,,1175.0,47022.16,11708.58,24.90,,
1179.0,46962.63,13651.44,29.07,,1179.0,46962.63,9625.08,20.50,,1179.0,46962.63,11638.26,24.78,,
1182.9,47045.30,13597.21,28.90,,1182.9,47045.30,9585.95,20.38,,1182.9,47045.30,11591.58,24.64,,
1186.8,47019.62,13518.32,28.75,,1186.8,47019.62,9534.96,20.28,,1186.8,47019.62,11526.64,24.51,,
1190.7,46784.64,13387.93,28.62,,1190.7,46784.64,9436.99,20.17,,1190.7,46784.64,11412.46,24.39,,
1194.7,46508.35,13257.80,28.51,,1194.7,46508.35,9346.18,20.10,,1194.7,46508.35,11301.99,24.30,,
1198.6,46264.68,13163.54,28.45,,1198.6,46264.68,9296.60,20.09,,1198.6,46264.68,11230.07,24.27,,
1202.5,46100.54,13125.20,28.47,,1202.5,46100.54,9273.99,20.12,,1202.5,46100.54,11199.60,24.29,,
1206.4,45962.62,13119.41,28.54,,1206.4,45962.62,9272.29,20.17,,1206.4,45962.62,11195.85,24.36,,
1210.3,45829.98,13129.38,28.65,,1210.3,45829.98,9294.29,20.28,,1210.3,45829.98,11211.84,24.46,,
1214.2,45707.13,13145.30,28.76,,1214.2,45707.13,9315.89,20.38,,1214.2,45707.13,11230.60,24.57,,
1218.2,45554.16,13154.48,28.88,,1218.2,45554.16,9328.69,20.48,,1218.2,45554.16,11241.59,24.68,,
1222.1,45384.95,13191.70,29.07,,1222.1,45384.95,9369.78,20.65,,1222.1,45384.95,11280.74,24.86,,
1226.0,45257.55,13249.18,29.28,,1226.0,45257.55,9416.69,20.81,,1226.0,45257.55,11332.94,25.04,,
1229.9,45156.00,13301.94,29.46,,1229.9,45156.00,9457.32,20.94,,1229.9,45156.00,11379.63,25.20,,
1233.8,45033.17,13350.58,29.65,,1233.8,45033.17,9499.45,21.09,,1233.8,45033.17,11425.02,25.37,,
1237.7,44950.68,13383.98,29.77,,1237.7,44950.68,9538.83,21.22,,1237.7,44950.68,11461.41,25.50,,
1241.6,44841.64,13403.40,29.89,,1241.6,44841.64,9555.57,21.31,,1241.6,44841.64,11479.49,25.60,,
1245.5,44683.61,13404.18,30.00,,1245.5,44683.61,9567.51,21.41,,1245.5,44683.61,11485.85,25.70,,
1249.4,44538.65,13402.63,30.09,,1249.4,44538.65,9569.03,21.48,,1249.4,44538.65,11485.83,25.79,,
1253.3,44401.40,13410.97,30.20,,1253.3,44401.40,9577.99,21.57,,1253.3,44401.40,11494.48,25.89,,
1257.2,44324.52,13434.80,30.31,,1257.2,44324.52,9597.12,21.65,,1257.2,44324.52,11515.96,25.98,,
1261.1,44209.48,13431.10,30.38,,1261.1,44209.48,9584.89,21.68,,1261.1,44209.48,11508.00,26.03,,
1265.0,44086.55,13392.83,30.38,,1265.0,44086.55,9568.79,21.70,,1265.0,44086.55,11480.81,26.04,,
1268.9,43910.05,13323.64,30.34,,1268.9,43910.05,9516.47,21.67,,1268.9,43910.05,11420.06,26.01,,
1272.8,43969.80,13312.35,30.28,,1272.8,43969.80,9504.75,21.62,,1272.8,43969.80,11408.55,25.95,,
1276.7,44155.69,13327.82,30.18,,1276.7,44155.69,9514.18,21.55,,1276.7,44155.69,11421.00,25.87,,
1280.6,44249.88,13284.02,30.02,,1280.6,44249.88,9477.67,21.42,,1280.6,44249.88,11380.85,25.72,,
1284.5,44188.89,13168.56,29.80,,1284.5,44188.89,9386.07,21.24,,1284.5,44188.89,11277.32,25.52,,
1288.4,44167.03,13053.14,29.55,,1288.4,44167.03,9289.10,21.03,,1288.4,44167.03,11171.12,25.29,,
1292.3,44060.50,12883.75,29.24,,1292.3,44060.50,9163.00,20.80,,1292.3,44060.50,11023.38,25.02,,
1296.2,43934.23,12685.24,28.87,,1296.2,43934.23,9005.05,20.50,,1296.2,43934.23,10845.15,24.68,,
1300.1,43787.98,12455.38,28.44,,1300.1,43787.98,8815.98,20.13,,1300.1,43787.98,10635.68,24.29,,
1303.9,43564.57,12173.66,27.94,,1303.9,43564.57,8605.61,19.75,,1303.9,43564.57,10389.64,23.85,,
1307.8,43339.22,11870.86,27.39,,1307.8,43339.22,8379.89,19.34,,1307.8,43339.22,10125.38,23.36,,
1311.7,43109.06,11548.09,26.79,,1311.7,43109.06,8130.56,18.86,,1311.7,43109.06,9839.33,22.82,,
1315.6,42877.90,11219.59,26.17,,1315.6,42877.90,7886.33,18.39,,1315.6,42877.90,9552.96,22.28,,
1319.5,42633.84,10854.43,25.46,,1319.5,42633.84,7609.55,17.85,,1319.5,42633.84,9231.99,21.65,,
1323.3,42417.44,10474.00,24.69,,1323.3,42417.44,7327.77,17.28,,1323.3,42417.44,8900.89,20.98,,
1327.2,42218.70,10104.41,23.93,,1327.2,42218.70,7054.35,16.71,,1327.2,42218.70,8579.38,20.32,,
1331.1,42002.86,9733.16,23.17,,1331.1,42002.86,6779.29,16.14,,1331.1,42002.86,8256.23,19.66,,
1335.0,41739.72,9354.90,22.41,,1335.0,41739.72,6501.03,15.58,,1335.0,41739.72,7927.97,18.99,,
1338.8,41543.11,9020.80,21.71,,1338.8,41543.11,6244.42,15.03,,1338.8,41543.11,7632.61,18.37,,
1342.7,41389.31,8721.51,21.07,,1342.7,41389.31,6017.11,14.54,,1342.7,41389.31,7369.31,17.80,,
1346.5,41042.00,8392.22,20.45,,1346.5,41042.00,5762.30,14.04,,1346.5,41042.00,7077.26,17.24,,
1350.4,40741.74,8090.10,19.86,,1350.4,40741.74,5538.19,13.59,,1350.4,40741.74,6814.15,16.73,,
1354.3,40332.24,7771.21,19.27,,1354.3,40332.24,5316.75,13.18,,1354.3,40332.24,6543.98,16.23,,
1358.1,39895.31,7459.58,18.70,,1358.1,39895.31,5098.31,12.78,,1358.1,39895.31,6278.95,15.74,,
1362.0,39644.33,7200.65,18.16,,1362.0,39644.33,4907.45,12.38,,1362.0,39644.33,6054.05,15.27,,
1365.8,39567.12,6972.91,17.62,,1365.8,39567.12,4732.97,11.96,,1365.8,39567.12,5852.94,14.79,,
1369.7,39683.68,6755.79,17.02,,1369.7,39683.68,4565.13,11.50,,1369.7,39683.68,5660.46,14.26,,
1373.5,39615.26,6418.57,16.20,,1373.5,39615.26,4314.41,10.89,,1373.5,39615.26,5366.49,13.55,,
1377.4,39354.79,5965.48,15.16,,1377.4,39354.79,3988.92,10.14,,1377.4,39354.79,4977.20,12.65,,
1381.2,39167.92,5459.52,13.94,,1381.2,39167.92,3621.59,9.25,,1381.2,39167.92,4540.56,11.59,,
1385.1,39160.09,4968.46,12.69,,1385.1,39160.09,3267.64,8.34,,1385.1,39160.09,4118.05,10.52,,
1389.0,39060.88,4486.24,11.49,,1389.0,39060.88,2921.15,7.48,,1389.0,39060.88,3703.70,9.48,,
1392.8,38834.72,4006.24,10.32,,1392.8,38834.72,2566.42,6.61,,1392.8,38834.72,3286.33,8.46,,
1396.6,38680.88,3588.95,9.28,,1396.6,38680.88,2254.69,5.83,,1396.6,38680.88,2921.82,7.55,,
1400.5,38476.57,3230.38,8.40,,1400.5,38476.57,2008.75,5.22,,1400.5,38476.57,2619.57,6.81,,
1404.3,38299.58,2949.71,7.70,,1404.3,38299.58,1815.96,4.74,,1404.3,38299.58,2382.84,6.22,,
1408.2,38263.03,2743.88,7.17,,1408.2,38263.03,1665.84,4.35,,1408.2,38263.03,2204.86,5.76,,
1412.0,38218.70,2580.29,6.75,,1412.0,38218.70,1555.90,4.07,,1412.0,38218.70,2068.10,5.41,,
1415.8,38249.29,2463.38,6.44,,1415.8,38249.29,1468.01,3.84,,1415.8,38249.29,1965.70,5.14,,
1419.6,38208.11,2371.73,6.21,,1419.6,38208.11,1401.26,3.67,,1419.6,38208.11,1886.50,4.94,,
1423.5,38172.20,2307.90,6.05,,1423.5,38172.20,1354.13,3.55,,1423.5,38172.20,1831.02,4.80,,
1427.3,38125.77,2260.85,5.93,,1427.3,38125.77,1311.62,3.44,,1427.3,38125.77,1786.24,4.69,,
1431.1,38099.78,2222.70,5.83,,1431.1,38099.78,1285.73,3.37,,1431.1,38099.78,1754.22,4.60,,
1434.9,38010.73,2186.82,5.75,,1434.9,38010.73,1270.81,3.34,,1434.9,38010.73,1728.82,4.55,,
1438.8,37949.80,2171.47,5.72,,1438.8,37949.80,1259.36,3.32,,1438.8,37949.80,1715.42,4.52,,
1442.6,37913.52,2157.98,5.69,,1442.6,37913.52,1248.63,3.29,,1442.6,37913.52,1703.31,4.49,,
1446.4,37795.09,2143.65,5.67,,1446.4,37795.09,1237.79,3.27,,1446.4,37795.09,1690.72,4.47,,
1450.2,37700.99,2132.54,5.66,,1450.2,37700.99,1236.32,3.28,,1450.2,37700.99,1684.43,4.47,,
1454.0,37583.52,2127.24,5.66,,1454.0,37583.52,1224.36,3.26,,1454.0,37583.52,1675.80,4.46,,
1457.8,37547.69,2134.35,5.68,,1457.8,37547.69,1222.87,3.26,,1457.8,37547.69,1678.61,4.47,,
1461.6,37527.24,2147.21,5.72,,1461.6,37527.24,1234.13,3.29,,1461.6,37527.24,1690.67,4.51,,
1465.4,37404.28,2158.60,5.77,,1465.4,37404.28,1252.35,3.35,,1465.4,37404.28,1705.48,4.56,,
1469.2,37216.73,2179.45,5.86,,1469.2,37216.73,1264.90,3.40,,1469.2,37216.73,1722.18,4.63,,
1473.0,37080.95,2210.97,5.96,,1473.0,37080.95,1288.78,3.48,,1473.0,37080.95,1749.88,4.72,,
1476.8,37019.78,2252.94,6.09,,1476.8,37019.78,1328.07,3.59,,1476.8,37019.78,1790.51,4.84,,
1480.7,36949.43,2310.91,6.25,,1480.7,36949.43,1360.56,3.68,,1480.7,36949.43,1835.74,4.97,,
1484.4,36826.56,2373.48,6.45,,1484.4,36826.56,1409.04,3.83,,1484.4,36826.56,1891.26,5.14,,
1488.2,36723.96,2446.44,6.66,,1488.2,36723.96,1470.60,4.00,,1488.2,36723.96,1958.52,5.33,,
1492.0,36584.11,2524.14,6.90,,1492.0,36584.11,1528.13,4.18,,1492.0,36584.11,2026.14,5.54,,
1495.8,36452.33,2600.33,7.13,,1495.8,36452.33,1574.30,4.32,,1495.8,36452.33,2087.32,5.73,,
1499.6,36350.05,2657.31,7.31,,1499.6,36350.05,1618.09,4.45,,1499.6,36350.05,2137.70,5.88,,
1503.4,36216.75,2695.26,7.44,,1503.4,36216.75,1635.92,4.52,,1503.4,36216.75,2165.59,5.98,,
1507.2,36087.28,2715.52,7.52,,1507.2,36087.28,1642.75,4.55,,1507.2,36087.28,2179.14,6.04,,
1510.9,35929.91,2738.97,7.62,,1510.9,35929.91,1656.50,4.61,,1510.9,35929.91,2197.74,6.12,,
1514.7,35749.31,2776.53,7.77,,1514.7,35749.31,1683.32,4.71,,1514.7,35749.31,2229.93,6.24,,
1518.5,35615.65,2829.56,7.94,,1518.5,35615.65,1722.24,4.84,,1518.5,35615.65,2275.90,6.39,,
1522.3,35466.30,2880.70,8.12,,1522.3,35466.30,1762.54,4.97,,1522.3,35466.30,2321.62,6.55,,
1526.0,35355.47,2935.77,8.30,,1526.0,35355.47,1802.42,5.10,,1526.0,35355.47,2369.10,6.70,,
1529.8,35294.61,3004.96,8.51,,1529.8,35294.61,1844.44,5.23,,1529.8,35294.61,2424.70,6.87,,
1533.6,35159.29,3056.81,8.69,,1533.6,35159.29,1883.32,5.36,,1533.6,35159.29,2470.07,7.03,,
1537.3,35020.99,3109.30,8.88,,1537.3,35020.99,1932.81,5.52,,1537.3,35020.99,2521.06,7.20,,
1541.1,34889.16,3171.96,9.09,,1541.1,34889.16,1987.28,5.70,,1541.1,34889.16,2579.62,7.39,,
1544.8,34754.40,3235.20,9.31,,1544.8,34754.40,2030.40,5.84,,1544.8,34754.40,2632.80,7.58,,
1548.6,34607.98,3283.86,9.49,,1548.6,34607.98,2072.25,5.99,,1548.6,34607.98,2678.06,7.74,,
1552.4,34514.76,3333.04,9.66,,1552.4,34514.76,2105.21,6.10,,1552.4,34514.76,2719.13,7.88,,
1556.1,34455.77,3383.64,9.82,,1556.1,34455.77,2135.26,6.20,,1556.1,34455.77,2759.45,8.01,,
1559.9,34373.05,3425.81,9.97,,1559.9,34373.05,2164.18,6.30,,1559.9,34373.05,2795.00,8.13,,
1563.6,34243.93,3471.22,10.14,,1563.6,34243.93,2202.66,6.43,,1563.6,34243.93,2836.94,8.28,,
1567.3,34122.03,3534.81,10.36,,1567.3,34122.03,2258.55,6.62,,1567.3,34122.03,2896.68,8.49,,
1571.1,33904.82,3584.39,10.57,,1571.1,33904.82,2294.87,6.77,,1571.1,33904.82,2939.63,8.67,,
1574.8,33749.79,3635.40,10.77,,1574.8,33749.79,2324.94,6.89,,1574.8,33749.79,2980.17,8.83,,
1578.6,33637.37,3687.07,10.96,,1578.6,33637.37,2361.73,7.02,,1578.6,33637.37,3024.40,8.99,,
1582.3,33496.17,3724.45,11.12,,1582.3,33496.17,2393.78,7.15,,1582.3,33496.17,3059.12,9.13,,
1586.0,33359.51,3749.74,11.24,,1586.0,33359.51,2415.17,7.24,,1586.0,33359.51,3082.46,9.24,,
1589.8,33217.24,3765.39,11.34,,1589.8,33217.24,2434.87,7.33,,1589.8,33217.24,3100.13,9.33,,
1593.5,33051.52,3795.16,11.48,,1593.5,33051.52,2450.04,7.41,,1593.5,33051.52,3122.60,9.45,,
1597.2,32917.71,3832.00,11.64,,1597.2,32917.71,2475.43,7.52,,1597.2,32917.71,3153.72,9.58,,
1600.9,32767.31,3852.01,11.76,,1600.9,32767.31,2494.31,7.61,,1600.9,32767.31,3173.16,9.68,,
1604.7,32613.52,3880.85,11.90,,1604.7,32613.52,2508.73,7.69,,1604.7,32613.52,3194.79,9.80,,
1608.4,32493.03,3909.75,12.03,,1608.4,32493.03,2535.92,7.80,,1608.4,32493.03,3222.84,9.92,,
1612.1,32320.35,3924.10,12.14,,1612.1,32320.35,2547.18,7.88,,1612.1,32320.35,3235.64,10.01,,
1615.8,32161.00,3950.65,12.28,,1615.8,32161.00,2559.98,7.96,,1615.8,32161.00,3255.32,10.12,,
1619.5,32072.28,3983.73,12.42,,1619.5,32072.28,2588.34,8.07,,1619.5,32072.28,3286.04,10.25,,
1623.2,31915.49,4007.24,12.56,,1623.2,31915.49,2611.95,8.18,,1623.2,31915.49,3309.60,10.37,,
1626.9,31725.78,4020.52,12.67,,1626.9,31725.78,2623.03,8.27,,1626.9,31725.78,3321.78,10.47,,
1630.6,31537.44,4031.72,12.78,,1630.6,31537.44,2635.38,8.36,,1630.6,31537.44,3333.55,10.57,,
1634.3,31397.73,4059.82,12.93,,1634.3,31397.73,2645.29,8.43,,1634.3,31397.73,3352.56,10.68,,
1638.0,31241.74,4062.54,13.00,,1638.0,31241.74,2640.05,8.45,,1638.0,31241.74,3351.30,10.73,,
1641.7,31050.65,4052.17,13.05,,1641.7,31050.65,2639.80,8.50,,1641.7,31050.65,3345.99,10.78,,
1645.4,30870.63,4043.47,13.10,,1645.4,30870.63,2638.19,8.55,,1645.4,30870.63,3340.83,10.82,,
1649.1,30683.95,4033.41,13.15,,1649.1,30683.95,2619.10,8.54,,1649.1,30683.95,3326.26,10.84,,
1652.8,30504.58,4023.23,13.19,,1652.8,30504.58,2614.27,8.57,,1652.8,30504.58,3318.75,10.88,,
1656.4,30322.32,4001.90,13.20,,1656.4,30322.32,2599.46,8.57,,1656.4,30322.32,3300.68,10.89,,
1660.1,30158.02,3987.06,13.22,,1660.1,30158.02,2581.67,8.56,,1660.1,30158.02,3284.37,10.89,,
1663.8,29966.42,3966.49,13.24,,1663.8,29966.42,2579.98,8.61,,1663.8,29966.42,3273.24,10.92,,
1667.5,29809.99,3940.93,13.22,,1667.5,29809.99,2572.61,8.63,,1667.5,29809.99,3256.77,10.93,,
1671.1,29676.54,3922.14,13.22,,1671.1,29676.54,2555.58,8.61,,1671.1,29676.54,3238.86,10.91,,
1674.8,29472.79,3898.44,13.23,,1674.8,29472.79,2535.97,8.60,,1674.8,29472.79,3217.21,10.92,,
1678.5,29413.48,3884.09,13.21,,1678.5,29413.48,2523.96,8.58,,1678.5,29413.48,3204.03,10.89,,
1682.1,29419.35,3864.99,13.14,,1682.1,29419.35,2514.23,8.55,,1682.1,29419.35,3189.61,10.84,,
1685.8,29417.21,3847.16,13.08,,1685.8,29417.21,2501.24,8.50,,1685.8,29417.21,3174.20,10.79,,
1689.5,29310.65,3823.33,13.04,,1689.5,29310.65,2481.15,8.47,,1689.5,29310.65,3152.24,10.75,,
1693.1,29167.59,3787.26,12.98,,1693.1,29167.59,2455.32,8.42,,1693.1,29167.59,3121.29,10.70,,
1696.8,29020.13,3750.13,12.92,,1696.8,29020.13,2427.25,8.36,,1696.8,29020.13,3088.69,10.64,,
1700.4,28874.60,3706.39,12.84,,1700.4,28874.60,2389.15,8.27,,1700.4,28874.60,3047.77,10.56,,
1704.0,28754.23,3652.58,12.70,,1704.0,28754.23,2351.34,8.18,,1704.0,28754.23,3001.96,10.44,,
1707.7,28493.62,3586.78,12.59,,1707.7,28493.62,2306.81,8.10,,1707.7,28493.62,2946.80,10.34,,
1711.3,28200.13,3514.58,12.46,,1711.3,28200.13,2252.38,7.99,,1711.3,28200.13,2883.48,10.23,,
1715.0,27991.44,3450.21,12.33,,1715.0,27991.44,2209.28,7.89,,1715.0,27991.44,2829.75,10.11,,
1718.6,27822.35,3387.94,12.18,,1718.6,27822.35,2175.57,7.82,,1718.6,27822.35,2781.76,10.00,,
1722.2,27677.55,3327.86,12.02,,1722.2,27677.55,2131.08,7.70,,1722.2,27677.55,2729.47,9.86,,
1725.9,27527.50,3284.09,11.93,,1725.9,27527.50,2087.25,7.58,,1725.9,27527.50,2685.67,9.76,,
1729.5,27386.37,3240.59,11.83,,1729.5,27386.37,2055.42,7.51,,1729.5,27386.37,2648.01,9.67,,
1733.1,27262.24,3193.07,11.71,,1733.1,27262.24,2031.95,7.45,,1733.1,27262.24,2612.51,9.58,,
1736.7,27144.69,3161.88,11.65,,1736.7,27144.69,2012.76,7.41,,1736.7,27144.69,2587.32,9.53,,
1740.3,26982.07,3120.69,11.57,,1740.3,26982.07,1983.06,7.35,,1740.3,26982.07,2551.88,9.46,,
1744.0,26899.89,3078.86,11.45,,1744.0,26899.89,1957.53,7.28,,1744.0,26899.89,2518.20,9.36,,
1747.5,26760.07,3022.22,11.29,,1747.5,26760.07,1919.97,7.17,,1747.5,26760.07,2471.10,9.23,,
1751.2,26551.35,2962.36,11.16,,1751.2,26551.35,1877.75,7.07,,1751.2,26551.35,2420.06,9.11,,
1754.8,26397.18,2912.09,11.03,,1754.8,26397.18,1838.84,6.97,,1754.8,26397.18,2375.47,9.00,,
1758.4,26262.14,2863.18,10.90,,1758.4,26262.14,1807.07,6.88,,1758.4,26262.14,2335.13,8.89,,
1762.0,26085.49,2814.24,10.79,,1762.0,26085.49,1772.64,6.80,,1762.0,26085.49,2293.44,8.79,,
1765.5,25956.49,2776.02,10.69,,1765.5,25956.49,1741.58,6.71,,1765.5,25956.49,2258.80,8.70,,
1769.1,25915.20,2757.60,10.64,,1769.1,25915.20,1735.20,6.70,,1769.1,25915.20,2246.40,8.67,,
1772.7,25841.75,2730.89,10.57,,1772.7,25841.75,1723.75,6.67,,1772.7,25841.75,2227.32,8.62,,
1776.3,25724.16,2699.09,10.49,,1776.3,25724.16,1693.02,6.58,,1776.3,25724.16,2196.06,8.54,,
1779.9,25608.69,2672.68,10.44,,1779.9,25608.69,1674.72,6.54,,1779.9,25608.69,2173.70,8.49,,
1783.5,25553.92,2651.12,10.37,,1783.5,25553.92,1664.08,6.51,,1783.5,25553.92,2157.60,8.44,,
1787.0,25434.82,2621.45,10.31,,1787.0,25434.82,1654.34,6.50,,1787.0,25434.82,2137.90,8.41,,
1790.6,25293.30,2601.40,10.28,,1790.6,25293.30,1642.19,6.49,,1790.6,25293.30,2121.80,8.39,,
1794.2,25193.03,2592.28,10.29,,1794.2,25193.03,1629.36,6.47,,1794.2,25193.03,2110.82,8.38,,
1797.8,25095.48,2589.09,10.32,,1797.8,25095.48,1619.15,6.45,,1797.8,25095.48,2104.12,8.38,,
1801.3,25012.46,2577.83,10.31,,1801.3,25012.46,1612.12,6.45,,1801.3,25012.46,2094.98,8.38,,
1804.9,24871.88,2572.50,10.34,,1804.9,24871.88,1609.13,6.47,,1804.9,24871.88,2090.82,8.41,,
1808.4,24792.34,2567.58,10.36,,1808.4,24792.34,1606.74,6.48,,1808.4,24792.34,2087.16,8.42,,
1812.0,24660.35,2543.96,10.32,,1812.0,24660.35,1593.71,6.46,,1812.0,24660.35,2068.84,8.39,,
1815.5,24519.60,2529.80,10.32,,1815.5,24519.60,1579.04,6.44,,1815.5,24519.60,2054.42,8.38,,
1819.1,24324.68,2509.49,10.32,,1819.1,24324.68,1565.94,6.44,,1819.1,24324.68,2037.72,8.38,,
1822.6,24164.48,2496.39,10.33,,1822.6,24164.48,1561.33,6.46,,1822.6,24164.48,2028.86,8.40,,
1826.2,24042.90,2486.79,10.34,,1826.2,24042.90,1547.27,6.44,,1826.2,24042.90,2017.03,8.39,,
1829.7,23859.90,2464.64,10.33,,1829.7,23859.90,1528.02,6.40,,1829.7,23859.90,1996.33,8.37,,
1833.2,23612.46,2429.47,10.29,,1833.2,23612.46,1512.63,6.41,,1833.2,23612.46,1971.05,8.35,,
1836.8,23400.20,2395.12,10.24,,1836.8,23400.20,1496.95,6.40,,1836.8,23400.20,1946.04,8.32,,
1840.3,23257.80,2368.49,10.18,,1840.3,23257.80,1481.54,6.37,,1840.3,23257.80,1925.02,8.28,,
1843.8,23131.92,2352.98,10.17,,1843.8,23131.92,1464.61,6.33,,1843.8,23131.92,1908.80,8.25,,
1847.3,23013.03,2347.52,10.20,,1847.3,23013.03,1441.52,6.26,,1847.3,23013.03,1894.52,8.23,,
1850.8,22865.47,2318.40,10.14,,1850.8,22865.47,1431.36,6.26,,1850.8,22865.47,1874.88,8.20,,
1854.3,22692.74,2272.00,10.01,,1854.3,22692.74,1395.01,6.15,,1854.3,22692.74,1833.51,8.08,,
1857.8,22594.00,2220.40,9.83,,1857.8,22594.00,1341.60,5.94,,1857.8,22594.00,1781.00,7.88,,
1861.3,22615.25,2127.24,9.41,,1861.3,22615.25,1289.41,5.70,,1861.3,22615.25,1708.33,7.55,,
1864.8,22605.64,1994.81,8.82,,1864.8,22605.64,1204.92,5.33,,1864.8,22605.64,1599.87,7.08,,
1868.3,22468.36,1836.25,8.17,,1868.3,22468.36,1109.10,4.94,,1868.3,22468.36,1472.68,6.55,,
1871.8,22341.12,1666.56,7.46,,1871.8,22341.12,990.72,4.43,,1871.8,22341.12,1328.64,5.95,,
1875.3,22323.21,1531.53,6.86,,1875.3,22323.21,881.79,3.95,,1875.3,22323.21,1206.66,5.41,,
1878.8,22320.32,1415.32,6.34,,1878.8,22320.32,788.87,3.53,,1878.8,22320.32,1102.10,4.94,,
1882.3,22237.89,1323.78,5.95,,1882.3,22237.89,712.80,3.21,,1882.3,22237.89,1018.29,4.58,,
1885.8,22045.10,1228.74,5.57,,1885.8,22045.10,682.64,3.10,,1885.8,22045.10,955.69,4.34,,
1889.3,21861.76,1151.06,5.27,,1889.3,21861.76,617.23,2.82,,1889.3,21861.76,884.15,4.04,,
1892.7,21710.01,1071.33,4.93,,1892.7,21710.01,566.66,2.61,,1892.7,21710.01,819.00,3.77,,
1896.2,21503.16,1041.88,4.85,,1896.2,21503.16,549.88,2.56,,1896.2,21503.16,795.88,3.70,,
1899.7,21232.37,1037.59,4.89,,1899.7,21232.37,524.26,2.47,,1899.7,21232.37,780.93,3.68,,
1903.1,21059.81,1034.88,4.91,,1903.1,21059.81,543.31,2.58,,1903.1,21059.81,789.10,3.75,,
1906.6,21101.81,1123.29,5.32,,1906.6,21101.81,561.65,2.66,,1906.6,21101.81,842.47,3.99,,
1910.0,21348.35,1250.88,5.86,,1910.0,21348.35,625.44,2.93,,1910.0,21348.35,938.16,4.39,,
1913.5,21771.66,1364.21,6.27,,1913.5,21771.66,723.87,3.32,,1913.5,21771.66,1044.04,4.80,,
1917.0,22339.63,1661.63,7.44,,1917.0,22339.63,886.20,3.97,,1917.0,22339.63,1273.92,5.70,,
1920.4,22881.38,1987.68,8.69,,1920.4,22881.38,1248.08,5.45,,1920.4,22881.38,1617.88,7.07,,
1923.8,23136.14,2167.32,9.37,,1923.8,23136.14,1354.58,5.85,,1923.8,23136.14,1760.95,7.61,,
1871.2,20260.60,1064.54,5.25,,1871.2,20260.60,698.25,3.45,,1871.2,20260.60,881.40,4.35,,
1873.9,20445.79,1009.40,4.94,,1873.9,20445.79,569.13,2.78,,1873.9,20445.79,789.27,3.86,,
1876.7,20658.97,968.55,4.69,,1876.7,20658.97,519.22,2.51,,1876.7,20658.97,743.89,3.60,,
1879.5,20770.50,917.46,4.42,,1879.5,20770.50,444.54,2.14,,1879.5,20770.50,681.00,3.28,,
1882.3,20488.21,866.08,4.23,,1882.3,20488.21,387.93,1.89,,1882.3,20488.21,627.01,3.06,,
1885.1,20498.36,784.42,3.83,,1885.1,20498.36,344.80,1.68,,1885.1,20498.36,564.61,2.75,,
1887.8,20542.45,651.49,3.17,,1887.8,20542.45,288.63,1.41,,1887.8,20542.45,470.06,2.29,,
1890.6,20318.11,623.73,3.07,,1890.6,20318.11,288.48,1.42,,1890.6,20318.11,456.11,2.24,,
1893.4,20320.67,660.00,3.25,,1893.4,20320.67,249.33,1.23,,1893.4,20320.67,454.67,2.24,,
1896.2,20203.65,618.90,3.06,,1896.2,20203.65,268.19,1.33,,1896.2,20203.65,443.55,2.20,,
1898.9,20201.38,584.52,2.89,,1898.9,20201.38,289.05,1.43,,1898.9,20201.38,436.79,2.16,,
1901.7,20074.51,558.44,2.78,,1901.7,20074.51,235.13,1.17,,1901.7,20074.51,396.79,1.98,,
1904.5,20223.67,544.87,2.69,,1904.5,20223.67,227.47,1.12,,1904.5,20223.67,386.17,1.91,,
1907.2,20168.50,584.25,2.90,,1907.2,20168.50,261.25,1.30,,1907.2,20168.50,422.75,2.10,,
1910.0,20030.00,592.30,2.96,,1910.0,20030.00,250.75,1.25,,1910.0,20030.00,421.53,2.10,,
1912.7,20048.69,556.46,2.78,,1912.7,20048.69,224.19,1.12,,1912.7,20048.69,390.33,1.95,,
1915.5,19979.54,545.68,2.73,,1915.5,19979.54,252.14,1.26,,1915.5,19979.54,398.91,2.00,,
1918.2,19877.64,533.17,2.68,,1918.2,19877.64,239.75,1.21,,1918.2,19877.64,386.46,1.94,,
1921.0,19705.09,526.07,2.67,,1921.0,19705.09,206.30,1.05,,1921.0,19705.09,366.19,1.86,,
1923.7,19733.20,540.27,2.74,,1923.7,19733.20,216.78,1.10,,1923.7,19733.20,378.53,1.92,,
1926.5,19715.86,524.32,2.66,,1926.5,19715.86,234.48,1.19,,1926.5,19715.86,379.40,1.92,,
1929.2,19701.76,535.51,2.72,,1929.2,19701.76,214.85,1.09,,1929.2,19701.76,375.18,1.90,,
1932.0,19674.16,537.20,2.73,,1932.0,19674.16,218.04,1.11,,1932.0,19674.16,377.62,1.92,,
1934.7,19635.47,509.65,2.60,,1934.7,19635.47,234.50,1.19,,1934.7,19635.47,372.08,1.89,,
1937.4,19518.79,521.08,2.67,,1937.4,19518.79,226.42,1.16,,1937.4,19518.79,373.75,1.91,,
1940.2,19475.71,528.61,2.71,,1940.2,19475.71,230.50,1.18,,1940.2,19475.71,379.56,1.95,,
1942.9,19573.26,511.56,2.61,,1942.9,19573.26,219.24,1.12,,1942.9,19573.26,365.40,1.87,,
1945.6,19572.62,510.38,2.61,,1945.6,19572.62,226.50,1.16,,1945.6,19572.62,368.44,1.88,,
1948.3,19494.00,550.53,2.82,,1948.3,19494.00,222.62,1.14,,1948.3,19494.00,386.58,1.98,,
1951.1,19465.67,553.84,2.85,,1951.1,19465.67,225.75,1.16,,1951.1,19465.67,389.80,2.00,,
1953.8,19476.00,540.00,2.77,,1953.8,19476.00,231.00,1.19,,1953.8,19476.00,385.50,1.98,,
1956.5,19368.67,560.07,2.89,,1956.5,19368.67,236.61,1.22,,1956.5,19368.67,398.34,2.06,,
1959.2,19423.04,547.17,2.82,,1959.2,19423.04,245.18,1.26,,1959.2,19423.04,396.18,2.04,,
1961.9,19438.54,554.28,2.85,,1961.9,19438.54,244.36,1.26,,1961.9,19438.54,399.32,2.05,,
1964.6,19331.55,544.43,2.82,,1964.6,19331.55,249.90,1.29,,1964.6,19331.55,397.17,2.05,,
1967.3,19375.30,539.93,2.79,,1967.3,19375.30,240.30,1.24,,1967.3,19375.30,390.12,2.01,,
1970.0,19228.16,538.72,2.80,,1970.0,19228.16,242.72,1.26,,1970.0,19228.16,390.72,2.03,,
1972.8,19159.08,553.03,2.89,,1972.8,19159.08,264.75,1.38,,1972.8,19159.08,408.89,2.13,,
1975.5,19219.42,579.48,3.02,,1975.5,19219.42,278.03,1.45,,1975.5,19219.42,428.76,2.23,,
1978.2,19120.16,581.08,3.04,,1978.2,19120.16,254.04,1.33,,1978.2,19120.16,417.56,2.18,,
1980.9,19002.89,583.00,3.07,,1980.9,19002.89,262.35,1.38,,1980.9,19002.89,422.68,2.22,,
1983.5,18950.70,572.94,3.02,,1983.5,18950.70,244.30,1.29,,1983.5,18950.70,408.62,2.16,,
1986.2,18944.10,567.45,3.00,,1986.2,18944.10,247.35,1.31,,1986.2,18944.10,407.40,2.15,,
1988.9,18909.18,599.46,3.17,,1988.9,18909.18,270.63,1.43,,1988.9,18909.18,435.05,2.30,,
1991.6,18787.78,608.30,3.24,,1991.6,18787.78,278.08,1.48,,1991.6,18787.78,443.19,2.36,,
1994.3,18678.85,603.66,3.23,,1994.3,18678.85,294.61,1.58,,1994.3,18678.85,449.14,2.40,,
1997.0,18669.58,608.38,3.26,,1997.0,18669.58,302.75,1.62,,1997.0,18669.58,455.57,2.44,,
1999.7,18631.37,600.18,3.22,,1999.7,18631.37,298.65,1.60,,1999.7,18631.37,449.42,2.41,,
2002.3,18617.79,615.61,3.31,,2002.3,18617.79,296.30,1.59,,2002.3,18617.79,455.96,2.45,,
2005.0,18540.12,635.74,3.43,,2005.0,18540.12,322.19,1.74,,2005.0,18540.12,478.97,2.58,,
2007.7,18469.93,633.53,3.43,,2007.7,18469.93,315.33,1.71,,2007.7,18469.93,474.43,2.57,,
2010.4,18400.48,622.39,3.38,,2010.4,18400.48,294.07,1.60,,2010.4,18400.48,458.23,2.49,,
2013.0,18316.11,645.82,3.53,,2013.0,18316.11,301.57,1.65,,2013.0,18316.11,473.70,2.59,,
2015.7,18226.45,656.43,3.60,,2015.7,18226.45,321.11,1.76,,2015.7,18226.45,488.77,2.68,,
2018.4,18129.14,646.76,3.57,,2018.4,18129.14,323.38,1.78,,2018.4,18129.14,485.07,2.68,,
2021.0,18062.50,660.17,3.65,,2021.0,18062.50,337.17,1.87,,2021.0,18062.50,498.67,2.76,,
2023.7,17946.51,661.44,3.69,,2023.7,17946.51,316.59,1.76,,2023.7,17946.51,489.02,2.72,,
2026.4,17902.73,647.83,3.62,,2026.4,17902.73,315.47,1.76,,2026.4,17902.73,481.65,2.69,,
2029.0,17806.29,663.55,3.73,,2029.0,17806.29,362.71,2.04,,2029.0,17806.29,513.13,2.88,,
2031.7,17677.40,664.73,3.76,,2031.7,17677.40,346.45,1.96,,2031.7,17677.40,505.59,2.86,,
2034.3,17722.47,664.73,3.75,,2034.3,17722.47,323.92,1.83,,2034.3,17722.47,494.33,2.79,,
2037.0,17610.64,667.16,3.79,,2037.0,17610.64,329.36,1.87,,2037.0,17610.64,498.26,2.83,,
2039.6,17527.07,666.76,3.80,,2039.6,17527.07,334.79,1.91,,2039.6,17527.07,500.78,2.86,,
2042.3,17481.88,665.58,3.81,,2042.3,17481.88,322.96,1.85,,2042.3,17481.88,494.27,2.83,,
2044.9,17393.81,681.62,3.92,,2044.9,17393.81,333.80,1.92,,2044.9,17393.81,507.71,2.92,,
2047.5,17348.93,687.23,3.96,,2047.5,17348.93,342.21,1.97,,2047.5,17348.93,514.72,2.97,,
2050.2,17253.60,672.00,3.89,,2050.2,17253.60,344.40,2.00,,2050.2,17253.60,508.20,2.95,,
2052.8,17214.40,674.80,3.92,,2052.8,17214.40,355.60,2.07,,2052.8,17214.40,515.20,2.99,,
2055.4,17090.17,697.62,4.08,,2055.4,17090.17,367.02,2.15,,2055.4,17090.17,532.32,3.11,,
2058.1,16973.60,697.20,4.11,,2058.1,16973.60,352.80,2.08,,2058.1,16973.60,525.00,3.09,,
2060.7,16918.14,670.80,3.96,,2060.7,16918.14,343.79,2.03,,2060.7,16918.14,507.30,3.00,,
2063.3,16842.61,693.88,4.12,,2063.3,16842.61,345.55,2.05,,2063.3,16842.61,519.72,3.09,,
2065.9,16794.67,703.50,4.19,,2065.9,16794.67,346.17,2.06,,2065.9,16794.67,524.84,3.13,,
2068.6,16710.92,681.17,4.08,,2068.6,16710.92,368.50,2.21,,2068.6,16710.92,524.84,3.14,,
2071.2,16664.67,683.55,4.10,,2071.2,16664.67,362.70,2.18,,2071.2,16664.67,523.13,3.14,,
2073.8,16591.32,699.58,4.22,,2073.8,16591.32,363.78,2.19,,2073.8,16591.32,531.68,3.20,,
2076.4,16536.88,721.31,4.36,,2076.4,16536.88,370.48,2.24,,2076.4,16536.88,545.90,3.30,,
2079.0,16525.61,716.55,4.34,,2079.0,16525.61,365.30,2.21,,2079.0,16525.61,540.93,3.27,,
2081.6,16519.89,717.40,4.34,,2081.6,16519.89,368.55,2.23,,2081.6,16519.89,542.98,3.29,,
2084.2,16487.00,716.70,4.35,,2084.2,16487.00,383.75,2.33,,2084.2,16487.00,550.23,3.34,,
2086.8,16353.42,715.57,4.38,,2086.8,16353.42,401.62,2.46,,2086.8,16353.42,558.60,3.42,,
2089.4,16268.28,726.19,4.46,,2089.4,16268.28,388.62,2.39,,2089.4,16268.28,557.41,3.43,,
2092.1,16209.50,731.00,4.51,,2092.1,16209.50,379.67,2.34,,2092.1,16209.50,555.34,3.43,,
2094.7,16113.80,726.03,4.51,,2094.7,16113.80,384.20,2.38,,2094.7,16113.80,555.12,3.44,,
2097.2,16087.67,719.67,4.47,,2097.2,16087.67,385.33,2.40,,2097.2,16087.67,552.50,3.43,,
2099.8,16089.36,720.21,4.48,,2099.8,16089.36,384.30,2.39,,2099.8,16089.36,552.26,3.43,,
2102.4,15953.94,727.89,4.56,,2102.4,15953.94,389.54,2.44,,2102.4,15953.94,558.72,3.50,,
2105.0,15826.05,726.75,4.59,,2105.0,15826.05,393.30,2.49,,2105.0,15826.05,560.03,3.54,,
2107.6,15774.07,729.17,4.62,,2107.6,15774.07,415.86,2.64,,2107.6,15774.07,572.52,3.63,,
2110.2,15742.83,744.52,4.73,,2110.2,15742.83,409.20,2.60,,2110.2,15742.83,576.86,3.66,,
2112.8,15734.02,747.33,4.75,,2112.8,15734.02,389.41,2.47,,2112.8,15734.02,568.37,3.61,,
2115.3,15735.22,759.19,4.82,,2115.3,15735.22,401.25,2.55,,2115.3,15735.22,580.22,3.69,,
2117.9,15738.64,763.14,4.85,,2117.9,15738.64,394.63,2.51,,2117.9,15738.64,578.89,3.68,,
2120.5,15682.70,757.90,4.83,,2120.5,15682.70,405.19,2.58,,2120.5,15682.70,581.55,3.71,,
2123.1,15604.88,751.73,4.82,,2123.1,15604.88,427.05,2.74,,2123.1,15604.88,589.39,3.78,,
2125.6,15567.02,767.22,4.93,,2125.6,15567.02,398.25,2.56,,2125.6,15567.02,582.74,3.74,,
2128.2,15487.92,775.57,5.01,,2128.2,15487.92,389.25,2.51,,2128.2,15487.92,582.41,3.76,,
2130.8,15394.28,775.13,5.04,,2130.8,15394.28,429.98,2.79,,2130.8,15394.28,602.56,3.91,,
2133.3,15347.20,774.40,5.05,,2133.3,15347.20,425.33,2.77,,2133.3,15347.20,599.87,3.91,,
2135.9,15264.31,744.24,4.88,,2135.9,15264.31,400.07,2.62,,2135.9,15264.31,572.16,3.75,,
2138.4,15119.35,769.08,5.09,,2138.4,15119.35,424.32,2.81,,2138.4,15119.35,596.70,3.95,,
2141.0,15032.51,787.47,5.24,,2141.0,15032.51,434.87,2.89,,2141.0,15032.51,611.17,4.07,,
2143.6,14998.41,765.17,5.10,,2143.6,14998.41,428.02,2.85,,2143.6,14998.41,596.60,3.98,,
2146.1,14847.40,766.91,5.17,,2146.1,14847.40,434.87,2.93,,2146.1,14847.40,600.89,4.05,,
2148.7,14686.27,778.22,5.30,,2148.7,14686.27,440.50,3.00,,2148.7,14686.27,609.36,4.15,,
2151.2,14704.80,768.53,5.23,,2151.2,14704.80,425.33,2.89,,2151.2,14704.80,596.93,4.06,,
2153.8,14713.72,774.10,5.26,,2153.8,14713.72,420.90,2.86,,2153.8,14713.72,597.50,4.06,,
2156.3,14589.47,794.45,5.45,,2156.3,14589.47,431.19,2.96,,2156.3,14589.47,612.82,4.20,,
2158.8,14533.35,779.68,5.36,,2158.8,14533.35,428.23,2.95,,2158.8,14533.35,603.96,4.16,,
2161.4,14517.59,778.36,5.36,,2161.4,14517.59,439.30,3.03,,2161.4,14517.59,608.83,4.19,,
2163.9,14426.20,778.36,5.40,,2163.9,14426.20,456.99,3.17,,2163.9,14426.20,617.68,4.28,,
2166.4,14354.62,783.52,5.46,,2166.4,14354.62,413.93,2.88,,2166.4,14354.62,598.73,4.17,,
2169.0,14310.27,792.39,5.54,,2169.0,14310.27,413.93,2.89,,2169.0,14310.27,603.16,4.21,,
2171.5,14227.48,774.65,5.44,,2171.5,14227.48,440.54,3.10,,2171.5,14227.48,607.60,4.27,,
2174.0,14143.15,755.65,5.34,,2174.0,14143.15,449.23,3.18,,2174.0,14143.15,602.44,4.26,,
2176.5,14124.76,759.46,5.38,,2176.5,14124.76,439.53,3.11,,2176.5,14124.76,599.50,4.24,,
2179.1,14082.55,770.99,5.47,,2179.1,14082.55,424.65,3.02,,2179.1,14082.55,597.82,4.25,,
2181.6,13967.33,760.42,5.44,,2181.6,13967.33,450.17,3.22,,2181.6,13967.33,605.30,4.33,,
2184.1,13937.00,779.24,5.59,,2184.1,13937.00,458.92,3.29,,2184.1,13937.00,619.08,4.44,,
2186.6,13993.83,778.31,5.56,,2186.6,13993.83,433.09,3.09,,2186.6,13993.83,605.70,4.33,,
2189.1,13896.09,757.56,5.45,,2189.1,13896.09,436.56,3.14,,2189.1,13896.09,597.06,4.30,,
2191.6,13840.87,784.00,5.66,,2191.6,13840.87,454.07,3.28,,2191.6,13840.87,619.04,4.47,,
2194.1,13877.92,773.95,5.58,,2194.1,13877.92,445.10,3.21,,2194.1,13877.92,609.53,4.39,,
2196.6,13844.81,747.27,5.40,,2196.6,13844.81,421.19,3.04,,2196.6,13844.81,584.23,4.22,,
2199.2,13897.52,781.39,5.62,,2199.2,13897.52,439.53,3.16,,2199.2,13897.52,610.46,4.39,,
2201.7,13871.80,780.80,5.63,,2201.7,13871.80,458.45,3.30,,2201.7,13871.80,619.63,4.47,,
2204.1,13802.39,765.99,5.55,,2204.1,13802.39,447.13,3.24,,2204.1,13802.39,606.56,4.39,,
2206.6,13786.08,794.49,5.76,,2206.6,13786.08,458.79,3.33,,2206.6,13786.08,626.64,4.55,,
2209.1,13743.34,783.50,5.70,,2209.1,13743.34,457.99,3.33,,2209.1,13743.34,620.75,4.52,,
2211.6,13738.26,776.56,5.65,,2211.6,13738.26,433.96,3.16,,2211.6,13738.26,605.26,4.41,,
2214.1,13693.60,790.75,5.77,,2214.1,13693.60,425.79,3.11,,2214.1,13693.60,608.27,4.44,,
2216.6,13643.61,774.86,5.68,,2216.6,13643.61,417.82,3.06,,2216.6,13643.61,596.34,4.37,,
2219.1,13655.01,755.87,5.54,,2219.1,13655.01,425.41,3.12,,2219.1,13655.01,590.64,4.33,,
2221.6,13597.41,753.72,5.54,,2221.6,13597.41,430.15,3.16,,2221.6,13597.41,591.94,4.35,,
2224.0,13563.60,769.62,5.67,,2224.0,13563.60,419.10,3.09,,2224.0,13563.60,594.36,4.38,,
2226.5,13534.39,761.00,5.62,,2226.5,13534.39,399.53,2.95,,2226.5,13534.39,580.27,4.29,,
2229.0,13551.73,765.14,5.65,,2229.0,13551.73,414.93,3.06,,2229.0,13551.73,590.04,4.35,,
2231.5,13416.49,758.34,5.65,,2231.5,13416.49,436.62,3.25,,2231.5,13416.49,597.48,4.45,,
2233.9,13376.81,746.58,5.58,,2233.9,13376.81,427.17,3.19,,2233.9,13376.81,586.88,4.39,,
2236.4,13409.64,748.84,5.58,,2236.4,13409.64,432.32,3.22,,2236.4,13409.64,590.58,4.40,,
2238.9,13341.63,724.63,5.43,,2238.9,13341.63,399.13,2.99,,2238.9,13341.63,561.88,4.21,,
2241.3,13300.17,711.26,5.35,,2241.3,13300.17,388.67,2.92,,2241.3,13300.17,549.97,4.14,,
2243.8,13261.31,734.58,5.54,,2243.8,13261.31,396.44,2.99,,2243.8,13261.31,565.51,4.26,,
2246.2,13153.53,709.43,5.39,,2246.2,13153.53,376.04,2.86,,2246.2,13153.53,542.74,4.13,,
2248.7,13089.53,686.49,5.24,,2248.7,13089.53,377.95,2.89,,2248.7,13089.53,532.22,4.07,,
2251.2,13067.33,711.02,5.44,,2251.2,13067.33,372.80,2.85,,2251.2,13067.33,541.91,4.15,,
2253.6,13017.60,664.32,5.10,,2253.6,13017.60,353.28,2.71,,2253.6,13017.60,508.80,3.91,,
2256.1,12979.20,633.60,4.88,,2256.1,12979.20,364.80,2.81,,2256.1,12979.20,499.20,3.85,,
2258.5,12980.99,695.34,5.36,,2258.5,12980.99,353.43,2.72,,2258.5,12980.99,524.39,4.04,,
2260.9,12912.45,674.96,5.23,,2260.9,12912.45,337.48,2.61,,2260.9,12912.45,506.22,3.92,,
2263.4,12850.74,644.84,5.02,,2263.4,12850.74,349.29,2.72,,2263.4,12850.74,497.07,3.87,,
2265.8,12840.17,673.17,5.24,,2265.8,12840.17,338.51,2.64,,2265.8,12840.17,505.84,3.94,,
2268.3,12768.77,619.58,4.85,,2268.3,12768.77,304.02,2.38,,2268.3,12768.77,461.80,3.62,,
2270.7,12812.36,602.62,4.70,,2270.7,12812.36,314.74,2.46,,2270.7,12812.36,458.68,3.58,,
2273.1,12778.22,621.27,4.86,,2273.1,12778.22,337.48,2.64,,2273.1,12778.22,479.38,3.75,,
2275.6,12710.40,610.56,4.80,,2275.6,12710.40,318.72,2.51,,2275.6,12710.40,464.64,3.66,,
2278.0,12729.12,611.09,4.80,,2278.0,12729.12,311.31,2.45,,2278.0,12729.12,461.20,3.62,,
2280.4,12680.26,619.58,4.89,,2280.4,12680.26,323.26,2.55,,2280.4,12680.26,471.42,3.72,,
2282.8,12544.20,627.21,5.00,,2282.8,12544.20,313.61,2.50,,2282.8,12544.20,470.41,3.75,,
2285.3,12570.98,614.36,4.89,,2285.3,12570.98,295.51,2.35,,2285.3,12570.98,454.94,3.62,,
2287.7,12679.54,616.99,4.87,,2287.7,12679.54,312.40,2.46,,2287.7,12679.54,464.70,3.66,,
2290.1,12579.51,600.91,4.78,,2290.1,12579.51,280.69,2.23,,2290.1,12579.51,440.80,3.50,,
2292.5,12520.09,583.35,4.66,,2292.5,12520.09,261.91,2.09,,2292.5,12520.09,422.63,3.38,,
2294.9,12538.64,584.85,4.66,,2294.9,12538.64,296.38,2.36,,2294.9,12538.64,440.62,3.51,,
2297.3,12458.25,573.48,4.60,,2297.3,12458.25,292.67,2.35,,2297.3,12458.25,433.08,3.48,,
2299.7,12334.59,540.92,4.39,,2299.7,12334.59,264.54,2.14,,2299.7,12334.59,402.73,3.27,,
2302.1,12311.40,546.04,4.44,,2302.1,12311.40,259.27,2.11,,2302.1,12311.40,402.66,3.27,,
2304.5,12214.72,544.88,4.46,,2304.5,12214.72,258.72,2.12,,2304.5,12214.72,401.80,3.29,,
2306.9,12089.28,486.08,4.02,,2306.9,12089.28,246.96,2.04,,2306.9,12089.28,366.52,3.03,,
2309.3,11994.02,521.14,4.34,,2309.3,11994.02,262.53,2.19,,2309.3,11994.02,391.84,3.27,,
2311.7,11939.85,553.43,4.64,,2311.7,11939.85,235.50,1.97,,2311.7,11939.85,394.47,3.30,,
2314.1,11791.37,468.66,3.97,,2314.1,11791.37,244.18,2.07,,2314.1,11791.37,356.42,3.02,,
2316.5,11721.50,476.74,4.07,,2316.5,11721.50,279.74,2.39,,2316.5,11721.50,378.24,3.23,,
2318.9,11765.88,524.24,4.46,,2318.9,11765.88,236.50,2.01,,2318.9,11765.88,380.37,3.23,,
2321.3,11730.50,483.32,4.12,,2321.3,11730.50,213.93,1.82,,2321.3,11730.50,348.63,2.97,,
2323.7,11744.39,511.15,4.35,,2323.7,11744.39,263.56,2.24,,2323.7,11744.39,387.36,3.30,,
2326.1,11719.24,499.72,4.26,,2326.1,11719.24,245.83,2.10,,2326.1,11719.24,372.78,3.18,,
2328.4,11761.55,471.93,4.01,,2328.4,11761.55,199.35,1.69,,2328.4,11761.55,335.64,2.85,,
2330.8,11807.83,539.88,4.57,,2330.8,11807.83,233.13,1.97,,2330.8,11807.83,386.51,3.27,,
2333.2,11712.54,531.27,4.54,,2333.2,11712.54,230.63,1.97,,2333.2,11712.54,380.95,3.25,,
2335.6,11662.03,464.99,3.99,,2335.6,11662.03,228.34,1.96,,2335.6,11662.03,346.67,2.97,,
2337.9,11681.16,484.11,4.14,,2337.9,11681.16,229.53,1.96,,2337.9,11681.16,356.82,3.05,,
2340.3,11629.38,503.80,4.33,,2340.3,11629.38,222.51,1.91,,2340.3,11629.38,363.16,3.12,,
2342.7,11548.22,461.25,3.99,,2342.7,11548.22,220.05,1.91,,2342.7,11548.22,340.65,2.95,,
2345.0,11508.47,462.89,4.02,,2345.0,11508.47,225.07,1.96,,2345.0,11508.47,343.98,2.99,,
2347.4,11492.00,463.25,4.03,,2347.4,11492.00,216.75,1.89,,2347.4,11492.00,340.00,2.96,,
2349.7,11315.65,448.53,3.96,,2349.7,11315.65,196.50,1.74,,2349.7,11315.65,322.52,2.85,,
2352.1,11286.89,441.70,3.91,,2352.1,11286.89,231.57,2.05,,2352.1,11286.89,336.64,2.98,,
2354.4,11296.02,434.13,3.84,,2354.4,11296.02,206.32,1.83,,2354.4,11296.02,320.23,2.83,,
2356.8,11214.70,414.40,3.70,,2356.8,11214.70,164.03,1.46,,2356.8,11214.70,289.22,2.58,,
2359.2,11154.00,398.67,3.57,,2359.2,11154.00,203.67,1.83,,2359.2,11154.00,301.17,2.70,,
2361.5,11109.05,414.52,3.73,,2361.5,11109.05,205.08,1.85,,2361.5,11109.05,309.80,2.79,,
2363.8,11141.66,430.38,3.86,,2363.8,11141.66,180.06,1.62,,2363.8,11141.66,305.22,2.74,,
2366.2,11165.73,419.27,3.75,,2366.2,11165.73,216.25,1.94,,2366.2,11165.73,317.76,2.85,,
2368.5,11089.40,409.40,3.69,,2368.5,11089.40,200.25,1.81,,2368.5,11089.40,304.83,2.75,,
2370.9,11067.03,420.49,3.80,,2370.9,11067.03,161.04,1.46,,2370.9,11067.03,290.77,2.63,,
2373.2,11030.32,413.69,3.75,,2373.2,11030.32,170.87,1.55,,2373.2,11030.32,292.28,2.65,,
2375.5,10914.30,411.78,3.77,,2375.5,10914.30,181.00,1.66,,2375.5,10914.30,296.39,2.72,,
2377.9,10876.18,410.25,3.77,,2377.9,10876.18,168.66,1.55,,2377.9,10876.18,289.46,2.66,,
2380.2,10876.88,435.26,4.00,,2380.2,10876.88,174.10,1.60,,2380.2,10876.88,304.68,2.80,,
2382.5,10821.23,404.36,3.74,,2382.5,10821.23,192.99,1.78,,2382.5,10821.23,298.68,2.76,,
2384.8,10769.44,348.00,3.23,,2384.8,10769.44,185.60,1.72,,2384.8,10769.44,266.80,2.48,,
2387.2,10736.28,398.51,3.71,,2387.2,10736.28,154.72,1.44,,2387.2,10736.28,276.62,2.58,,
2389.5,10704.02,406.06,3.79,,2389.5,10704.02,155.82,1.46,,2389.5,10704.02,280.94,2.62,,
2391.8,10661.73,399.28,3.74,,2391.8,10661.73,175.87,1.65,,2391.8,10661.73,287.58,2.70,,
2394.1,10613.91,407.86,3.84,,2394.1,10613.91,163.14,1.54,,2394.1,10613.91,285.50,2.69,,
2396.4,10610.47,382.23,3.60,,2396.4,10610.47,154.83,1.46,,2396.4,10610.47,268.53,2.53,,
2398.7,10654.34,389.73,3.66,,2398.7,10654.34,136.41,1.28,,2398.7,10654.34,263.07,2.47,,
2401.0,10513.07,380.77,3.62,,2401.0,10513.07,173.08,1.65,,2401.0,10513.07,276.93,2.63,,
2403.3,10428.12,363.54,3.49,,2403.3,10428.12,179.28,1.72,,2403.3,10428.12,271.41,2.60,,
2405.6,10456.51,369.88,3.54,,2405.6,10456.51,139.95,1.34,,2405.6,10456.51,254.92,2.44,,
2407.9,10375.71,390.78,3.77,,2407.9,10375.71,165.33,1.59,,2407.9,10375.71,278.06,2.68,,
2410.2,10317.44,391.04,3.79,,2410.2,10317.44,165.44,1.60,,2410.2,10317.44,278.24,2.70,,
2412.5,10224.31,381.13,3.73,,2412.5,10224.31,142.29,1.39,,2412.5,10224.31,261.71,2.56,,
2414.8,10187.84,400.53,3.93,,2414.8,10187.84,148.92,1.46,,2414.8,10187.84,274.73,2.70,,
2417.1,10204.62,387.13,3.79,,2417.1,10204.62,154.85,1.52,,2417.1,10204.62,270.99,2.66,,
2419.4,10195.97,354.28,3.47,,2419.4,10195.97,161.51,1.58,,2419.4,10195.97,257.90,2.53,,
2421.7,10103.31,357.45,3.54,,2421.7,10103.31,141.93,1.40,,2421.7,10103.31,249.69,2.47,,
2424.0,10048.90,353.98,3.52,,2424.0,10048.90,105.67,1.05,,2424.0,10048.90,229.83,2.29,,
2426.2,10074.05,288.90,2.87,,2426.2,10074.05,155.15,1.54,,2426.2,10074.05,222.03,2.20,,
2428.5,10032.46,313.68,3.13,,2428.5,10032.46,156.84,1.56,,2428.5,10032.46,235.26,2.34,,
2430.8,10006.20,332.45,3.32,,2430.8,10006.20,119.90,1.20,,2430.8,10006.20,226.18,2.26,,
2433.1,9945.94,337.43,3.39,,2433.1,9945.94,154.89,1.56,,2433.1,9945.94,246.16,2.47,,
2435.4,9886.37,386.06,3.90,,2435.4,9886.37,162.26,1.64,,2435.4,9886.37,274.16,2.77,,
2437.6,9830.42,307.73,3.13,,2437.6,9830.42,128.69,1.31,,2437.6,9830.42,218.21,2.22,,
2439.9,9708.34,258.29,2.66,,2439.9,9708.34,89.84,0.93,,2439.9,9708.34,174.07,1.79,,
2442.2,9709.99,284.42,2.93,,2442.2,9709.99,130.83,1.35,,2442.2,9709.99,207.63,2.14,,
2444.4,9752.18,321.63,3.30,,2444.4,9752.18,137.84,1.41,,2444.4,9752.18,229.74,2.36,,
2446.7,9688.56,286.16,2.95,,2446.7,9688.56,122.64,1.27,,2446.7,9688.56,204.40,2.11,,
2448.9,9658.24,331.61,3.43,,2448.9,9658.24,142.12,1.47,,2448.9,9658.24,236.87,2.45,,
2451.2,9631.36,315.88,3.28,,2451.2,9631.36,113.24,1.18,,2451.2,9631.36,214.56,2.23,,
2453.4,9564.32,271.20,2.84,,2453.4,9564.32,78.35,0.82,,2453.4,9564.32,174.78,1.83,,
2455.7,9566.46,346.66,3.62,,2455.7,9566.46,103.39,1.08,,2455.7,9566.46,225.03,2.35,,
2457.9,9468.86,268.62,2.84,,2457.9,9468.86,128.21,1.35,,2457.9,9468.86,198.42,2.10,,
2460.2,9395.46,252.77,2.69,,2460.2,9395.46,117.14,1.25,,2460.2,9395.46,184.96,1.97,,
2462.4,9422.40,287.04,3.05,,2462.4,9422.40,137.28,1.46,,2462.4,9422.40,212.16,2.25,,
2464.7,9348.95,271.26,2.90,,2464.7,9348.95,107.24,1.15,,2464.7,9348.95,189.25,2.02,,
2466.9,9251.22,243.96,2.64,,2466.9,9251.22,64.20,0.69,,2466.9,9251.22,154.08,1.67,,
2469.2,9249.34,265.75,2.87,,2469.2,9249.34,110.19,1.19,,2469.2,9249.34,187.97,2.03,,
2471.4,9151.61,249.47,2.73,,2471.4,9151.61,111.61,1.22,,2471.4,9151.61,180.54,1.97,,
2473.6,9078.42,274.50,3.02,,2473.6,9078.42,53.56,0.59,,2473.6,9078.42,164.03,1.81,,
2475.9,9042.40,358.99,3.97,,2475.9,9042.40,81.28,0.90,,2475.9,9042.40,220.14,2.43,,
2478.1,8956.32,266.44,2.97,,2478.1,8956.32,109.31,1.22,,2478.1,8956.32,187.88,2.10,,
2480.3,8952.70,236.70,2.64,,2480.3,8952.70,83.54,0.93,,2480.3,8952.70,160.12,1.79,,
2482.5,8971.16,285.93,3.19,,2482.5,8971.16,57.19,0.64,,2482.5,8971.16,171.56,1.91,,
2484.8,8832.66,233.01,2.64,,2484.8,8832.66,87.38,0.99,,2484.8,8832.66,160.20,1.81,,
2487.0,8762.09,222.20,2.54,,2487.0,8762.09,51.85,0.59,,2487.0,8762.09,137.03,1.56,,
2489.2,8850.00,256.30,2.90,,2489.2,8850.00,37.69,0.43,,2489.2,8850.00,147.00,1.66,,
2491.4,8753.22,276.66,3.16,,2491.4,8753.22,115.28,1.32,,2491.4,8753.22,195.97,2.24,,
2493.6,8669.20,227.31,2.62,,2493.6,8669.20,62.71,0.72,,2493.6,8669.20,145.01,1.67,,
2495.8,8662.66,229.63,2.65,,2495.8,8662.66,102.94,1.19,,2495.8,8662.66,166.29,1.92,,
2498.0,8674.13,267.52,3.08,,2498.0,8674.13,137.81,1.59,,2498.0,8674.13,202.67,2.34,,
2500.2,8694.60,193.78,2.23,,2500.2,8694.60,109.53,1.26,,2500.2,8694.60,151.66,1.74,,
2502.4,8942.16,239.76,2.68,,2502.4,8942.16,115.44,1.29,,2502.4,8942.16,177.60,1.99,,
2504.6,9089.52,272.31,3.00,,2504.6,9089.52,131.46,1.45,,2504.6,9089.52,201.89,2.22,,
2506.8,9176.65,214.32,2.34,,2506.8,9176.65,175.35,1.91,,2506.8,9176.65,194.84,2.12,,
