WAVELENGTH,PC1,PC2
346,-2.2611082225208503,0.08827652923065303
347,-2.2610111256325185,0.08848839950756476
348,-2.2608252156772988,0.0887939617304862
349,-2.260422561288885,0.08867145928210025
350,-2.260038615253641,0.08864929030596337
351,-2.259673381403972,0.08872745393291503
352,-2.2594446262526766,0.08857629499933713
353,-2.2589659659031014,0.08854315390800334
354,-2.2580896756705195,0.08872524700975047
355,-2.257240862115991,0.08873427151024352
356,-2.256470968567998,0.0887397164038868
357,-2.255869213004729,0.08883775327300857
358,-2.255624250203797,0.08891943809047502
359,-2.255340624454505,0.08899839480047492
360,-2.2542907622847927,0.08909446053547258
361,-2.253712842755171,0.08890752635850799
362,-2.253455146110309,0.08857183837108484
363,-2.25324796027158,0.08859525351604033
364,-2.2528572539323566,0.08832524602912206
365,-2.252283008223229,0.08776184213063272
366,-2.2520201679684733,0.08791687411719562
367,-2.2517786813663556,0.08798104223903107
368,-2.2515173166539735,0.08778916795686957
369,-2.251674937327452,0.08734840586507067
370,-2.251383286406384,0.08689896082660274
371,-2.249798856915599,0.08657444805086953
372,-2.249252674448662,0.08638604533424336
373,-2.249031911571811,0.08625248479202334
374,-2.248333191431821,0.08610491906672682
375,-2.247576448909073,0.0859062010140507
376,-2.2468679340198103,0.08569688305122226
377,-2.2469415443845118,0.0856991356637174
378,-2.246370190430719,0.0852374073064009
379,-2.245368871936366,0.08446639431455183
380,-2.2457669392778077,0.08468560243986831
381,-2.2457061664120768,0.08433290917953307
382,-2.2451865696674123,0.08340829809906919
383,-2.244638656948305,0.08321089736434703
384,-2.24396938544234,0.08295643089024311
385,-2.2431227888819927,0.0824951604117381
386,-2.2422049398193087,0.08189886064372477
387,-2.241275568149715,0.08142629787797341
388,-2.240360858976257,0.08132126344028083
389,-2.238886259714793,0.0808618019198527
390,-2.237250881174728,0.08041807359819743
391,-2.2359321701205217,0.08064466075614081
392,-2.234632689007953,0.08010325153097157
393,-2.233277688069449,0.07932066408187383
394,-2.2313487559727974,0.07932960032960697
395,-2.2294827069546383,0.07953257731283275
396,-2.2276491526044286,0.07984797285684879
397,-2.225730809942869,0.0800107758024246
398,-2.2242597489014666,0.0797670902093464
399,-2.223235970815677,0.07911689312309983
400,-2.222213739057007,0.07796023980719581
401,-2.2216694312863035,0.07698389709751426
402,-2.2218420018547875,0.07627802577407576
403,-2.2212473423531325,0.07543684586456573
404,-2.220547547644193,0.0747371100114177
405,-2.2198179229569006,0.07427211894024914
406,-2.2179733301029567,0.07395386659645135
407,-2.2160018891054665,0.073522901056946
408,-2.214023568156373,0.07279084367249318
409,-2.2122669986668253,0.07234342567679303
410,-2.210515462299978,0.0720842779895816
411,-2.208646256423752,0.0720984029415133
412,-2.2064951913839095,0.0716158215840562
413,-2.2043251743313736,0.07103722991338575
414,-2.2025625424309463,0.07092600597010904
415,-2.2002473926175097,0.07074263732333583
416,-2.197813992134005,0.07051616979473918
417,-2.1958546162629164,0.07024100117479576
418,-2.1937346993398967,0.06974777086850538
419,-2.191600446836141,0.06914596316981714
420,-2.1903001809719234,0.06887526556520232
421,-2.1889320500318084,0.06861429966461523
422,-2.1875552433885983,0.06832702172498338
423,-2.1865079332574213,0.06774461073943688
424,-2.1853197352166513,0.0671345747326331
425,-2.183990659849529,0.06649692638808342
426,-2.182755128385812,0.06585361241542793
427,-2.181265620243306,0.06547827828542209
428,-2.179522137655805,0.06537089781885363
429,-2.1777808946763133,0.06454972632349867
430,-2.175756274015632,0.06381407225951395
431,-2.1734482916285565,0.06316393933552203
432,-2.170854762369131,0.06239851019650394
433,-2.168334233570833,0.061786425073464595
434,-2.165970724598327,0.06142356858445257
435,-2.163192722988099,0.06082167081052085
436,-2.160624811355194,0.060286332074791095
437,-2.1584410757554133,0.059890738041557624
438,-2.155815652972845,0.05929741899877731
439,-2.1530976444177914,0.058644809769629866
440,-2.1503143513816463,0.05793628377878135
441,-2.1471977884543487,0.057345254355810095
442,-2.143905109087641,0.056739839084685155
443,-2.140403772208857,0.0560933184278108
444,-2.136807120076276,0.05545063312539238
445,-2.1331836864204075,0.05481545751798713
446,-2.129522441742974,0.05419681316628785
447,-2.125343033316802,0.053336298910541716
448,-2.1210460243267977,0.05250595800486226
449,-2.1167769057720043,0.051887099085985794
450,-2.112709774438828,0.05112888333147398
451,-2.108573447604638,0.05007781857389937
452,-2.1041578230552145,0.04842469996889466
453,-2.1001836695220066,0.04685565734688957
454,-2.0959975432481377,0.04540576852184708
455,-2.091059206324111,0.044184848613266804
456,-2.0860572752809583,0.04253283157583112
457,-2.0809525521513303,0.040889362086902685
458,-2.0756451208865365,0.039517320027035834
459,-2.0701585024594777,0.03790235200561492
460,-2.064678193118674,0.03630901246980428
461,-2.0593171855776515,0.03490788017664938
462,-2.0546446121241466,0.03365172561126745
463,-2.0500710319927276,0.03249418768128365
464,-2.0453268313804673,0.03148220574685484
465,-2.0407342268773334,0.030127923514315095
466,-2.036321966073581,0.028886143816533053
467,-2.032242075528934,0.028106555516431323
468,-2.027627937057103,0.026956657806689616
469,-2.0233315716935243,0.025804805998745656
470,-2.0200883653035833,0.024864499177291475
471,-2.016231584595259,0.024652058323536143
472,-2.011765589194116,0.024738864953808747
473,-2.0062360320455443,0.02509922680125472
474,-2.0000933735221866,0.02381346954080042
475,-1.994907939705002,0.022070123261520615
476,-1.9913882958337175,0.020257702713692705
477,-1.9894479048122093,0.018378746215526553
478,-1.9877146867594846,0.016831341854587976
479,-1.9860290558758804,0.015792347080232336
480,-1.9834937884246675,0.015161308364921149
481,-1.9804681394408037,0.014444449014002254
482,-1.9768485090805936,0.013530927886933662
483,-1.972512223907595,0.012445069077158628
484,-1.9674611902800174,0.011219602859971105
485,-1.9614574876136546,0.009813476104377033
486,-1.9541712192145004,0.007946293891134068
487,-1.9463686073920443,0.005907596863993646
488,-1.9380052339456328,0.0036884709346962775
489,-1.9285256730530669,0.0015944390165566508
490,-1.91857740489727,-0.0007935137191567958
491,-1.9081604274368036,-0.0034754232204329246
492,-1.896754805039922,-0.006143502518052577
493,-1.884374162309529,-0.008990474246009671
494,-1.871018487956345,-0.012016335103006206
495,-1.8566654694563198,-0.014764650648978554
496,-1.8419789827167727,-0.017761074964682697
497,-1.826927778230081,-0.020920014381026454
498,-1.8105953064046858,-0.0240530636943381
499,-1.793539606445429,-0.027300702535196782
500,-1.7758389582755167,-0.03064532985476343
501,-1.7566728908258284,-0.03417522303793561
502,-1.7362062130975786,-0.037742210406090965
503,-1.7149751607495622,-0.041289893890025305
504,-1.6941548568839435,-0.044661577358393455
505,-1.6721367773158184,-0.048105041597526245
506,-1.6494006585299814,-0.05154713436937002
507,-1.6258457090479328,-0.0548607000887837
508,-1.6035891472692243,-0.057810191991772536
509,-1.5816542411778478,-0.06057321250770744
510,-1.5597124593462584,-0.06311350961980251
511,-1.5359140775845714,-0.06528934239814262
512,-1.511469921827806,-0.06746660736020557
513,-1.4867533243063245,-0.06978268469641793
514,-1.461044213317332,-0.072001948924881
515,-1.4344674350003341,-0.07427295376818362
516,-1.4067546507284936,-0.07663767135828611
517,-1.3780816104349378,-0.0795204786987653
518,-1.3486282822369546,-0.08225229736857677
519,-1.3183946943123797,-0.08483311243286647
520,-1.2881619236979012,-0.08788466446992951
521,-1.2558407504241682,-0.09092881281271162
522,-1.221510968923379,-0.09399283203159911
523,-1.1878994916264192,-0.09730253867581592
524,-1.1532607969442046,-0.10059761822932989
525,-1.1181581729138113,-0.10386033542247942
526,-1.0839393314204107,-0.10703256896581932
527,-1.0503130345709917,-0.11027157887429447
528,-1.0170542103080649,-0.1135767682850913
529,-0.984249422752635,-0.11703230264491842
530,-0.9522905936713689,-0.12022533854755796
531,-0.9206768118200761,-0.12335324291514231
532,-0.8893745873611456,-0.12648220808406552
533,-0.8588421766744992,-0.12985111861627321
534,-0.8276494197272465,-0.1333771394903214
535,-0.7953379813432846,-0.13709884665943206
536,-0.767092181502082,-0.14059862010554425
537,-0.7386188192742407,-0.14437701765753494
538,-0.7099178798960323,-0.14843402691071736
539,-0.6816459006469023,-0.15197164372876257
540,-0.6516241720510517,-0.15531615144185512
541,-0.620392905950057,-0.15848410131239102
542,-0.58877547400147,-0.16122169460478925
543,-0.5622827026845524,-0.1638302357084363
544,-0.5400409695594554,-0.16632662641902513
545,-0.5260180983171169,-0.16859556118258098
546,-0.5168652506093203,-0.16979147470044778
547,-0.508944493833009,-0.17059486077029018
548,-0.5010454779199115,-0.17121188695428569
549,-0.49384275380858245,-0.17172941564914077
550,-0.4873054796689695,-0.17208610768325008
551,-0.4813563081524577,-0.17229299745055407
552,-0.47364123345084946,-0.17297757373588749
553,-0.46791634173575425,-0.17354710509158097
554,-0.46341901118736173,-0.17408382696738375
555,-0.4580270864820693,-0.17501568274704274
556,-0.45111597271139237,-0.17626065480351155
557,-0.44362149357008307,-0.17768174290260183
558,-0.43639765757230353,-0.17927056645996917
559,-0.42789711341965886,-0.18164967560587408
560,-0.4182795524047694,-0.18436724915887634
561,-0.4074653802464591,-0.18729610237476066
562,-0.39575958535868794,-0.19125701759062408
563,-0.38266523151546583,-0.19537532236661845
564,-0.3682813167831701,-0.19953634286093125
565,-0.35521377910346996,-0.204209578321236
566,-0.34091759894642376,-0.20937917556686456
567,-0.32639673141935366,-0.21479610083054074
568,-0.3142535426014064,-0.2198786043985193
569,-0.30199554138120793,-0.22516142827469382
570,-0.29039494865785137,-0.23047034524055882
571,-0.2804432215558823,-0.235639802331789
572,-0.27171991342629237,-0.24038310270479926
573,-0.26323263425870824,-0.24509361759210996
574,-0.25489469893881217,-0.24982592585841212
575,-0.24755880425574933,-0.2546579678889932
576,-0.24102425230260258,-0.25897527226930844
577,-0.23510661474633932,-0.262975833055352
578,-0.2299329795348314,-0.2672145563876025
579,-0.2251365546404815,-0.27103082184879124
580,-0.22116073755958252,-0.2746412316014232
581,-0.2187225711296907,-0.2781937450439209
582,-0.21525510103573403,-0.2815009931173724
583,-0.21192467856727842,-0.2846815344010733
584,-0.20897129015699428,-0.2877129453696921
585,-0.20105798714121828,-0.2910039233068677
586,-0.18913373794611127,-0.2946003425170592
587,-0.1742343529829516,-0.2984673226705379
588,-0.1581313939351,-0.3026018567624727
589,-0.14311414956867763,-0.30626749316362323
590,-0.13082549692093923,-0.3096387304549657
591,-0.12381819894872843,-0.31279190328608375
592,-0.12224001432332994,-0.31480071950089766
593,-0.12263231911040172,-0.31627047856444374
594,-0.12439203780833209,-0.31732833783718617
595,-0.12897866042043546,-0.3176614368691765
596,-0.1335924221432926,-0.3179796785019319
597,-0.13814957945279305,-0.3182244186785362
598,-0.14240802684403894,-0.3182147440761366
599,-0.14812675067551387,-0.3179544945877386
600,-0.15260718425003234,-0.3181160009953645
601,-0.1546827664631451,-0.3190040605905798
602,-0.15774292550405355,-0.3190780298708041
603,-0.15982469503988864,-0.31978310127126397
604,-0.1613675051724334,-0.32085887444398153
605,-0.16393064140900057,-0.32148395370096117
606,-0.16803715722903545,-0.3221890856357613
607,-0.17164333341538804,-0.3231713869663838
608,-0.17253860896822504,-0.32472039393969404
609,-0.1734906072580741,-0.3264509522523417
610,-0.1735167468590373,-0.32869831264112237
611,-0.17285004523073708,-0.3313893079705309
612,-0.1743381551721386,-0.3336033522742572
613,-0.17359126703794805,-0.3360847261673685
614,-0.17393427340412285,-0.33820932896798983
615,-0.17905555079956492,-0.3392341104892675
616,-0.18318303005302444,-0.3404679065643074
617,-0.18260016628179437,-0.3429416102136197
618,-0.17731605479253743,-0.34664624993775217
619,-0.1711202698990019,-0.35047881983014656
620,-0.16051728232681392,-0.3556156775360973
621,-0.14824389582291006,-0.35787062815872916
622,-0.13647988334166805,-0.3520964800309007
623,-0.12089100143970026,-0.34178474028072514
624,-0.10150086522204121,-0.33182893102049793
625,-0.07922842914724541,-0.3229367853365987
626,-0.0614040812646863,-0.3158781908738577
627,-0.06665451677959314,-0.3086210411566678
628,-0.08198846120998687,-0.303162259212686
629,-0.09777719153707601,-0.302098463204416
630,-0.10713032524928222,-0.3021218632761398
631,-0.11479561002950427,-0.30252324690353094
632,-0.1218829065330801,-0.3032320429610473
633,-0.1325259657898403,-0.3043924966614962
634,-0.14082915346009392,-0.3084101051920468
635,-0.15068054763418864,-0.31351887099349035
636,-0.16648453777792785,-0.31831666097510086
637,-0.18136670374201577,-0.32584474547567155
638,-0.1967704645459064,-0.334678826870621
639,-0.21322409961952118,-0.34457716987510684
640,-0.23351173253831753,-0.35502965474046405
641,-0.25561706270380224,-0.3644253177690572
642,-0.27952958595604116,-0.37304076845523
643,-0.3054710010283686,-0.38088228388494466
644,-0.32860677731968213,-0.388766250774853
645,-0.35191660266865343,-0.3958625264494543
646,-0.37289338068284794,-0.4024577397954244
647,-0.38407462009428794,-0.4091495950712433
648,-0.3950087576015031,-0.41572578199587
649,-0.4082026280004189,-0.4206300266491183
650,-0.4233160846604555,-0.42397217669074383
651,-0.4348111512210983,-0.4280428587202168
652,-0.44807570964766064,-0.42925396809057537
653,-0.4700010859782065,-0.424004952473497
654,-0.5103667533009594,-0.4065409950329505
655,-0.5582304808523503,-0.386231644116209
656,-0.6081201641282236,-0.36613272727943624
657,-0.6551720146978014,-0.3481088980363403
658,-0.6861016206513976,-0.3362788961789316
659,-0.7115287086715142,-0.3279343024850974
660,-0.7371261521964787,-0.32040778842955575
661,-0.7649629285376958,-0.3128650245683964
662,-0.7920836559576173,-0.30589640107090427
663,-0.8198410953331012,-0.2984997746945627
664,-0.8482714629632635,-0.2909560115625208
665,-0.8776353830307121,-0.2834968738276031
666,-0.9014166580283964,-0.27771304122552753
667,-0.9217395929715957,-0.27261275737250623
668,-0.9398525601211882,-0.2679047905665289
669,-0.958348728404778,-0.2629430826025723
670,-0.9699942813430891,-0.25971855348885187
671,-0.9799991641819635,-0.25654523648177274
672,-0.9885231861922689,-0.2534089775952134
673,-0.9916349302412506,-0.25188274806243643
674,-0.9911047256336265,-0.25116282007232454
675,-0.9872252380810529,-0.25128597141630793
676,-0.97968805214526,-0.2523712692761817
677,-0.9659578268485274,-0.25484342138717486
678,-0.9478629959698832,-0.25763089307672754
679,-0.9236688883738392,-0.26149219904424187
680,-0.8896068414557086,-0.26754388538473645
681,-0.8451646293192253,-0.27620791954971413
682,-0.7919064801904057,-0.2864430049794068
683,-0.7280106727423499,-0.29862816575492945
684,-0.6450772907243494,-0.31442339549536436
685,-0.5516279660045567,-0.33110949435308923
686,-0.44404375890629655,-0.34910433343630864
687,-0.3219828918854225,-0.36826508868977864
688,-0.19388309187671973,-0.38725036444971606
689,-0.051082452951927045,-0.4057025857933661
690,0.0958566531370508,-0.42313913252230967
691,0.24500524141201,-0.43963880061887023
692,0.4098762689899832,-0.4556478427242206
693,0.571641760544599,-0.4699756714880606
694,0.7361097735999161,-0.4820618126869604
695,0.9060850292458406,-0.49109846001066687
696,1.0786650602819243,-0.4972748652791659
697,1.237430193957515,-0.5001733138582165
698,1.3961800562516906,-0.5017976871476251
699,1.5582843974947442,-0.5025806418826982
700,1.7041573508947854,-0.5019258325764973
701,1.8526374386584774,-0.4991477345623823
702,1.994159119115445,-0.49448304877664323
703,2.1235684654139373,-0.48835353694789124
704,2.247089294047456,-0.4778507951209368
705,2.3632221293749707,-0.4690962672642416
706,2.4707953932413282,-0.4607542411786381
707,2.5702791960149636,-0.45190724928936454
708,2.6614196042267273,-0.4396329671382555
709,2.7468751582017634,-0.4280274853995383
710,2.82323017609093,-0.4156586906002576
711,2.889589714035653,-0.4017151729805791
712,2.9546638189006833,-0.3882680892188792
713,3.0212515634486867,-0.3749768232015596
714,3.085249523228875,-0.3622224808094805
715,3.144043742185201,-0.3501557827800118
716,3.199718628087052,-0.3379312733738541
717,3.2593199879969785,-0.32611776166925205
718,3.3134765113603595,-0.3134879036806873
719,3.3553878079994424,-0.29930507342551044
720,3.383300059670926,-0.28454227725994685
721,3.4093919834103064,-0.2723718393868899
722,3.4331081273308355,-0.261359491142627
723,3.45294646950538,-0.25121853102285174
724,3.463808867118089,-0.24203645868748877
725,3.4781034687551027,-0.23342244888939756
726,3.489959600218621,-0.22411350708576677
727,3.499576008102603,-0.21420089619218946
728,3.513419465742029,-0.20522157560632398
729,3.523590450668125,-0.19886594220396708
730,3.534308093503496,-0.19285359852299505
731,3.5449303673804047,-0.18709040865515517
732,3.5513530263890756,-0.182116290391068
733,3.5606531697504815,-0.17724729411690415
734,3.5678318489812773,-0.17165111462217958
735,3.5755359274465164,-0.16621941188099051
736,3.588263975409538,-0.16232099363458494
737,3.5967342215534024,-0.15958778627424194
738,3.615693962413894,-0.15765393527051647
739,3.643889916090577,-0.15764172259795686
740,3.6783701114932583,-0.1595360524531002
741,3.7054094200518133,-0.15727293994112307
742,3.7467897822237926,-0.15818301909625793
743,3.8022487660670046,-0.16098112196465586
744,3.873666791825588,-0.16508469342662566
745,3.9669470369130164,-0.1700313284948021
746,4.072285345887492,-0.1711153958387485
747,4.180926091238447,-0.16971622814735216
748,4.2894482878995674,-0.16603929948246485
749,4.394639779722505,-0.16024318153785477
750,4.452613655365012,-0.1487107568084039
751,4.468162456395288,-0.13897260844546447
752,4.450845974144709,-0.13237858102638816
753,4.410657196511045,-0.12952275296577817
754,4.362831863198629,-0.1282490706002284
755,4.310394074511019,-0.12766250241834418
756,4.283108067310777,-0.1300634826512969
757,4.2808847878187395,-0.13445806228901583
758,4.296219173071876,-0.13912395618588563
759,4.34159774700651,-0.14369683887603973
760,4.394895744875343,-0.15015619232988708
761,4.450184216073148,-0.15559163799929907
762,4.501533605770901,-0.15803594016901637
763,4.536370012558657,-0.15829380452085676
764,4.5730517089705875,-0.1600078363379155
765,4.605721661743106,-0.16161916809981178
766,4.634335161687626,-0.16316826202502252
767,4.660043387759784,-0.16498366922018537
768,4.685687319931265,-0.1655948243803623
769,4.707132896372035,-0.1662385902024856
770,4.732233914735901,-0.16694697218957907
771,4.758701583049559,-0.16738017908797784
772,4.771816591374444,-0.16648675258015666
773,4.790489284403384,-0.16741015708785265
774,4.810402143615723,-0.16802505291842224
775,4.828829101489852,-0.16771975398356237
776,4.842790829309212,-0.16655822519739297
777,4.850995207047351,-0.16669909777830758
778,4.849628870120122,-0.16517040861273563
779,4.851521247213375,-0.16524789140494114
780,4.853825878221431,-0.16644250852965792
781,4.851164555096906,-0.16732639625943235
782,4.837138415583354,-0.16645822181778297
783,4.839978794265848,-0.16684102463801045
784,4.848087744571824,-0.1678099557592602
785,4.873044145094354,-0.1710171497625905
786,4.923757287147778,-0.17700614234384646
787,5.009428166723425,-0.18184226341887755
788,5.067245762991002,-0.17496610023808506
789,5.0808533033001355,-0.15878657581669609
790,5.051380608866893,-0.13960574471947396
791,4.99787623127319,-0.125195546014192
792,4.939564626168159,-0.12221633013635229
793,4.885346316021244,-0.12095979309098008
794,4.838053035764806,-0.11855056182076039
795,4.7990401683956705,-0.11604958976012776
796,4.765983883561495,-0.11480785319127489
797,4.732957886860944,-0.11377721700628486
798,4.708265895817405,-0.11390252754634472
799,4.69182928149408,-0.11420230895038641
800,4.678579473971877,-0.11343340207876373
801,4.664553055834719,-0.11176803828009176
802,4.647237704844571,-0.1108705923123473
803,4.625244716277901,-0.10679053197588165
804,4.610412706219244,-0.10344490110453178
805,4.594206227917237,-0.1003695130012623
806,4.574932147254085,-0.09742671583348572
807,4.556602065312317,-0.09501828264489119
808,4.544726982073576,-0.09645517950368707
809,4.535025679266264,-0.09697487218602957
810,4.523397628318462,-0.09732398683378977
811,4.5146860816270085,-0.09855986220908823
812,4.513430960803788,-0.10118652164941866
813,4.5158310795995575,-0.10378153852527817
814,4.521123691988139,-0.10559057134197904
815,4.532141809747932,-0.1049419129438275
816,4.539481408205097,-0.1032161363613692
817,4.541896655249113,-0.10060267760357784
818,4.540606692359836,-0.09706580764329324
819,4.526448071255525,-0.09303662815706155
820,4.50479747432323,-0.09000269455716627
821,4.4865731065978585,-0.08811028010103059
822,4.4722847646913015,-0.08740537426285669
823,4.461079871904615,-0.08746283138840863
824,4.452228402127152,-0.08742662218620889
825,4.44413727791459,-0.08619797014617563
826,4.437439202404839,-0.08830833279211035
827,4.431410155765514,-0.08884304428187485
828,4.424722843233949,-0.08878426808964382
829,4.4173820038226115,-0.08982373251968104
830,4.411384869481229,-0.09286592074401842
831,4.412754207405594,-0.09592379067110425
832,4.414429995519284,-0.0981022858222397
833,4.4148815895761,-0.1003491808346909
834,4.418449897485719,-0.10296181185515775
835,4.423690755314783,-0.10574129855695763
836,4.429525694348648,-0.10898583754542038
837,4.441393502492835,-0.11448378017815061
838,4.460552586490239,-0.11727564588878432
839,4.472113005097797,-0.1183613869578659
840,4.486537185130157,-0.1199116008891201
841,4.505202725297505,-0.12346116275204529
842,4.5271146455939695,-0.1290706821105586
843,4.549780730758993,-0.1348607104183171
844,4.566758226305842,-0.1351144779282902
845,4.5895316361153675,-0.13734755721310205
846,4.606640927473834,-0.1377444053928514
847,4.633506041729643,-0.13942665679147273
848,4.662419316351794,-0.14069434636193326
849,4.685661632942829,-0.13966758285920672
850,4.706593301653684,-0.1365250882918869
851,4.712402630651491,-0.1293931152416334
852,4.719666921287718,-0.12884412702041748
853,4.71768746435634,-0.1258755529804119
854,4.715162494954324,-0.12423931282315591
855,4.714335810681023,-0.12396383138337363
856,4.717085709800167,-0.1250902008658135
857,4.721760109353098,-0.12693315652363962
858,4.720339098717415,-0.12676071900429317
859,4.737049436256276,-0.12969693255649375
860,4.740645747115388,-0.13137052865792417
861,4.7453712450967585,-0.13229927989327356
862,4.753148510301213,-0.13341794201002252
863,4.7632650001432,-0.13437809485835744
864,4.772308279529271,-0.13492318246973664
865,4.7750894682319895,-0.13544638564866004
866,4.770609319033679,-0.13597801270187007
867,4.774267129133242,-0.13492396183385347
868,4.777438960201101,-0.13551213051696576
869,4.77664860928764,-0.13427729717721953
870,4.76932700585741,-0.13420684647143177
871,4.764790632499214,-0.13573807324386594
872,4.768766556814896,-0.13808810531626525
873,4.774835619695025,-0.1398938136140054
874,4.77325161771523,-0.14051316764447752
875,4.764251094960833,-0.1397111612801975
876,4.759225733756113,-0.14115260480648195
877,4.757759824009592,-0.14268161310659103
878,4.7529637574876995,-0.14029308228173076
879,4.751365555128846,-0.1394608391679258
880,4.750968132910311,-0.1392779547945712
881,4.7468878023748715,-0.1385050953982824
882,4.741258592603565,-0.137149215306403
883,4.738889583183348,-0.13505641424705464
884,4.732012865569883,-0.13250858351219422
885,4.714604214379911,-0.1284232137248384
886,4.698353231802251,-0.12506528390350127
887,4.667933234823371,-0.12097824295536977
888,4.641049301544083,-0.11821472199137657
889,4.615020335641098,-0.11667298841238431
890,4.593844004664053,-0.11627781543037496
891,4.575761992502537,-0.11643154353428235
892,4.561391551091275,-0.11576248613717051
893,4.554628021281205,-0.11610787574702038
894,4.5509481129632166,-0.12106246101596388
895,4.543508098895541,-0.12269464460571512
896,4.5295991644293645,-0.12155985437687936
897,4.526383303214413,-0.1204680403653974
898,4.520052461456094,-0.11991841186782799
899,4.512547285414685,-0.12265447013611007
900,4.49517954227598,-0.12124630896527193
901,4.475545512577803,-0.11958273749238192
902,4.463554665706071,-0.11959676062630081
903,4.4497340275849915,-0.11986056516711084
904,4.436356630290588,-0.1201081574146439
905,4.4260842816826695,-0.12063090394835796
906,4.412943395540984,-0.12150689610987654
907,4.402772745216314,-0.12383490371509223
908,4.395847831853686,-0.12595242317827884
909,4.374677153130462,-0.12529656909875056
910,4.354927548954013,-0.1244444424561664
911,4.338199606557826,-0.12583252189828098
912,4.3139117517748105,-0.12465062672349166
913,4.287904573174119,-0.1219088020613427
914,4.261979633910815,-0.12197598219309672
915,4.244842445147423,-0.12579112950395627
916,4.226619142659551,-0.1248607102604552
917,4.203780486364038,-0.1255745391155244
918,4.174670840343623,-0.12458492369043325
919,4.145385501890949,-0.12397042106723645
920,4.122118566927575,-0.12506983336756997
921,4.100414924548794,-0.12654619219576885
922,4.0733508217647545,-0.12673499274667197
923,4.0474397937918996,-0.12638472074946067
924,4.027687400568473,-0.12698915491426682
925,4.003020073527714,-0.1274090834988436
926,3.973606886703364,-0.12721448076681674
927,3.9503491674754985,-0.12568534798320183
928,3.9287482450769304,-0.12530853213345453
929,3.914830331317896,-0.12737845439962614
930,3.9004095900100038,-0.1268630962446218
931,3.899085857189488,-0.13098938162529994
932,3.894142928784231,-0.1354846723356519
933,3.8984949703778575,-0.1391750266023766
934,3.8697816978984187,-0.13895872229707576
935,3.8406955788446147,-0.14134125558224075
936,3.805275588590814,-0.14520692164948887
937,3.764216389971362,-0.14586721147840964
938,3.7297232369918625,-0.14843950169964973
939,3.6934028612172605,-0.15011557424826277
940,3.6665395117119375,-0.1496909984039336
941,3.660502665724028,-0.15312377007191147
942,3.65949545832425,-0.15467398947346095
943,3.650630738689301,-0.15865618624451155
944,3.6422696846589147,-0.1631174307412609
945,3.6138526500647994,-0.16070423528729666
946,3.582768718584437,-0.16158881227495678
947,3.5568669028864712,-0.16060974837074357
948,3.534653290252231,-0.16339304180039657
949,3.505201193046569,-0.16447235481883196
950,3.4705876439672934,-0.16369142407048126
951,3.4345813798250777,-0.16319401929461702
952,3.397940271266422,-0.16334864008898128
953,3.3698326655423134,-0.165238383316041
954,3.3460787880490166,-0.16630794236300256
955,3.3123282864444525,-0.1671769984503172
956,3.2736279145443783,-0.16463392052453654
957,3.247726436616574,-0.16686080110525886
958,3.225428893874305,-0.17065785934049957
959,3.212102639862124,-0.16874070058412435
960,3.1945194811189337,-0.17074482256127135
961,3.1907865597309453,-0.17142591966622414
962,3.176350525944551,-0.17150406773430518
963,3.166667388973857,-0.17215370657134368
964,3.168572097284235,-0.17359683409247004
965,3.1745671263602806,-0.1763170873195816
966,3.1667378903242343,-0.17584555266094173
967,3.178672827255594,-0.17220427435974753
968,3.1723153729581433,-0.17535664634242606
969,3.1778969881695667,-0.17311947863651989
970,3.178142560732619,-0.1747437361562582
971,3.1841962879914614,-0.16965961490088216
972,3.1918854379895567,-0.16533710842698482
973,3.1958340514249612,-0.15410180342325155
974,3.2005868792268477,-0.14217197524273142
975,3.2017783190593403,-0.13220395623366793
976,3.208564064577924,-0.11865495100601857
977,3.2161678384008354,-0.10759843371737644
978,3.225414966377501,-0.09574669704928743
979,3.2378700128227407,-0.08387215850527044
980,3.3122112426285524,-0.018529518670507745
981,3.5222041911001245,0.16370430177190257
982,3.606914250363905,0.23977428542187756
983,3.608093893953846,0.24506117250305123
984,3.6092735331843224,0.25034803861314214
985,3.610453171070457,0.2556349233436589
986,3.6169934133440718,0.2573252565466198
987,3.6258309194429494,0.2574742968667124
988,3.6346684255418262,0.25762333718680486
989,3.643505931640703,0.2577723775068971
990,3.6537806720529455,0.2561723980622415
991,3.664671340295272,0.25382287822069566
992,3.6755620085375993,0.2514733583791498
993,3.686452676779926,0.24912383853760375
994,3.6942281380078623,0.2461896776525011
995,3.700668583802835,0.24300499631716813
996,3.7071090296075337,0.23982029883960354
997,3.7135494893179737,0.2366356118766504
998,3.72208878784065,0.2355485197335075
999,3.7311528519693575,0.2349858743908231
1000,3.7402169160980647,0.23442322904813895
1001,3.749280980226773,0.23386058370545432
1002,3.7621182267123614,0.23478867912134793
1003,3.77589884095257,0.23608948454205905
1004,3.789679455192778,0.23739028996276973
1005,3.8034600694329868,0.23869109538348043
1006,3.8235378044714996,0.24025563657947027
1007,3.8451899470898554,0.2418861282496546
1008,3.8668420909244934,0.2435166160416271
1009,3.8884942145884227,0.2451471002062517
1010,3.9132665587799793,0.24688848557455736
1011,3.9383854947253782,0.24864219196667972
1012,3.963504430670777,0.25039589835880266
1013,3.988623366616176,0.2521496047509252
1014,4.012402903820111,0.25348433760276184
1015,4.036033653475913,0.25477251572628407
1016,4.059664403131715,0.25606069384980623
1017,4.0832951527875165,0.2573488719733285
1018,4.103109968183653,0.2587657807705051
1019,4.122500903259108,0.26019700603211543
1020,4.141891848085032,0.26162822895523524
1021,4.161282783160487,0.26305945421684507
1022,4.179841828377701,0.264816915175551
1023,4.198400873594916,0.2665743761342566
1024,4.216959918812131,0.26833183709296204
1025,4.235518964029346,0.2700892980516679
1026,4.248877136773529,0.2718051048078857
1027,4.2622353095177115,0.27352091156410346
1028,4.275593482261894,0.2752367183203214
1029,4.288951655006078,0.27695252507653956
1030,4.303383811128493,0.27913612209895144
1031,4.317815968646168,0.2813197111260371
1032,4.332248124768584,0.28350330814844865
1033,4.347155005969713,0.2856440825957552
1034,4.366335547383789,0.28739941977975525
1035,4.385516088797866,0.28915475696375526
1036,4.404696630211943,0.29091009414775554
1037,4.424258019922776,0.29260916775701096
1038,4.44724794842802,0.293801648347197
1039,4.470237876933261,0.2949941289373831
1040,4.493227805438503,0.2961866095275694
1041,4.516510604447688,0.2973931858799081
1042,4.542429941901671,0.2987267191947706
1043,4.568349278064082,0.30006025896035676
1044,4.5942686077240165,0.3013937773804638
1045,4.619321398297024,0.3025586195982073
1046,4.640906993690328,0.3030484190801004
1047,4.662492589083632,0.30353821856199237
1048,4.684078184476937,0.30402801804388546
1049,4.705016472512315,0.3045002263540997
1050,4.723364750333052,0.304902097755118
1051,4.741713032930864,0.3053039672541868
1052,4.760061317016569,0.30570583176794286
1053,4.776575844751405,0.3059610275157583
1054,4.78881264958382,0.30587404863304585
1055,4.801049454416235,0.30578706975033376
1056,4.813286259248649,0.3057000908676211
1057,4.824584581678143,0.30564270763040996
1058,4.833693595509519,0.30565434008328374
1059,4.842802609340896,0.3056659725361577
1060,4.851911623172272,0.3056776049890316
1061,4.860434420534266,0.30581932760074665
1062,4.867589712954343,0.3062645274815565
1063,4.874744982934493,0.30670971530803337
1064,4.881900271189574,0.30715491847797366
1065,4.886135718378339,0.3071838575065946
1066,4.885991860420766,0.30658846003279816
1067,4.8858480024631925,0.30599306255900177
1068,4.885704144505618,0.305397665085205
1069,4.884378946725305,0.3048861256871614
1070,4.881281886340309,0.30450038624750936
1071,4.878184826516475,0.3041146375699378
1072,4.875087780046945,0.3037288925026652
1073,4.8716954310018155,0.3034748548773798
1074,4.8680077643541475,0.3033524856666505
1075,4.8643200977064796,0.30323011645592113
1076,4.860632431058812,0.30310774724519185
1077,4.855898673607907,0.3027682859562044
1078,4.8501188346614095,0.30221174088840513
1079,4.844338993496607,0.301655198018721
1080,4.8385591629053195,0.30109865860775714
1081,4.832954492167656,0.3004674109850341
1082,4.82746660934844,0.2997863532965282
1083,4.821978726529225,0.29910529560802235
1084,4.816490843710009,0.298424237919516
1085,4.8101979615392105,0.2976898010538143
1086,4.803368355674025,0.29691977530081326
1087,4.796538754857527,0.2961497465387607
1088,4.789709153897477,0.2953797041415947
1089,4.778238556552908,0.2945594714938916
1090,4.764778490797293,0.293717716055869
1091,4.751318425041679,0.29287596061784626
1092,4.737858359286063,0.2920342051798233
1093,4.722611807792307,0.2907660730096899
1094,4.706599443581362,0.28931516636242877
1095,4.690587084265825,0.2878642592132341
1096,4.6745747200548795,0.28641335256597344
1097,4.660088481830243,0.28492863955648434
1098,4.645983669347626,0.2834354867951244
1099,4.631878856865011,0.2819423340337647
1100,4.6177740443823945,0.2804491812724045
1101,4.59920652695453,0.2789112124419519
1102,4.579523680033273,0.2773620417444474
1103,4.559840828947019,0.2758128743360723
1104,4.5401579630713345,0.2742636961330078
1105,4.5225841958093245,0.27247987215937053
1106,4.505244706678008,0.27066996921839864
1107,4.487905217546691,0.26886006627742615
1108,4.470565728415374,0.2670501633364542
1109,4.4502818304436325,0.26609959364627567
1110,4.429670862381546,0.2652444995982081
1111,4.409059895611034,0.26438939909941667
1112,4.388448927548947,0.2635343050513477
1113,4.362504116969387,0.26269029237117464
1114,4.336559306389827,0.26184627969100155
1115,4.310614495810265,0.2610022670108284
1116,4.284669685230704,0.2601582543306553
1117,4.2553079357408095,0.2589797705407419
1118,4.225946192685133,0.25780129188868234
1119,4.196584443195239,0.25662280809876903
1120,4.16739993876791,0.2554300847793025
1121,4.139811055158459,0.254109215329997
1122,4.112222171549006,0.25278834588069105
1123,4.084633287939554,0.2514674764313855
1124,4.05555178020297,0.25001156115905643
1125,4.01303309884246,0.247339962033221
1126,3.9705143985177958,0.24466837154405677
1127,3.9279957101619054,0.24199677651828772
1128,3.8833632285164597,0.23929941304701363
1129,3.830273013715689,0.23649895880887867
1130,3.777182798914918,0.23369850457074418
1131,3.7240925841141475,0.23089805033260946
1132,3.669096332791668,0.22805548547857432
1133,3.606473636820597,0.2250443685315523
1134,3.5438509457546608,0.22203323494036475
1135,3.4812282393536242,0.21902212816973582
1136,3.417054632655021,0.21591620437501854
1137,3.34926303917766,0.2125891193571471
1138,3.2814714465839865,0.20926203461935447
1139,3.2136798531163513,0.20593493345925146
1140,3.1478782566028225,0.2024081409068456
1141,3.0850613343611024,0.19858180320702
1142,3.0222444121193814,0.1947554655071944
1143,2.959427489877661,0.19092912780736865
1144,2.9001076077864107,0.18702049913792287
1145,2.8460327473368525,0.182988463002953
1146,2.7919578895232107,0.1789564017968332
1147,2.7378830290736524,0.1749243656618637
1148,2.6883492160732168,0.17127125557443876
1149,2.6433564403294456,0.1679971099436944
1150,2.598363670051973,0.1647229384308652
1151,2.5533708956095023,0.16144877020716636
1152,2.519133269650398,0.15862223347788587
1153,2.4920664750414043,0.15609412090973726
1154,2.46499968043241,0.15356600834158854
1155,2.4379328858234155,0.1510378957734398
1156,2.416914704836236,0.14881155408165966
1157,2.3999293523237823,0.14678641632746248
1158,2.3829439942014825,0.144761290820237
1159,2.365958622724876,0.1427361617027115
1160,2.3497560348960946,0.14088125584839528
1161,2.333888991324658,0.1390993171618426
1162,2.318021944973756,0.13731738991132586
1163,2.3021548915335157,0.1355354521632467
1164,2.2924270944709004,0.13394626190277942
1165,2.284233648833813,0.13240525330667802
1166,2.2760402031967257,0.1308642447105767
1167,2.267846757559638,0.12932323611447522
1168,2.2617088810191768,0.12828216470185203
1169,2.2560847463431677,0.12736604938223572
1170,2.2504606087937344,0.1264499309010266
1171,2.2448364699527277,0.12553381887054105
1172,2.2385476500571655,0.12463910376295656
1173,2.2321850032455375,0.12374676787485579
1174,2.2258223518512996,0.12285445814891946
1175,2.219459710743477,0.12196212461147599
1176,2.214159818360428,0.12105290391268414
1177,2.2088599259773782,0.1201436832138921
1178,2.203560033594329,0.11923446251510046
1179,2.1982601412112794,0.11832524181630834
1180,2.1954445850075577,0.11753525680658063
1181,2.1926290632125376,0.11674527931458019
1182,2.189813507008816,0.11595529430485225
1183,2.1868556686760305,0.11520535707425679
1184,2.182616895828722,0.11481597559051764
1185,2.1783781364792696,0.11442661135219183
1186,2.174139363631961,0.11403722986845276
1187,2.168911259572331,0.11357321940491961
1188,2.159724674464838,0.11281065079512366
1189,2.150538087971812,0.11204807403842242
1190,2.1413514978497346,0.11128547909783446
1191,2.1323030561290013,0.11047806290935769
1192,2.1235768581617376,0.10956604744450744
1193,2.1148506601944734,0.10865403197965731
1194,2.1061244622272097,0.10774201651480729
1195,2.098256352493424,0.10703868464980155
1196,2.092389991749482,0.10682214822179635
1197,2.0865236421659175,0.10660560440459459
1198,2.0806572884173553,0.1063890638765233
1199,2.075994107324164,0.10623127522527002
1200,2.0731354851629935,0.10616160323301853
1201,2.070276871943897,0.10609192604968624
1202,2.0674182587248002,0.10602224886635389
1203,2.065713771281213,0.10585005536786467
1204,2.0651633841465045,0.10557533284541105
1205,2.0646130166310694,0.10530060704599409
1206,2.0640626357613288,0.10502587763627777
1207,2.064324208911008,0.10478367789424077
1208,2.0651271337666377,0.10456315137241702
1209,2.065930057891855,0.1043426220633967
1210,2.066732986912483,0.10412209225244246
1211,2.0684916332068486,0.10430143786149063
1212,2.0706599553581064,0.10465218815312226
1213,2.0728282986577193,0.1050029569498097
1214,2.074996626512783,0.10535370959209862
1215,2.0771493328777404,0.10597065322995922
1216,2.0792981235146866,0.10665411276881506
1217,2.0814469141516327,0.10733757230767108
1218,2.0835957047885785,0.10802103184652688
1219,2.086692437330669,0.1084059103224101
1220,2.0900260675519773,0.10871617756852521
1221,2.093359711688753,0.10902643918701978
1222,2.096693357117102,0.10933669435479097
1223,2.1011697138698304,0.10944669114573351
1224,2.1057730295029877,0.10953443627846901
1225,2.110376329929104,0.10962219348954828
1226,2.114979639297294,0.10970994550954669
1227,2.1186997043083533,0.109878914106203
1228,2.1224197769699122,0.11004788396250134
1229,2.1261398386146433,0.11021687484311042
1230,2.1297717777875134,0.11037943527340954
1231,2.1326103509068575,0.11048434823799921
1232,2.135448898151687,0.11058925522458368
1233,2.1382874634769813,0.11069415329441716
1234,2.141326055346355,0.11079573955056908
1235,2.1451650433190506,0.11088398521717538
1236,2.149004032779637,0.11097222589846895
1237,2.1528430249173294,0.1110604682759447
1238,2.156390536334234,0.11110793702644363
1239,2.159258102989409,0.11106033592874506
1240,2.162125660311726,0.11101271429650293
1241,2.16499323396228,0.11096510909873818
1242,2.1667017544822627,0.11104840855390949
1243,2.166671885302774,0.11132802843923771
1244,2.166642010666714,0.11160765806441961
1245,2.166612155546242,0.11188728595724112
1246,2.1666830108575734,0.11213132652828868
1247,2.1668545875918355,0.11233976036324946
1248,2.16702618119028,0.11254818915967055
1249,2.1671977593100746,0.1127566311415367
1250,2.167835454963774,0.11249437406064143
1251,2.168783940979043,0.1119182923099911
1252,2.169732419200263,0.11134219566458493
1253,2.1706808934000352,0.11076611594342275
1254,2.171885456243534,0.1103046888531288
1255,2.1731997717679974,0.10989241129629894
1256,2.174514114705784,0.10948014535726198
1257,2.1758284435845527,0.10906787141073188
1258,2.1751970044272335,0.10873151162534109
1259,2.1740792906591566,0.10841413838502603
1260,2.172961550286153,0.10809675637950901
1261,2.1718438365180766,0.10777938313919394
1262,2.1689988306289467,0.10752971162642423
1263,2.1659619681284528,0.10728755440847687
1264,2.162925114807541,0.10704542023219138
1265,2.1598882523070473,0.1068032630142444
1266,2.1541365878093552,0.10663051270037252
1267,2.1483849093961958,0.1064577680141209
1268,2.1426332407335065,0.10628502098937964
1269,2.1373616989330997,0.10606613106755296
1270,2.136412509025919,0.10543189704147654
1271,2.135463307720853,0.10479764217185457
1272,2.1345141212052163,0.10416339809692274
1273,2.1340211296240135,0.10352558404349224
1274,2.135353499397897,0.10287349263858815
1275,2.1366858752931983,0.10222138071130735
1276,2.1380182507708874,0.10156929165706033
1277,2.1380059154793356,0.10087590270734714
1278,2.134856624096883,0.10008622165089598
1279,2.131707341095342,0.09929654464128386
1280,2.128558051787644,0.09850684775160345
1281,2.12303848209437,0.0979389340055821
1282,2.113963844976286,0.09770365605955203
1283,2.10488920712779,0.09746837532632564
1284,2.0958145819784795,0.09723309284368978
1285,2.086710948387087,0.09707661555225955
1286,2.077578317633165,0.09699896289556355
1287,2.068445703743426,0.09692130520032782
1288,2.0593130729895037,0.09684365254363207
1289,2.0476633859896634,0.09634604422521505
1290,2.0343354782356853,0.09556843394563813
1291,2.0210075647779013,0.09479082131540378
1292,2.007679653514047,0.09401321968466586
1293,1.9927601059116131,0.0931652169731582
1294,1.9771582560240084,0.09228703327966996
1295,1.9615564285860592,0.09140884549828308
1296,1.9459545849634214,0.09053065491753216
1297,1.9281614664942535,0.08941105985698909
1298,1.9098206737558996,0.08823114443152356
1299,1.8914798984428909,0.08705121472959855
1300,1.8731391286901384,0.08587127374321726
1301,1.8507105993609667,0.08500064362755452
1302,1.8278280019122302,0.0841643788185663
1303,1.8049454044634934,0.0833281140095781
1304,1.7819559096015452,0.08244905447647677
1305,1.7580040720347117,0.08118478994827187
1306,1.7340522532787552,0.07992051929051255
1307,1.7101004157119222,0.0786562547623076
1308,1.6859255671761515,0.07734443744145054
1309,1.6608583329837538,0.07584235354847849
1310,1.635791119702203,0.07434025992781994
1311,1.6107238855098058,0.07283817603484787
1312,1.585314843135285,0.07145626505876336
1313,1.559108415771753,0.07035469942803978
1314,1.5329019674973734,0.06925314352500292
1315,1.506695526873494,0.0681515888816085
1316,1.4796419803176724,0.06692886811658325
1317,1.4513179440564647,0.06552440477908407
1318,1.4229938749253632,0.06411993956364619
1319,1.394669809959259,0.06271547105907758
1320,1.365911140111068,0.06130413609107061
1321,1.3367178440888852,0.05988590251945544
1322,1.3075245522317003,0.05846766565870969
1323,1.2783312541095475,0.057049435685226885
1324,1.2498062662586784,0.05572993255660395
1325,1.2215677628698758,0.054452756967455766
1326,1.1933292692315425,0.05317557903981754
1327,1.1650907601389338,0.051898401100011995
1328,1.1366878699758647,0.05076059639874765
1329,1.1082439116215252,0.049657635067912965
1330,1.0797999266525327,0.04855468111410745
1331,1.051355962594387,0.047451717432615365
1332,1.0225023489613747,0.04652599967704839
1333,0.9936032260112051,0.04561996992498199
1334,0.964704118515311,0.04471394018508326
1335,0.9358050018301088,0.04380790354575399
1336,0.9096155266284686,0.042754846426602475
1337,0.8834260459702572,0.041701799047304804
1338,0.8572365770335841,0.04064873504089043
1339,0.831726484444136,0.039649249898569335
1340,0.8089348334318218,0.038864141694731576
1341,0.7861431584916871,0.03807902642187398
1342,0.7633515033143755,0.037293921507167024
1343,0.7396524847215915,0.0365334001136408
1344,0.7138367807624979,0.03583023105629387
1345,0.6880210830683715,0.035127055111683875
1346,0.6622053791092778,0.034423886054336786
1347,0.6381857487292447,0.03380676806131095
1348,0.6159621975137445,0.033275702083247274
1349,0.593738632382777,0.032744641732803885
1350,0.5715150749023092,0.03221358264200302
1351,0.5488242316798555,0.03178939123510536
1352,0.5258218284299958,0.03143647045174695
1353,0.5028194363405133,0.031083542279191884
1354,0.4798170393556208,0.030730614608570662
1355,0.45621001091938346,0.030381112160068974
1356,0.43234380960808794,0.03003307926960869
1357,0.40847760500575697,0.02968506609058924
1358,0.3846114065248437,0.029337032389193534
1359,0.3639079942954184,0.02835732894397077
1360,0.34355589471252745,0.027307462359979502
1361,0.3232038196443192,0.026257591997091195
1362,0.30285172576523417,0.025207727763757116
1363,0.28354190986232025,0.023670570681691424
1364,0.2642320881120507,0.022133397613854848
1365,0.24492226937875455,0.020596241342724836
1366,0.22575068771833087,0.01912811111970154
1367,0.20713219085278012,0.017936222822733116
1368,0.1885136987390894,0.016744320388717333
1369,0.16989520952403833,0.015552433351391396
1370,0.14871169663167563,0.014462191315507559
1371,0.12154450231721846,0.013609025742839878
1372,0.09437732001272527,0.012755882400898212
1373,0.06721012153327051,0.011902720117361125
1374,0.036373203674546474,0.011177307069810908
1375,0.0018665522933035221,0.010579604510894468
1376,-0.03264011234828637,0.009981912939307055
1377,-0.06714676372952924,0.009384210380390709
1378,-0.10506614063338275,0.008564599155816437
1379,-0.14526090241641115,0.007597019966095891
1380,-0.18545564731004063,0.00662944797293288
1381,-0.2256503950340522,0.005661876790705467
1382,-0.2647404121248633,0.004766696471316563
1383,-0.303554322244694,0.003889614101922093
1384,-0.34236823935017785,0.003012519690362651
1385,-0.3811821361157026,0.0021354409312678577
1386,-0.420564604151074,0.0011662981708265047
1387,-0.46001020452340124,0.000186939125947003
1388,-0.4994558167608168,-0.0007924169269292993
1389,-0.5389014171331441,-0.0017717759718089837
1390,-0.5796399889691182,-0.0027543214537789624
1391,-0.6203785503242101,-0.0037368664870421077
1392,-0.6611171278639902,-0.004719414319669314
1393,-0.700910557237839,-0.005584665713779684
1394,-0.7369222811484363,-0.005980571464422582
1395,-0.772934011324001,-0.006376470327802611
1396,-0.8089457275840986,-0.006772374818803049
1397,-0.8428079339636774,-0.007128207038086059
1398,-0.8734461713332147,-0.007423915514185575
1399,-0.9040844159356402,-0.007719648122961181
1400,-0.9347226609556774,-0.008015357858703047
1401,-0.96259434533317,-0.008372799477769484
1402,-0.9876994798474373,-0.008791923723107522
1403,-1.0128046172860454,-0.009211061755138668
1404,-1.0379097518003129,-0.009630186000476803
1405,-1.0587068918654643,-0.009945569999982943
1406,-1.077657317280119,-0.010216486992071257
1407,-1.096607763595894,-0.010487410398704253
1408,-1.115558195275516,-0.010758320503529664
1409,-1.131755536942569,-0.011127384054743094
1410,-1.1472648081868266,-0.011520953744071822
1411,-1.1627740971448544,-0.011914548014783692
1412,-1.1782833740929182,-0.012308120054769655
1413,-1.189454087823751,-0.012703086892550163
1414,-1.2006248085499633,-0.013098049630264626
1415,-1.2117955222807961,-0.013493016468045177
1416,-1.2225655812530059,-0.013811861060815257
1417,-1.2317324689294924,-0.013826194135301199
1418,-1.2408993746864436,-0.013840518293036053
1419,-1.250066268474621,-0.01385484698737668
1420,-1.2582884861468928,-0.01390340339768889
1421,-1.265093830322289,-0.014003323672807523
1422,-1.2718991682424439,-0.014103234692957847
1423,-1.2787045124178396,-0.014203154968076368
1424,-1.2846255587491398,-0.014249101867050126
1425,-1.2896623401319391,-0.01424107565782115
1426,-1.2946991209278755,-0.014233060296509307
1427,-1.2997358946601751,-0.014225032827638113
1428,-1.3038797844913135,-0.014220384529753992
1429,-1.3076409210185365,-0.01421719971057605
1430,-1.311402069514533,-0.014214010354792509
1431,-1.3151631990463764,-0.014210829635680895
1432,-1.3188350500316373,-0.014309903370054626
1433,-1.3224969796437362,-0.014420333125152326
1434,-1.326158909255835,-0.014530762880249995
1435,-1.329674641352376,-0.014618653873901004
1436,-1.3318743153929533,-0.014503599246780869
1437,-1.3340739922541864,-0.014388559950956245
1438,-1.3362736600297964,-0.014273512211098906
1439,-1.3382942424938138,-0.014187955093344284
1440,-1.339598288889848,-0.014220383397791251
1441,-1.340902327872891,-0.014252838675338232
1442,-1.3422063742689252,-0.01428526697978518
1443,-1.3437488937612412,-0.014369930826168512
1444,-1.345649092474285,-0.014532888091492963
1445,-1.3475492801022433,-0.014695850173502365
1446,-1.3494494788152875,-0.01485880743882696
1447,-1.3508064743792503,-0.014936488176733683
1448,-1.3518013188032432,-0.014957298507182032
1449,-1.3527961569622684,-0.014978115724893241
1450,-1.3537909998474527,-0.01499892041555389
1451,-1.3546320910705298,-0.014856712665777231
1452,-1.355434757192669,-0.014673765268515734
1453,-1.3562374380289453,-0.014490831238456412
1454,-1.3570401041510847,-0.01430788384119504
1455,-1.3567661374534665,-0.01457103829936966
1456,-1.356492175064396,-0.014834203103527295
1457,-1.3562182153621578,-0.015097353461635838
1458,-1.3557544173707432,-0.015378093984870346
1459,-1.3545310468323648,-0.01572916934048721
1460,-1.3533076895446072,-0.016080249851006232
1461,-1.3520843330652454,-0.016431333214116266
1462,-1.3508314360329339,-0.01656742198866306
1463,-1.3495342633697753,-0.016381068543674434
1464,-1.3482371152895576,-0.016194727527414108
1465,-1.346939942626399,-0.016008374082425482
1466,-1.3454605883292932,-0.01600875802459513
1467,-1.3438597894786393,-0.016133641097299974
1468,-1.3422589947929828,-0.01625852088087426
1469,-1.3406581947260474,-0.016383407831790556
1470,-1.3382222796224712,-0.016562887071320097
1471,-1.3355776633487586,-0.016756021756388344
1472,-1.3329330506531811,-0.01694916400024296
1473,-1.330288419733589,-0.01714230152573491
1474,-1.3260768208367775,-0.01738066861639824
1475,-1.321865225569018,-0.017619053890948127
1476,-1.317653633667586,-0.01785741688154538
1477,-1.3133114588211374,-0.018084298144902724
1478,-1.3084468195578403,-0.018265193722058502
1479,-1.3035821725004941,-0.01844607440445842
1480,-1.298717545613856,-0.01862695871420598
1481,-1.293667097444017,-0.01875161014736247
1482,-1.2881832054945508,-0.018745067306724594
1483,-1.282699304449735,-0.0187385321642854
1484,-1.2772154166652663,-0.01873198603451686
1485,-1.271160749093872,-0.01872708538332579
1486,-1.2647255320594,-0.018723263899725777
1487,-1.2582903030561543,-0.01871944695273143
1488,-1.251855108461611,-0.01871563752346378
1489,-1.245140353521035,-0.01859905900806549
1490,-1.2383557313104496,-0.01845428429307318
1491,-1.231571115449064,-0.01830953343067791
1492,-1.2247864980585963,-0.01816476078626364
1493,-1.218460959893381,-0.018267785807988202
1494,-1.2121354104486137,-0.018370791386183694
1495,-1.2058098722833983,-0.01847381640790819
1496,-1.1997404659949191,-0.018607291711429257
1497,-1.194695913705459,-0.018862606292941442
1498,-1.189651373231496,-0.01911791884496588
1499,-1.1846068287360851,-0.019373248321234146
1500,-1.180050518214842,-0.01945005691070396
1501,-1.176226544623758,-0.019259183692275784
1502,-1.1724025527577426,-0.01906829513038456
1503,-1.1685785791666587,-0.01887742191195632
1504,-1.1650889725847293,-0.018458067543933154
1505,-1.1618223238636243,-0.0178864002086358
1506,-1.1585556610835022,-0.017314724865845017
1507,-1.1552890123623971,-0.016743057530547674
1508,-1.1522486351030239,-0.01687720178053205
1509,-1.1492647991552682,-0.01718774208617557
1510,-1.1462809632075124,-0.0174982823918193
1511,-1.1433399572428549,-0.01793638742454358
1512,-1.1407845461305326,-0.019523012384811463
1513,-1.1382291358266066,-0.02110964019767029
1514,-1.1356737323647843,-0.022696266417580598
1515,-1.1327330152528068,-0.024214752394739015
1516,-1.1288934873248375,-0.025574279439458968
1517,-1.1250539538366118,-0.02693381776863532
1518,-1.1212144202048366,-0.02829334246269803
1519,-1.1169865952057876,-0.02902459770153508
1520,-1.112370461857433,-0.029127573278575635
1521,-1.1077543403741668,-0.029230545863612904
1522,-1.103138220429709,-0.02933352408843804
1523,-1.0984916446401936,-0.029684124333241163
1524,-1.093832018072319,-0.030140868109452032
1525,-1.0891723956694421,-0.03059760859653232
1526,-1.0845127732665651,-0.03105434908361265
1527,-1.0790766353607888,-0.03193220183295455
1528,-1.0736404870250473,-0.03281006475868995
1529,-1.0682043512095145,-0.03368793005213074
1530,-1.0627794829873782,-0.03438088331945372
1531,-1.0573996952769869,-0.034333947828289337
1532,-1.0520199203340388,-0.03428702679534155
1533,-1.0466401383274533,-0.034240093654834464
1534,-1.041193411208164,-0.0339479778638882
1535,-1.0356462527808057,-0.03328809481534948
1536,-1.030099110359158,-0.03262821868328925
1537,-1.0245519519317994,-0.03196833563475044
1538,-1.0191041624971249,-0.03144214496693528
1539,-1.0136989642886394,-0.03097327364751955
1540,-1.0082937828007874,-0.030504383654450695
1541,-1.0028885783273345,-0.030035519222297836
1542,-0.9974560316789896,-0.029690568804788244
1543,-0.9920204327861992,-0.02935938815899707
1544,-0.9865848359836527,-0.02902822005730469
1545,-0.9812494991015404,-0.028704391987041833
1546,-0.9763153300309286,-0.0284099707998833
1547,-0.9713811656864756,-0.028115537085674252
1548,-0.9664469971770254,-0.027821106660595677
1549,-0.9616232970148967,-0.02761243807393683
1550,-0.9569652705889724,-0.02753237397468785
1551,-0.9523072411460747,-0.027452293078732617
1552,-0.9476492147201503,-0.027372228979483673
1553,-0.9432045406069375,-0.02721915138680887
1554,-0.9389021047691183,-0.027017407480784527
1555,-0.9345996597419907,-0.026815656675329976
1556,-0.9302972223653628,-0.026613907129517934
1557,-0.9269875045709977,-0.026079729235043855
1558,-0.9237880555587191,-0.02550862620672413
1559,-0.9205886065464405,-0.024937523178404437
1560,-0.9173496814431433,-0.0243991420375014
1561,-0.9137554503182567,-0.02415538417701586
1562,-0.9101612021856369,-0.02391161771995626
1563,-0.9065669536354055,-0.023667874135930345
1564,-0.9023864241233798,-0.023447496836884785
1565,-0.8973265275942338,-0.023262206111832908
1566,-0.8922666540506887,-0.023076889825864994
1567,-0.8872067616865403,-0.02289159581168246
1568,-0.8829102940792477,-0.02284307057491212
1569,-0.8789410868954673,-0.022853188323844642
1570,-0.8749718748915692,-0.022863304002198954
1571,-0.8710026627441214,-0.022873406045439706
1572,-0.866552805197373,-0.022901410014109273
1573,-0.8620495658966578,-0.022931391904605573
1574,-0.8575463147804453,-0.022961375824589965
1575,-0.8531011605616985,-0.02293195826270801
1576,-0.8488884774949254,-0.022664905765556263
1577,-0.8446757911801586,-0.022397876952373653
1578,-0.8404631122783831,-0.02213082116609124
1579,-0.8367724816952634,-0.021941091535003676
1580,-0.8338648867418378,-0.021867343599973447
1581,-0.8309573022183772,-0.02179358548854987
1582,-0.8280496939106458,-0.021719833943220093
1583,-0.8255258137265002,-0.02159162158591803
1584,-0.8231664170943384,-0.021440082833890938
1585,-0.820807021151398,-0.021288520101728985
1586,-0.8184476286842338,-0.021136978060571375
1587,-0.816366883813158,-0.020943439392386548
1588,-0.8142861296092246,-0.0207498801896579
1589,-0.8122053910031162,-0.02055633463421034
1590,-0.8101720823611083,-0.02042547340617534
1591,-0.8083285897720123,-0.020545404242030343
1592,-0.8064850984744899,-0.020665328627161965
1593,-0.8046416071769674,-0.020785253012293566
1594,-0.8026116254073173,-0.020835183802022556
1595,-0.800395170462824,-0.020815121462104114
1596,-0.7981787120328286,-0.02079505457341261
1597,-0.7959622549980919,-0.020774979689395255
1598,-0.7941273136432997,-0.02072977171687925
1599,-0.7923877418509689,-0.020678275363609822
1600,-0.7906481624081386,-0.020626777750697902
1601,-0.788909326661045,-0.020569880169683363
1602,-0.7871771045771733,-0.020464313154845457
1603,-0.7854448748428017,-0.020358744880365192
1604,-0.78371265275893,-0.020253177865527248
1605,-0.7817402275878191,-0.02012173583743308
1606,-0.77920744380765,-0.019929938584764748
1607,-0.7766746544769507,-0.019738136474321474
1608,-0.7741418841006782,-0.01954634186943757
1609,-0.7722300348692586,-0.019484331057292813
1610,-0.7707322186970906,-0.01950886236605095
1611,-0.7692343857360319,-0.019533396140836688
1612,-0.7677365575950906,-0.019557931986200615
1613,-0.7662766752156633,-0.019622596124758054
1614,-0.7648210159601762,-0.01969173362619875
1615,-0.7633653658000386,-0.019760863429440667
1616,-0.7616864853998335,-0.019823416474757324
1617,-0.7591144987718299,-0.019859569919087574
1618,-0.7565425177040825,-0.019895712078961486
1619,-0.7539705256195075,-0.019931875263145642
1620,-0.7519995836115012,-0.019948709067172266
1621,-0.7506296729631454,-0.01994623421822424
1622,-0.7492597621712398,-0.01994374573416264
1623,-0.7478898515228838,-0.0199412708852146
1624,-0.7471358856596537,-0.01984731796944786
1625,-0.7465358517446707,-0.019730493859315676
1626,-0.7459358127810019,-0.019613672758234987
1627,-0.7453106395164821,-0.019522691387196936
1628,-0.7444591112608012,-0.019664432887909526
1629,-0.7436075961219178,-0.019806149766179337
1630,-0.7427560678662368,-0.01994789126689194
1631,-0.741862109795997,-0.02000621080417721
1632,-0.7409045040207733,-0.019939395006549614
1633,-0.7399468926852933,-0.019872590493378427
1634,-0.7389892890003132,-0.019805787239849725
1635,-0.738795222510328,-0.01946893294798377
1636,-0.7389284762731803,-0.019016334812156217
1637,-0.7390617266444889,-0.018563746725184193
1638,-0.7391949804073411,-0.018111148589356637
1639,-0.7398897609014502,-0.01762054174293096
1640,-0.7405845651798301,-0.017129928330411548
1641,-0.7412793378798896,-0.016639306589229803
1642,-0.7420520412510712,-0.016214689589938124
1643,-0.743006475501056,-0.015944022836810963
1644,-0.7439609069303851,-0.015673340752388167
1645,-0.7449153272746292,-0.015402663484650242
1646,-0.7461192931033099,-0.015079705989150139
1647,-0.7474896384724271,-0.014721900055718638
1648,-0.7488599815723233,-0.014364085695302864
1649,-0.7502303254123581,-0.014006257979852504
1650,-0.7513329568021785,-0.013488600221177758
1651,-0.7524058478999838,-0.01295315688052432
1652,-0.753478738997789,-0.012417713539871072
1653,-0.7547330855737345,-0.011929508566193257
1654,-0.7567134186521576,-0.01163018682393881
1655,-0.7586937666139687,-0.011330890474003001
1656,-0.7606741179421074,-0.011031571840114262
1657,-0.762539200394549,-0.010811573623211074
1658,-0.764327421402181,-0.01064445496783332
1659,-0.7661156593422539,-0.01047734748154145
1660,-0.767903886053692,-0.010310231176820884
1661,-0.7697915290675746,-0.01001546371966015
1662,-0.7716902086491434,-0.00970650821977351
1663,-0.7735888805802121,-0.009397551460244277
1664,-0.7754381716942645,-0.009119887842343135
1665,-0.7770898040029584,-0.008967398522961138
1666,-0.7787414384116219,-0.008814905605447038
1667,-0.7803930712814773,-0.008662407048144968
1668,-0.7821532451345611,-0.008631218013447253
1669,-0.7840219479609098,-0.008721316270628028
1670,-0.7858906542727611,-0.008811419076581973
1671,-0.7877593381349567,-0.008901525970434662
1672,-0.7906571493402482,-0.008757727784006467
1673,-0.7936692715323229,-0.008587955148004686
1674,-0.7966813809569544,-0.008418168053786503
1675,-0.7994248616439086,-0.008288878427585225
1676,-0.8010934710283615,-0.00832161649855309
1677,-0.8027620676453712,-0.008354340111304506
1678,-0.8044306692357747,-0.008387063287516384
1679,-0.8058546104786134,-0.008511762314687839
1680,-0.8070339278573438,-0.008728428877316249
1681,-0.8082132227864189,-0.008945099527843595
1682,-0.8093925177252206,-0.009161754036139615
1683,-0.8109863445585771,-0.009703443100705547
1684,-0.8126261818758904,-0.010281221713223869
1685,-0.8142660368560567,-0.010859014282024838
1686,-0.8162026353199257,-0.011361979317114421
1687,-0.8193265341875828,-0.011565528105031373
1688,-0.8224504583685928,-0.01176909210887361
1689,-0.8255743650302995,-0.011972655791546591
1690,-0.8291654902204252,-0.012148960868671614
1691,-0.8332238676925522,-0.0122980094982664
1692,-0.8372822352958755,-0.012447059066334708
1693,-0.8413405992701469,-0.012596090450516314
1694,-0.8455386295574682,-0.012825448863471275
1695,-0.8497521688951264,-0.013063716387998872
1696,-0.8539657083763341,-0.013301997547640144
1697,-0.8583210942683516,-0.013558244783461008
1698,-0.8632440000166692,-0.013886397673331764
1699,-0.8681669092252732,-0.01421454287687847
1700,-0.8730898220629293,-0.01454270626431173
1701,-0.8779419232386396,-0.014864387732750152
1702,-0.8827467886726557,-0.015181736072751108
1703,-0.8875516639754752,-0.015499083474278481
1704,-0.8923565392782947,-0.015816430875805993
1705,-0.8985972311837255,-0.01567783891311569
1706,-0.9048379406336755,-0.015539259506691633
1707,-0.9110786452382919,-0.015400665794592441
1708,-0.9177167506631327,-0.0153232138895695
1709,-0.9252818926104838,-0.015388340189046487
1710,-0.9328470206423677,-0.015453472116143748
1711,-0.9404121625897186,-0.015518598415620737
1712,-0.9470473930782326,-0.015711390327556675
1713,-0.9532839818186545,-0.015958897939255298
1714,-0.9595205882219291,-0.016206419507236634
1715,-0.9657571769623509,-0.01645392711893515
1716,-0.9713364595295585,-0.0166471070418832
1717,-0.9769157372013565,-0.016840287466764976
1718,-0.98249502547237,-0.01703346974037015
1719,-0.9880696746361555,-0.017206367537770433
1720,-0.9936373812379342,-0.017348853108191835
1721,-0.9992050849410734,-0.01749132328192334
1722,-1.0047727872245786,-0.01763381464859302
1723,-1.0100968266435284,-0.017679796001722307
1724,-1.0153599569652383,-0.017701671553244792
1725,-1.0206230971557517,-0.017723546166293857
1726,-1.025826311711104,-0.017726003762090107
1727,-1.0304899573243786,-0.017553700462804345
1728,-1.035153618382203,-0.017381413317917163
1729,-1.039817279440027,-0.017209126173030012
1730,-1.043773707568628,-0.016991606404427706
1731,-1.0470229064653147,-0.01672888840362248
1732,-1.0502721017329497,-0.016466152218930618
1733,-1.0535213173502698,-0.01620341554447221
1734,-1.0561216870907988,-0.01610105001672682
1735,-1.0586499721503075,-0.01601648325232787
1736,-1.0611782572098163,-0.015931916487928792
1737,-1.0641452350427656,-0.015929552463015875
1738,-1.068135570034871,-0.016118898808418762
1739,-1.0721259022718859,-0.016308243392245268
1740,-1.076116237263991,-0.016497589737648113
1741,-1.0797340696017883,-0.016319493732109124
1742,-1.0831922252554005,-0.015983845757717326
1743,-1.086650367792215,-0.015648222405768242
1744,-1.0901085235893768,-0.015312588066490003
1745,-1.0948447906898393,-0.015016398569061569
1746,-1.099581061300179,-0.01472020042279381
1747,-1.1043173284006416,-0.014424010925365473
1748,-1.1097037209378369,-0.014281921020246642
1749,-1.1157402301641586,-0.01429396015873233
1750,-1.1217767378516719,-0.014305993657430344
1751,-1.1278132476391547,-0.014318023557995982
1752,-1.1333761055228113,-0.014499744887204926
1753,-1.1388205796683137,-0.014723858046879403
1754,-1.1442650538138162,-0.01494797120655395
1755,-1.1496005647841805,-0.015058823197854645
1756,-1.154500094538288,-0.014716502266243207
1757,-1.1593996229068628,-0.01437417318772635
1758,-1.1642991450104705,-0.014031850996472453
1759,-1.169408170468994,-0.013603319860240746
1760,-1.1746568413475842,-0.013117324683806613
1761,-1.1799055450960683,-0.012631331385311532
1762,-1.1851542334000031,-0.012145321932417926
1763,-1.1889518789051468,-0.012396320517047359
1764,-1.1927495307692162,-0.012647326812042638
1765,-1.1965471762743598,-0.012898325396672029
1766,-1.1994314251935223,-0.013088475915497395
1767,-1.2014022693659594,-0.013217796971896529
1768,-1.2033731135383963,-0.01334711802829572
1769,-1.2053439577108334,-0.01347643908469495
1770,-1.2075693637512148,-0.013498495393783205
1771,-1.2098230434417416,-0.013508665256568724
1772,-1.2120767265668535,-0.013518829043027182
1773,-1.2144638171307964,-0.01351936701980285
1774,-1.2171620984122096,-0.013497449202115014
1775,-1.2198603923928086,-0.013475529635018137
1776,-1.2225586736742216,-0.013453611817330164
1777,-1.2255370697896668,-0.013398810540582786
1778,-1.2286355367435957,-0.013329944878883462
1779,-1.2317339971950492,-0.013261057871704713
1780,-1.2347356445652857,-0.013209883672796234
1781,-1.2368656536723959,-0.013318134328758727
1782,-1.2389956725299756,-0.01342638264623112
1783,-1.2411256879020534,-0.013534626414930726
1784,-1.2434708463957307,-0.013611796164400879
1785,-1.2460311730771256,-0.013657895020055615
1786,-1.248591492763141,-0.013703997975776457
1787,-1.2511518194445361,-0.013750096831431193
1788,-1.253400249311637,-0.013690171570953041
1789,-1.255648666479552,-0.013630248059883937
1790,-1.2578970962031029,-0.013570309164292083
1791,-1.2597677540126568,-0.013578529640910086
1792,-1.2610718112948451,-0.013688953585006063
1793,-1.2623758628732271,-0.013799375178444711
1794,-1.2636799243204127,-0.013909795833409896
1795,-1.264780852443293,-0.013827391671946326
1796,-1.2658310252609117,-0.013696787237848783
1797,-1.2668811980785306,-0.013566182803751088
1798,-1.2679216060525258,-0.013433798481694494
1799,-1.2689229362476704,-0.013294302956262872
1800,-1.2699242833752553,-0.013154818599917364
1801,-1.2709256374982203,-0.013015330143505588
1802,-1.2721951095173691,-0.01297114628092914
1803,-1.273579509030376,-0.012967833681137353
1804,-1.2749639205121563,-0.012964516544739856
1805,-1.2762609622638181,-0.012959823666930917
1806,-1.276771578193024,-0.01294267910153938
1807,-1.2772821850268807,-0.01292554223434624
1808,-1.277792774197884,-0.01290839141087058
1809,-1.278805018871793,-0.012900553490353035
1810,-1.280151741796524,-0.01289891525673245
1811,-1.2814984478570715,-0.0128972820616514
1812,-1.2828451650779966,-0.012895641477373654
1813,-1.2844093955521612,-0.012719336099124632
1814,-1.2859736366255416,-0.012543032569598843
1815,-1.2875378670997062,-0.012366727191349723
1816,-1.2893122207874375,-0.012205406335670618
1817,-1.291296712487891,-0.01205906465502012
1818,-1.293281197923377,-0.011912729861632635
1819,-1.2952656867934482,-0.011766388991917632
1820,-1.2972489689785212,-0.011878352651442135
1821,-1.2992321327536178,-0.012018987914560141
1822,-1.301215290263747,-0.012159630064941186
1823,-1.3031310674273526,-0.012272413486477438
1824,-1.3049457740869048,-0.012343430269528602
1825,-1.3067604807464572,-0.012414447052579441
1826,-1.3085751944953479,-0.012485474333192869
1827,-1.3109895625431278,-0.012594877051088955
1828,-1.3135538080217564,-0.01271386383851298
1829,-1.3161180472354177,-0.012832857513199885
1830,-1.3189429755894797,-0.012925028626504464
1831,-1.3223760044651849,-0.01295463302952431
1832,-1.3258090375311031,-0.012984246378510683
1833,-1.3292420685067778,-0.013013847183398274
1834,-1.332968485731877,-0.01314965529474957
1835,-1.3367682215109393,-0.01331200597287735
1836,-1.3405679572900016,-0.013474356651005274
1837,-1.3442794662194755,-0.01364583919692587
1838,-1.3476379540298975,-0.013853942849508243
1839,-1.3509964375317727,-0.014062036156107606
1840,-1.3543549342842685,-0.014270134617609316
1841,-1.3571460831046867,-0.014685715103235127
1842,-1.3596940208716675,-0.015190240725615643
1843,-1.3622419508445986,-0.01569475145324023
1844,-1.3647685279722954,-0.016324977507523836
1845,-1.3672096267193576,-0.017458169049129457
1846,-1.3696507409206953,-0.018591360602902323
1847,-1.3720918417677272,-0.01972454854637561
1848,-1.37548439187034,-0.020987760800481422
1849,-1.3792848138984732,-0.022306711410365842
1850,-1.3830852177025914,-0.023625657301887728
1851,-1.3871451887684685,-0.024895297822849872
1852,-1.3922437237517737,-0.025967682896060117
1853,-1.3973422559799888,-0.027040066207694145
1854,-1.4024407873342424,-0.028112433097017882
1855,-1.4083070344399635,-0.02827717810009376
1856,-1.4145023590473436,-0.02805285151455283
1857,-1.4206976879729973,-0.027828519132763675
1858,-1.4271222162854742,-0.02749138609308161
1859,-1.4344638392534539,-0.026702868525974737
1860,-1.4418054658252701,-0.025914356907657296
1861,-1.4491470783123679,-0.025125838891843572
1862,-1.4586575491911045,-0.024056376454677512
1863,-1.4690977459013341,-0.02286645890321299
1864,-1.4795379566705806,-0.021676549359241504
1865,-1.4907005743459985,-0.02031898400255697
1866,-1.5047537987627417,-0.018290603982101417
1867,-1.5188070300995717,-0.016262222434091263
1868,-1.5328602565910692,-0.01423382658040608
1869,-1.5485816015966598,-0.013008239711318452
1870,-1.5650179878868522,-0.012126765070989396
1871,-1.5814543937963181,-0.011245287153697167
1872,-1.5974967191239282,-0.010316091984630776
1873,-1.6119623000712886,-0.009195959292109961
1874,-1.6264278846224853,-0.008075832548378839
1875,-1.6408934697348434,-0.006955696566727601
1876,-1.654187667487694,-0.006058674014538377
1877,-1.6669797404269184,-0.005257283313707054
1878,-1.6797718058096018,-0.004455905950861804
1879,-1.6926887776321535,-0.003762379283205364
1880,-1.7061055531742528,-0.0035004092120580264
1881,-1.7195223036405076,-0.0032384521577277395
1882,-1.7329390652671397,-0.002976487714200689
1883,-1.745694997374232,-0.002030268212281081
1884,-1.7581676581097958,-0.0007907129537747311
1885,-1.7706403188453603,0.00044884230473163285
1886,-1.7827815906191216,0.0016416585174639624
1887,-1.7935968531026316,0.00264747812462022
1888,-1.8044121184847814,0.0036532823350865083
1889,-1.8152273865440376,0.0046590848493707595
1890,-1.823690632548713,0.005307266400341465
1891,-1.8311456231995917,0.005802117257843294
1892,-1.8386006138504707,0.006296968115345169
1893,-1.8455606206247772,0.006632333700403989
1894,-1.8513658681041618,0.006595638351069128
1895,-1.8571711360767815,0.0065589298563871025
1896,-1.862976389259972,0.006522232156395007
1897,-1.8674338827519212,0.006667193002676491
1898,-1.871554492805793,0.006857577977992913
1899,-1.875675135168398,0.0070479518374501554
1900,-1.8941272458624718,0.013019233725079639
1901,-1.946011729264128,0.03247615809852514
1902,-2.009394157022663,0.046145881605292476
1903,-2.0995988735732807,0.04631531372309222
1904,-2.189803575478019,0.04648474300046825
1905,-2.2172880242370363,0.04321423790578887
1906,-2.18205220325776,0.03650379450761569
1907,-2.146816389367822,0.02979334061188029
1908,-2.099243792497155,0.037025064705777225
1909,-2.0485879266391516,0.04774127410449506
1910,-1.997932066475228,0.05845746501032452
1911,-2.075358996597227,0.05333049104099721
1912,-2.1527859269567333,0.04820348883892771
1913,-2.1993565098118313,0.043433158848741216
1914,-2.1739456618759987,0.03949485017995411
1915,-2.14853482578088,0.03555653130555803
1916,-2.114563471704381,0.03698851374058502
1917,-2.0720316228851012,0.04379076643588027
1918,-2.029499760567966,0.050593036376589046
1919,-2.0692728722193787,0.050575383535853335
1920,-2.1296159501852063,0.04885327261360467
1921,-2.1899590218860667,0.04713115480409345
1922,-2.170724244141226,0.044353418413386296
1923,-2.15148948964471,0.04157566711575604
1924,-2.1266284961674997,0.04067661415475724
1925,-2.088642710917031,0.04416014455705123
1926,-2.050656916580939,0.04764368340337795
1927,-2.061864413914133,0.04831258693389438
1928,-2.122265182433104,0.0461668844361788
1929,-2.1826659494132663,0.04402118757825098
1930,-2.1765343409595106,0.04490461141507233
1931,-2.1537746948229612,0.046545084681949477
1932,-2.1310150662553062,0.048185558590172435
1933,-2.092652421271915,0.05109363401806563
1934,-2.054289765128146,0.05400170205676206
1935,-2.0449611786099027,0.053833580339959976
1936,-2.1033629708666144,0.04648934714475062
1937,-2.161764767288324,0.039145117238671874
1938,-2.1714840370551407,0.03914960098341196
1939,-2.1487449857880407,0.04405370105875206
1940,-2.12600592127032,0.04895780628899445
1941,-2.091820263828592,0.05441785657421699
1942,-2.0547738120708665,0.06001685924503519
1943,-2.027232730016711,0.06444016338280872
1944,-2.0852631590532904,0.058279310791292636
1945,-2.1432935684803236,0.0521184710650445
1946,-2.1692263251328776,0.04747737865316595
1947,-2.147017520201831,0.04511566887441335
1948,-2.1248087076202857,0.042753960355302906
1949,-2.0937999012468156,0.044372002266580515
1950,-2.059018783606317,0.04769603622824272
1951,-2.024237678521455,0.051020085574427713
1952,-2.0740401058976565,0.04738054263126619
1953,-2.1332381543221492,0.04296746973445385
1954,-2.1756241195629165,0.03947576183076838
1955,-2.1507412133630215,0.03967057868439811
1956,-2.125858314847728,0.0398654236182289
1957,-2.095645291994816,0.042806925410829005
1958,-2.06010214622392,0.048495105255136076
1959,-2.0245590143684913,0.05418329072706375
1960,-2.0597488264010604,0.05112266563981379
1961,-2.1126164888857826,0.04587549694842053
1962,-2.1579206112262197,0.041447397828869595
1963,-2.135134483802913,0.04439267766892073
1964,-2.1123483561420984,0.0473379857417141
1965,-2.08445023086634,0.05055507678700539
1966,-2.048884900054135,0.05417982044583325
1967,-2.0133195768924295,0.05780456284501894
1968,-2.0426332283578756,0.05453793305567984
1969,-2.099758631253896,0.04831715162036259
1970,-2.156884032203222,0.04209636909403098
1971,-2.1332530716658393,0.045191483831269405
1972,-2.109622122849996,0.04828661519562477
1973,-2.0841175472113966,0.0516214403707113
1974,-2.0511162207245883,0.05591546486798976
1975,-2.0181149054664145,0.06020948054683923
1976,-2.0299527427774064,0.05854141922680346
1977,-2.086629745686891,0.05091125141453577
1978,-2.143306743700966,0.043281083100334176
1979,-2.136752901077688,0.04164572620097606
1980,-2.1143961641498925,0.04150861607273864
1981,-2.0901717963471462,0.042158035865645704
1982,-2.0491341760497574,0.049887962629554215
1983,-2.0080965669127457,0.05761789678265939
1984,-2.016814343364249,0.058123678528932333
1985,-2.0752875209241073,0.051405294286486214
1986,-2.1337606990451277,0.04468691928196037
1987,-2.1284339697739476,0.043037141930429346
1988,-2.1071621571472376,0.04265412005945568
1989,-2.083978992673557,0.042696276957773074
1990,-2.043589084453367,0.046566118129827215
1991,-2.0031991827356523,0.05043593795640199
1992,-2.0010927003616037,0.05111641447398773
1993,-2.0564055168566715,0.047013374989575515
1994,-2.1117183348808215,0.042910313723144036
1995,-2.112097135486133,0.042003166169579186
1996,-2.08892732505867,0.042466000839953603
1997,-2.0657575069807077,0.04292883676997046
1998,-2.027030528728343,0.0479553685465741
1999,-1.9883035496020172,0.05298191674548802
2000,-1.9791903870201675,0.05500678588453121
2001,-2.0391600251354967,0.050029379220509006
2002,-2.0991296632508254,0.04505197255648668
2003,-2.100036731212526,0.04584367721948393
2004,-2.0756253302359067,0.049108428123339654
2005,-2.051213954478681,0.05237317840889906
2006,-2.0163134633674384,0.056143057841826556
2007,-1.98141295110784,0.05991295577980981
2008,-1.9732890075109701,0.060164096250128016
2009,-2.027629121742375,0.052206757900090384
2010,-2.0819692409374473,0.04424940384436139
2011,-2.0918220656872215,0.04210986778907401
2012,-2.0720136670848746,0.043849282054835126
2013,-2.0522052721115798,0.04558867813670947
2014,-2.0180497782717106,0.04693504191051665
2015,-1.9838942670064965,0.04828139140786409
2016,-1.9759459933223726,0.04871776483903647
2017,-2.0291336995384617,0.0470313094402351
2018,-2.082321405099431,0.04534485940114216
2019,-2.089270433784454,0.046726905474321255
2020,-2.0653905591699626,0.05015486154374284
2021,-2.041510671295124,0.05358280662583527
2022,-2.0051361278738185,0.054926745339061646
2023,-1.9687616188612151,0.05627067653456136
2024,-1.9597327269980427,0.05531504131647605
2025,-2.014495499966301,0.048994996789382905
2026,-2.0692582765636116,0.04267493407840289
2027,-2.0766621554388927,0.04190419439819717
2028,-2.052490233667504,0.04483335764707785
2029,-2.028318287968295,0.04776252796497808
2030,-1.9951376970675365,0.04902270276106734
2031,-1.9619570915208984,0.05028287471673283
2032,-1.9560843575466054,0.05020132313043549
2033,-2.0139151086706084,0.046989833339563296
2034,-2.0717458597946123,0.043778343548691125
2035,-2.074587587302011,0.04444442852802691
2036,-2.053857081619951,0.04677272130996962
2037,-2.0331265940183556,0.049101023008663654
2038,-1.995329816978087,0.051837025742441624
2039,-1.9575330384087364,0.05457305025823873
2040,-1.9560929528095647,0.05456463550750884
2041,-2.0091823254617553,0.050439980539128695
2042,-2.0622717169930804,0.04631531549267708
2043,-2.064173686141966,0.044149553867034175
2044,-2.044133097161603,0.04282349543693145
2045,-2.0226709522348285,0.04193804965560946
2046,-1.9884113104351506,0.04501920061876333
2047,-1.9541516686354727,0.048100351581917306
2048,-1.9636877675966316,0.04880305758573753
2049,-2.0170196155302875,0.047127326608501434
2050,-2.0703514634639437,0.045451595631265385
2051,-2.0622888252766067,0.04592903856025177
2052,-2.038882220702121,0.04694461539322583
2053,-2.0128698938476046,0.04815533428720879
2054,-1.9764314044898053,0.05014687276855042
2055,-1.939992901072989,0.05213841925738534
2056,-1.958837690326049,0.048552234298234284
2057,-2.014522981455327,0.041249104127567014
2058,-2.070208278135135,0.03394596909912477
2059,-2.0563269875742227,0.036631180151495066
2060,-2.0347076903379087,0.04042740437918164
2061,-2.008672289730209,0.04480974692637047
2062,-1.9723350974761538,0.050559298651203836
2063,-1.9359979052220986,0.05630885037603718
2064,-1.965052144332748,0.05507295889783928
2065,-2.022137800956121,0.0508425896343702
2066,-2.071347993060473,0.04710069639511016
2067,-2.049755874264875,0.04775017307152513
2068,-2.028163756813618,0.048399668368366316
2069,-1.9999939905657154,0.049217497345915844
2070,-1.9619537455525244,0.0502879382318358
2071,-1.9239135033697152,0.05135837992869147
2072,-1.963235661915535,0.0472424032431778
2073,-2.0218925182663656,0.04183018456096627
2074,-2.064173665670618,0.037819118702450465
2075,-2.0409319604817244,0.039414277108368555
2076,-2.0176902664532084,0.041009442903483254
2077,-1.9877293330566512,0.04506836755503611
2078,-1.9532907059306157,0.05076914897651411
2079,-1.9188520998589769,0.05646992649056514
2080,-1.974973212227344,0.05264267911673631
2081,-2.031094324739261,0.0488154181077937
2082,-2.0546106947733724,0.046611740442305594
2083,-2.0292000469354057,0.046844405846648084
2084,-2.003789406747939,0.047077069991348294
2085,-1.9705873484716896,0.049069001596852506
2086,-1.9354380361136114,0.05150061810871687
2087,-1.9189450810031672,0.05269059828206038
2088,-1.977100368533519,0.04891253240553314
2089,-2.0352556518736575,0.04513447547497239
2090,-2.0443643506889675,0.043207648469695166
2091,-2.0207886025034933,0.04251448981901464
2092,-1.9972128725929503,0.04182131582487108
2093,-1.9618673539976454,0.04486791861394751
2094,-1.9252126700326961,0.048330502672317116
2095,-1.918354039999792,0.04991445147846736
2096,-1.9810033714744824,0.04711597080673199
2097,-2.0436527029491733,0.044317490134996695
2098,-2.037109720436305,0.04527066716374438
2099,-2.01327392892617,0.04716149104268526
2100,-1.9867965505361205,0.04898157232291979
2101,-1.9497495432912142,0.050518650719717666
2102,-1.912702543840357,0.052055714221759496
2103,-1.932491760595931,0.05047907131624542
2104,-1.9901563929724564,0.04682741810292927
2105,-2.0478210181160934,0.04317578902228925
2106,-2.026281728127762,0.04291596659642971
2107,-2.0047424330224866,0.04265615736914388
2108,-1.9774295727292424,0.04323400860080758
2109,-1.9414528446072807,0.045068882150187624
2110,-1.9054761178708515,0.04690374755266255
2111,-1.943555435636576,0.04365262803266231
2112,-2.0001431103450082,0.039130431563249114
2113,-2.0405301345990634,0.036333944104773704
2114,-2.0160947753336664,0.04044247610784555
2115,-1.99165941606827,0.044551008110917605
2116,-1.9576434049983296,0.05097622588001889
2117,-1.919520431417188,0.058394563026959834
2118,-1.8912676060598952,0.06430291892338245
2119,-1.9517497168825513,0.05663625642201117
2120,-2.0122318319893795,0.048969570377044525
2121,-2.0310815039138452,0.04530490283045494
2122,-2.008298714669441,0.04564223026786241
2123,-1.9855159275250074,0.04597956130340247
2124,-1.9480991991424141,0.048879920252303956
2125,-1.9090546992704365,0.05206537774872764
2126,-1.9095964014290931,0.05083930051538704
2127,-1.9695416077810746,0.04299319600686372
2128,-2.029486793078659,0.03514709540576756
2129,-2.0229115821872288,0.03666722654158543
2130,-1.9997113643147497,0.040528199595799126
2131,-1.972998420118487,0.044711220421703106
2132,-1.9322303355815396,0.050182864884552134
2133,-1.8914622510445924,0.05565450934740143
2134,-1.921858246898077,0.054801800970812005
2135,-1.982760226500469,0.051238020942651584
2136,-2.0351924739467644,0.04805105140623145
2137,-2.0114796288379395,0.04825176432877823
2138,-1.9877667837291142,0.04845247725132526
2139,-1.9565045160697596,0.04995313375350301
2140,-1.9202113789264157,0.05232003722117939
2141,-1.8839182164697192,0.05468695590478084
2142,-1.9402859924217968,0.05075935637620896
2143,-1.996653765618784,0.046831758609213674
2144,-2.021613132927351,0.04615545440097216
2145,-1.9994407017135336,0.050358101186975826
2146,-1.9772682704997164,0.05456074797297955
2147,-1.9427913046364302,0.05639860274354949
2148,-1.9069456918540229,0.05797340608977702
2149,-1.9013982599358932,0.056813076694293425
2150,-1.9665301566601485,0.04927223313058454
2151,-2.031662053384404,0.041731389566875735
2152,-2.0258739060890583,0.043518221002036714
2153,-2.0023611309358116,0.047636272377911675
2154,-1.9742747764142468,0.05187334114132284
2155,-1.9278884227726971,0.056586663689927964
2156,-1.881502069131147,0.06129998623853318
2157,-1.9155545934091112,0.05700314126654786
2158,-1.984088953747827,0.04884389729263712
2159,-2.034243877560991,0.04258791062824562
2160,-2.0108585357850894,0.04394725391502143
2161,-1.9874732108733717,0.045306602240336724
2162,-1.9565171197599573,0.046494083844832765
2163,-1.9205159205021582,0.047567015143963734
2164,-1.8947924505360105,0.048313114399895656
2165,-1.961468167215843,0.04612100412552891
2166,-2.028143883895675,0.04392889385116206
2167,-2.040230823561134,0.044556980501372356
2168,-2.0159400821954114,0.0470644190362726
2169,-1.991649320336454,0.049571870716519875
2170,-1.9479489077879648,0.05264339689250661
2171,-1.9042484952394756,0.05571492306849311
2172,-1.9141357537744499,0.05400067036006229
2173,-1.9776106833928881,0.04750063876721391
2174,-2.041085613011326,0.04100060717436576
2175,-2.0193463677030206,0.043256511888854494
2176,-1.9976071223947145,0.04551241660334327
2177,-1.9673699153746775,0.04889983165825035
2178,-1.9286347213295552,0.053418772269500474
2179,-1.8898995336336328,0.05793768902815383
2180,-1.9438867315916222,0.05713672334473021
2181,-2.008187592851056,0.05574402354495694
2182,-2.0370271729189215,0.055323866968497816
2183,-2.012653166935615,0.05636310104493109
2184,-1.9882791609523085,0.057402335121364334
2185,-1.9461307990483727,0.05788019198259077
2186,-1.9020053710028417,0.058295612476883904
2187,-1.9045987947435032,0.0545758478894943
2188,-1.9772990338106762,0.04465075137193589
2189,-2.0499992728778493,0.03472565485437768
2190,-2.0364722919703295,0.035946977357889
2191,-2.0133541002576982,0.03840814398198915
2192,-1.9825700989626982,0.0441726429509944
2193,-1.9402826957485253,0.0548941248499251
2194,-1.8979952925343526,0.06561560674885597
2195,-1.9558876116992672,0.05752232970293923
2196,-2.0249231118802378,0.04733627112727164
2197,-2.055649494514006,0.0412133212820816
2198,-2.02888880001384,0.04118746625796376
2199,-2.002128105931285,0.041161634106879924
2200,-1.9601890697687239,0.04587503738802831
2201,-1.9144566263752878,0.051772888408917576
2202,-1.9073141507595552,0.05320361354556438
2203,-1.990194005268744,0.044213473316622294
2204,-2.073073852782553,0.03522332898761426
2205,-2.0556686075183324,0.035686282839802075
2206,-2.0271084702795283,0.037200731360683914
2207,-1.9907035139448266,0.04127092943027897
2208,-1.9425265669770813,0.04917632040002972
2209,-1.8943496200093364,0.057081711369780797
2210,-1.9607396319040313,0.05154734754192416
2211,-2.0398731048547085,0.04451805595975404
2212,-2.0745158252660922,0.041313316905955424
2213,-2.0423952753081243,0.04384772358135917
2214,-2.010274725350156,0.04638213025676294
2215,-1.9608742253757134,0.05164880639950063
2216,-1.9095516505595382,0.05721939550702555
2217,-1.911689955601397,0.057526202342887696
2218,-1.994052229158494,0.04993412673695696
2219,-2.076414502715591,0.04234205113102614
2220,-2.06023370168323,0.04661737452627152
2221,-2.03309177482498,0.05221273337932396
2222,-1.9958830312598506,0.05588196963683113
2223,-1.943567946330732,0.05666081460951294
2224,-1.891252864836199,0.05743966565852194
2225,-1.9737534919821917,0.05108666938628948
2226,-2.0562541191281847,0.04473367311405719
2227,-2.0831862031505293,0.04382160434128559
2228,-2.0545497440492255,0.048350463067974886
2229,-2.0259132849479218,0.052879321794664286
2230,-1.9737214584765448,0.05811343737049949
2231,-1.921529632005168,0.06334755294633466
2232,-1.9400960754485652,0.059819697680523615
2233,-2.02942079378013,0.04752987200960604
2234,-2.1066479910457256,0.03684046715198846
2235,-2.0751156372471358,0.04053908507124893
2236,-2.0435832834485463,0.04423770299050936
2237,-2.000861081876131,0.048294141325304685
2238,-1.9506820117012185,0.05258903111626705
2239,-1.9141628370641832,0.05554296465786758
2240,-2.0004495183177626,0.04644150545379564
2241,-2.0867361813216254,0.03734004935808934
2242,-2.0923877955162182,0.036650928961823454
2243,-2.063473488718966,0.03956793703464491
2244,-2.0298524147340467,0.0439767669541374
2245,-1.9773985864918826,0.05435476937392292
2246,-1.9249447582497186,0.0647327717937084
2247,-1.9849064332266806,0.059963214373599125
2248,-2.072963423441098,0.05140792606042051
2249,-2.125689325414245,0.04573309047429909
2250,-2.095995169262499,0.04677775811234359
2251,-2.066301013110753,0.04782242575038775
2252,-2.018450515251394,0.046771090693285854
2253,-1.9660623249765141,0.04519591993928626
2254,-1.966163326364447,0.04274580639196693
2255,-2.0450301611968036,0.038982770068212505
2256,-2.1238969960291603,0.035219733744457984
2257,-2.100924148866508,0.039385327883691056
2258,-2.066623489404558,0.044432857264225294
2259,-2.0255144235088194,0.047830744226973386
2260,-1.9775969390412678,0.049578996260446026
2261,-1.9429657627638799,0.05090828337261629
2262,-2.027781745238932,0.048470967911965104
2263,-2.1125977277139842,0.04603365245131419
2264,-2.1286267332268296,0.046797540882246746
2265,-2.0988164355379695,0.04969470874049532
2266,-2.065345691676114,0.0524100348775158
2267,-2.0172286764538354,0.0543977930116916
2268,-1.9691116612315571,0.05638555114586709
2269,-2.0151539701956867,0.04907366455923195
2270,-2.101559667209933,0.0377752984759283
2271,-2.1531201717882724,0.02889577428614234
2272,-2.1233941155951435,0.02565895773365919
2273,-2.0936680531370464,0.022422134293912814
2274,-2.041768922273257,0.03510013555391182
2275,-1.9874034521742507,0.049548365710692335
2276,-1.9909980915301932,0.053529099681889625
2277,-2.081568256308519,0.04180218437247805
2278,-2.1721384153830394,0.03007527141372366
2279,-2.1438998469445076,0.0346698971710326
2280,-2.1156613129146784,0.03926451541061496
2281,-2.071350577434023,0.04288613311058926
2282,-2.01632943083107,0.045859346514411384
2283,-1.9880857301163621,0.04708938107005016
2284,-2.0669844845621608,0.041344569632978063
2285,-2.145883239007959,0.03559975819590588
2286,-2.1490442732413273,0.037160388957247714
2287,-2.119738755391673,0.04185264783026228
2288,-2.0835849667655713,0.047770198487094975
2289,-2.0314556141982254,0.05654612365677812
2290,-1.9793262735899266,0.06532203722083613
2291,-2.0562052597746803,0.05418266797216779
2292,-2.147434058993678,0.040828067138317825
2293,-2.1769292350581644,0.03422175515962126
2294,-2.1446907837690414,0.034363699407103813
2295,-2.1102695362652186,0.035521242674378985
2296,-2.056224440971072,0.04580925447876038
2297,-2.002179346263788,0.056097277131058665
2298,-2.0454088799971646,0.05477840691844653
2299,-2.130337254744411,0.048483994099357594
2300,-2.181761855121137,0.0447591954718506
2301,-2.1550291859778707,0.047028806671118285
2302,-2.128296532279154,0.04929840171598724
2303,-2.0818393625813654,0.05145914730150285
2304,-2.0331882113641733,0.053607782622861956
2305,-2.0511617740132206,0.053359413216763095
2306,-2.135760052772028,0.05071402904622517
2307,-2.2090226091812344,0.04856531796717693
2308,-2.180374429150798,0.050881812668617604
2309,-2.1517262491203617,0.05319830737005807
2310,-2.105803948138294,0.05532850885418901
2311,-2.0524767303609774,0.05737884276776057
2312,-2.0406763867727284,0.05757772573656398
2313,-2.1257495564076367,0.05345750476345563
2314,-2.2108227413776453,0.049337310610906134
2315,-2.188045667556655,0.0483649899063885
2316,-2.1532722156611817,0.047742832191505775
2317,-2.108578735867944,0.05020952724759885
2318,-2.0539652211035775,0.055765071039995194
2319,-2.0139215378267044,0.0596535129773792
2320,-2.104864058716363,0.04855430029901217
2321,-2.1958065801671833,0.037455096858565136
2322,-2.203295488226485,0.03678400111159334
2323,-2.1750102463684393,0.04058315275030017
2324,-2.13755089570098,0.04559362150267323
2325,-2.078690289009578,0.05342983885796268
2326,-2.019829683048588,0.06126605342605512
2327,-2.0961677982953293,0.059229251047339
2328,-2.187544292100861,0.05609424402937175
2329,-2.207979283356106,0.05274293674859161
2330,-2.1811391523134076,0.04924751569926019
2331,-2.147869634210806,0.047064907464595414
2332,-2.088874608772908,0.05013521170891986
2333,-2.0298795833350107,0.053205515953244194
2334,-2.0879376302965604,0.05110322520964469
2335,-2.1752500072651904,0.04770818825581347
2336,-2.215811241125614,0.04687334193263174
2337,-2.186217214415168,0.04988038304086886
2338,-2.1538925598832432,0.05253676817567155
2339,-2.097018959163958,0.05204075923182437
2340,-2.0401453598797956,0.05154474310358719
2341,-2.0847558397068258,0.0477839958779396
2342,-2.1728696162614187,0.042623760340788436
2343,-2.2253942553984385,0.039674076638280015
2344,-2.194896899195942,0.04188113964144974
2345,-2.1643995261040465,0.04408820984117711
2346,-2.104384282963459,0.05242478411624634
2347,-2.0443690540511397,0.060761338358705674
2348,-2.0765406323800955,0.06066874071554597
2349,-2.170145078234113,0.05495896880193699
2350,-2.2266827764371513,0.05070344690372397
2351,-2.1967514942822675,0.04984036609667778
2352,-2.166820212127384,0.04897728528963132
2353,-2.114399509729405,0.04570546785528027
2354,-2.0594772589558397,0.04216572702235933
2355,-2.0881159665925835,0.03982056347394686
2356,-2.1724392881372494,0.03827144684377727
2357,-2.2347980715172246,0.03769924048695594
2358,-2.209271816127944,0.04103583254088205
2359,-2.183745560738664,0.04437242459480829
2360,-2.1295092030006173,0.049015205544474576
2361,-2.0680975023026984,0.05398445089429464
2362,-2.0823873020722172,0.053816140503172905
2363,-2.172378601510503,0.048510293365932045
2364,-2.2397002002997413,0.04504375653199819
2365,-2.2163152842064315,0.04893668382354162
2366,-2.1929303681131214,0.052829611115084794
2367,-2.1380488423322404,0.05913525175131904
2368,-2.075295543933083,0.0660439132900095
2369,-2.088455688055484,0.06694804279667763
2370,-2.177529288614909,0.061847645898943815
2371,-2.2547521670389123,0.05696657017707057
2372,-2.2254342026441725,0.054057165126074086
2373,-2.196116230455383,0.051147774969833644
2374,-2.144328755360338,0.05340074267250249
2375,-2.0869256146293296,0.05694390712620656
2376,-2.099291452334685,0.05800922578059653
2377,-2.1814262521481664,0.05659671507014956
2378,-2.2529397105477718,0.05451897081162645
2379,-2.228964790499519,0.046460648425774215
2380,-2.2049898697208543,0.03840232882711857
2381,-2.1511650868973606,0.0440518358956385
2382,-2.089880113574229,0.05312726938380328
2383,-2.1014149834841542,0.05751900526378676
2384,-2.185769695361263,0.057227038694862536
2385,-2.2496951903551685,0.055568681795324246
2386,-2.231878927561971,0.048442992716777926
2387,-2.2140626647687736,0.04131730363823186
2388,-2.159974992908241,0.04595106466486051
2389,-2.096822227179813,0.05352379166942741
2390,-2.107476347451633,0.058510374624367784
2391,-2.1919373409053393,0.060910838612998536
2392,-2.253915448643573,0.06310261653984593
2393,-2.2259345345324135,0.06445952190107604
2394,-2.1979536367494914,0.0658164108278286
2395,-2.1418864243093476,0.06166992933513788
2396,-2.082695131020618,0.056911269798785094
2397,-2.112887250286015,0.054426819095647096
2398,-2.202644058817966,0.053457856528981315
2399,-2.2605869991148713,0.05177290926443449
2400,-2.244314791858602,0.048417701751718126
2401,-2.228042579638665,0.04506250994469363
2402,-2.15896110919887,0.04804386933869333
2403,-2.0898796416834156,0.051025214945999826
2404,-2.1270543492239637,0.05492372976881432
2405,-2.209778043677743,0.05921536645839601
2406,-2.253417378488781,0.05749231704891647
2407,-2.238406371700178,0.04674352935109744
2408,-2.218206988147641,0.03806055652383161
2409,-2.151362960105863,0.04794976379089049
2410,-2.0845189160583746,0.05783897797442793
2411,-2.1399003622120727,0.061935510513729204
2412,-2.2258288489915423,0.06458433369735045
2413,-2.2620310861466515,0.06139241599807174
2414,-2.2485070709320367,0.05235977531970065
2415,-2.223960512676988,0.04601967245428183
2416,-2.155310329336005,0.050453050897545426
2417,-2.086660141268864,0.05488641681375812
2418,-2.1588914075614407,0.06060571473230398
2419,-2.2467931832350883,0.0664680730755074
2420,-2.2716216306364982,0.06307015133433617
2421,-2.2544183346865356,0.053501251495039925
2422,-2.220211253024175,0.04871506210859748
2423,-2.1463379893355876,0.055085947883294406
2424,-2.0724647096412903,0.06145684057446961
2425,-2.170547389495388,0.05861538290459715
2426,-2.268630054703606,0.0557739223943013
2427,-2.2744585228726475,0.054500891522666406
2428,-2.2572304638794027,0.05361985536510288
2429,-2.2099186121036896,0.05515374120102332
2430,-2.1325229776185046,0.0591025418509183
2431,-2.088926933864589,0.0627813193008504
2432,-2.1805704756530013,0.06537970028267812
2433,-2.272214023706381,0.06797808815176865
2434,-2.2651601194302655,0.06490312545003725
2435,-2.247127937419664,0.06119709101818826
2436,-2.194988769620752,0.06513185340416373
2437,-2.120120884842393,0.07415839446621654
2438,-2.1125692391103894,0.07466441282503505
2439,-2.2060331180848403,0.06238444344102903
2440,-2.2885180066994986,0.05150867732300844
2441,-2.272299203262467,0.053256968556548545
2442,-2.256080390084692,0.05500527359383012
2443,-2.1923104276342134,0.06617237672418541
2444,-2.1166562886032176,0.07969344835576322
2445,-2.14172017279996,0.07746143209172825
2446,-2.2339020952152486,0.06473160253828554
2447,-2.2923846136815977,0.055885395547132344
2448,-2.272253433016273,0.05609888820794398
2449,-2.2474344999614835,0.05651176211855004
2450,-2.1804715043722767,0.05871718676480942
2451,-2.1135085073479467,0.0609226185954589
2452,-2.1740811197772723,0.06177877006553385
2453,-2.2665279128173874,0.062297716776466526
2454,-2.293737642331299,0.06394593413410338
2455,-2.277473691177058,0.06634671707419651
2456,-2.2425735843413874,0.0693396072680893
2457,-2.164199263322241,0.07371373271191106
2458,-2.102951196517255,0.07701096340604449
2459,-2.1956723961051687,0.07062665654570605
2460,-2.2883935768724797,0.06424232741358246
2461,-2.288147410854307,0.06082057591264472
2462,-2.2646664732730253,0.05813923688273124
2463,-2.2132465299002373,0.05168711569514272
2464,-2.143208151430175,0.042722178254607605
2465,-2.1238616126244447,0.039189896535379354
2466,-2.2227685308451677,0.04833084136630714
2467,-2.30895090584548,0.05712828278127637
2468,-2.2807365750431448,0.06283746837329976
2469,-2.252522250599736,0.06854664625495745
2470,-2.1845114285849823,0.07183548993511588
2471,-2.1065545272133153,0.07451942672672605
2472,-2.1399882834048336,0.07265549960344576
2473,-2.247652258103439,0.06776085972498583
2474,-2.3027037079610637,0.06394480262746223
2475,-2.2788042184171378,0.06174726588202387
2476,-2.249177738573719,0.06041929704628273
2477,-2.1680642462979356,0.06690901600019801
2478,-2.086950754022152,0.07339873495411338
2479,-2.186535481365344,0.06558491481620074
2480,-2.30621957652304,0.05618010479354672
2481,-2.3161416263507846,0.05660758201759823
2482,-2.279011859685282,0.06124988401400419
2483,-2.2190069744994942,0.06821123003205377
2484,-2.136126993232024,0.07749161960503008
2485,-2.0944107342646996,0.08361711889641629
2486,-2.21739965768449,0.07711924827790166
2487,-2.34038858190295,0.07062135866456448
2488,-2.309242469685848,0.07151658511391801
2489,-2.2780963435630044,0.0724118220778822
2490,-2.1955983285442384,0.07195966013344383
2491,-2.1002662746514438,0.071170743031787
2492,-2.139439169702421,0.06935697051027057
2493,-2.2682455682289144,0.06686025489400306
2494,-2.3308644771366795,0.06566096744947054
2495,-2.29416171454896,0.06640866667036774
2496,-2.2497443381470488,0.06669083349563927
2497,-2.174459024125317,0.06511036784369632
2498,-2.0991737109022552,0.06352988319693113
2499,-2.2340797357208073,0.05976308548111299
2500,-2.368985786413874,0.05599628178728968
2501,-2.3540383673431764,0.06172583268625766
2502,-2.3016390080509246,0.06982876129695494
2503,-2.227194092761264,0.06846747616244413
2504,-2.138058068926214,0.060799322855262364
2505,-2.1143995482554185,0.05542612230262056
2506,-2.1889972019269948,0.05349680254728826
2507,-2.2486789723788436,0.051953244101907686
